zone_id,taxon_id,scientific_name,n_records,n_effective,p
ZONE_001,COL_ANURA_0001,Rheobates palmatus,0,0,0.0016220600162206002
ZONE_001,COL_ANURA_0002,Rhinella alata,0,0,0.0016220600162206002
ZONE_001,COL_ANURA_0003,Rhinella horribilis,30,29,0.025141930251419302
ZONE_001,COL_ANURA_0004,Rhinella margaritifera,0,0,0.0016220600162206002
ZONE_001,COL_ANURA_0005,Sachatamia electrops,0,0,0.0016220600162206002
ZONE_001,COL_ANURA_0006,Craugastor raniformis,5,5,0.0056772100567721003
ZONE_001,COL_ANURA_0007,Pristimantis achatinus,87,49,0.041362530413625302
ZONE_001,COL_ANURA_0008,Pristimantis bogotensis,0,0,0.0016220600162206002
ZONE_001,COL_ANURA_0009,Pristimantis erythropleura,95,60,0.050283860502838604
ZONE_001,COL_ANURA_0010,Pristimantis gaigei,0,0,0.0016220600162206002
ZONE_001,COL_ANURA_0011,Pristimantis paisa,3,3,0.0040551500405515001
ZONE_001,COL_ANURA_0012,Pristimantis palmeri,7,7,0.0072992700729927005
ZONE_001,COL_ANURA_0013,Pristimantis penelopus,4,4,0.0048661800486618006
ZONE_001,COL_ANURA_0014,Pristimantis permixtus,4,4,0.0048661800486618006
ZONE_001,COL_ANURA_0015,Pristimantis taeniatus,1,1,0.0024330900243309003
ZONE_001,COL_ANURA_0016,Pristimantis thectopternus,18,18,0.016220600162206
ZONE_001,COL_ANURA_0018,Dendrobates truncatus,0,0,0.0016220600162206002
ZONE_001,COL_ANURA_0020,Boana boans,1,1,0.0024330900243309003
ZONE_001,COL_ANURA_0023,Boana platanera,0,0,0.0016220600162206002
ZONE_001,COL_ANURA_0024,Boana pugnax,1,1,0.0024330900243309003
ZONE_001,COL_ANURA_0026,Boana rosenbergi,0,0,0.0016220600162206002
ZONE_001,COL_ANURA_0027,Boana xerophylla,0,0,0.0016220600162206002
ZONE_001,COL_ANURA_0028,Dendropsophus bogerti,10,10,0.0097323600973236012
ZONE_001,COL_ANURA_0029,Dendropsophus columbianus,37,35,0.030008110300081103
ZONE_001,COL_ANURA_0030,Dendropsophus ebraccatus,0,0,0.0016220600162206002
ZONE_001,COL_ANURA_0032,Dendropsophus microcephalus,0,0,0.0016220600162206002
ZONE_001,COL_ANURA_0033,Dendropsophus molitor,0,0,0.0016220600162206002
ZONE_001,COL_ANURA_0034,Dendropsophus norandinus,1,1,0.0024330900243309003
ZONE_001,COL_ANURA_0037,Hyloscirtus palmeri,11,11,0.010543390105433901
ZONE_001,COL_ANURA_0038,Scinax ruber,0,0,0.0016220600162206002
ZONE_001,COL_ANURA_0039,Engystomops pustulosus,0,0,0.0016220600162206002
ZONE_001,COL_ANURA_0040,Leptodactylus colombiensis,0,0,0.0016220600162206002
ZONE_001,COL_ANURA_0041,Phyllomedusa tarsius,0,0,0.0016220600162206002
ZONE_001,COL_ANURA_0042,Phyllomedusa venusta,0,0,0.0016220600162206002
ZONE_001,COL_ANURA_0044,Allobates brunneus,0,0,0.0016220600162206002
ZONE_001,COL_ANURA_0045,Allobates niputidea,0,0,0.0016220600162206002
ZONE_001,COL_ANURA_0046,Allobates talamancae,0,0,0.0016220600162206002
ZONE_001,COL_ANURA_0047,Rheobates pseudopalmatus,0,0,0.0016220600162206002
ZONE_001,COL_ANURA_0048,Atelopus carauta,1,1,0.0024330900243309003
ZONE_001,COL_ANURA_0049,Atelopus nicefori,0,0,0.0016220600162206002
ZONE_001,COL_ANURA_0050,Atelopus nocturnus,0,0,0.0016220600162206002
ZONE_001,COL_ANURA_0051,Atelopus sanjosei,0,0,0.0016220600162206002
ZONE_001,COL_ANURA_0052,Atelopus sernai,0,0,0.0016220600162206002
ZONE_001,COL_ANURA_0053,Atelopus sonsonensis,0,0,0.0016220600162206002
ZONE_001,COL_ANURA_0054,Bufo bufo,0,0,0.0016220600162206002
ZONE_001,COL_ANURA_0055,Incilius coniferus,0,0,0.0016220600162206002
ZONE_001,COL_ANURA_0056,Osornophryne percrassa,0,0,0.0016220600162206002
ZONE_001,COL_ANURA_0057,Rhaebo blombergi,0,0,0.0016220600162206002
ZONE_001,COL_ANURA_0058,Rhaebo haematiticus,1,1,0.0024330900243309003
ZONE_001,COL_ANURA_0059,Rhaebo lynchi,1,1,0.0024330900243309003
ZONE_001,COL_ANURA_0060,Rhinella acrolopha,0,0,0.0016220600162206002
ZONE_001,COL_ANURA_0061,Rhinella granulosa,0,0,0.0016220600162206002
ZONE_001,COL_ANURA_0062,Rhinella humboldti,0,0,0.0016220600162206002
ZONE_001,COL_ANURA_0063,Rhinella lindae,1,1,0.0024330900243309003
ZONE_001,COL_ANURA_0064,Rhinella macrorhina,0,0,0.0016220600162206002
ZONE_001,COL_ANURA_0065,Rhinella marina,1,1,0.0024330900243309003
ZONE_001,COL_ANURA_0066,Rhinella nicefori,0,0,0.0016220600162206002
ZONE_001,COL_ANURA_0067,Rhinella paraguas,1,1,0.0024330900243309003
ZONE_001,COL_ANURA_0068,Rhinella rostrata,0,0,0.0016220600162206002
ZONE_001,COL_ANURA_0069,Rhinella ruizi,0,0,0.0016220600162206002
ZONE_001,COL_ANURA_0070,Rhinella sternosignata,0,0,0.0016220600162206002
ZONE_001,COL_ANURA_0071,Rhinella tenrec,5,5,0.0056772100567721003
ZONE_001,COL_ANURA_0072,Centrolene antioquiense,0,0,0.0016220600162206002
ZONE_001,COL_ANURA_0073,Centrolene buckleyi,1,1,0.0024330900243309003
ZONE_001,COL_ANURA_0074,Centrolene geckoideum,0,0,0.0016220600162206002
ZONE_001,COL_ANURA_0075,Centrolene peristictum,0,0,0.0016220600162206002
ZONE_001,COL_ANURA_0076,Centrolene quindianum,0,0,0.0016220600162206002
ZONE_001,COL_ANURA_0077,Centrolene robledoi,0,0,0.0016220600162206002
ZONE_001,COL_ANURA_0078,Centrolene savagei,1,1,0.0024330900243309003
ZONE_001,COL_ANURA_0079,Cochranella euknemos,0,0,0.0016220600162206002
ZONE_001,COL_ANURA_0080,Cochranella megista,1,1,0.0024330900243309003
ZONE_001,COL_ANURA_0081,Cochranella ramirezi,0,0,0.0016220600162206002
ZONE_001,COL_ANURA_0082,Cochranella resplendens,0,0,0.0016220600162206002
ZONE_001,COL_ANURA_0083,Espadarana andina,0,0,0.0016220600162206002
ZONE_001,COL_ANURA_0084,Espadarana prosoblepon,12,12,0.011354420113544201
ZONE_001,COL_ANURA_0085,Hyalinobatrachium aureoguttatum,6,6,0.0064882400648824008
ZONE_001,COL_ANURA_0086,Hyalinobatrachium chirripoi,0,0,0.0016220600162206002
ZONE_001,COL_ANURA_0087,Hyalinobatrachium colymbiphyllum,27,18,0.016220600162206
ZONE_001,COL_ANURA_0088,Hyalinobatrachium fleischmanni,0,0,0.0016220600162206002
ZONE_001,COL_ANURA_0089,Hyalinobatrachium tatayoi,0,0,0.0016220600162206002
ZONE_001,COL_ANURA_0090,Hyalinobatrachium valerioi,0,0,0.0016220600162206002
ZONE_001,COL_ANURA_0091,Nymphargus chami,0,0,0.0016220600162206002
ZONE_001,COL_ANURA_0092,Nymphargus grandisonae,6,6,0.0064882400648824008
ZONE_001,COL_ANURA_0093,Nymphargus griffithsi,21,18,0.016220600162206
ZONE_001,COL_ANURA_0094,Nymphargus ignotus,1,1,0.0024330900243309003
ZONE_001,COL_ANURA_0095,Nymphargus luminosus,0,0,0.0016220600162206002
ZONE_001,COL_ANURA_0096,Nymphargus pijao,7,7,0.0072992700729927005
ZONE_001,COL_ANURA_0097,Nymphargus prasinus,3,3,0.0040551500405515001
ZONE_001,COL_ANURA_0098,Nymphargus rosada,0,0,0.0016220600162206002
ZONE_001,COL_ANURA_0099,Nymphargus spilotus,0,0,0.0016220600162206002
ZONE_001,COL_ANURA_0100,Rulyrana susatamai,0,0,0.0016220600162206002
ZONE_001,COL_ANURA_0101,Sachatamia ilex,0,0,0.0016220600162206002
ZONE_001,COL_ANURA_0102,Sachatamia punctulata,0,0,0.0016220600162206002
ZONE_001,COL_ANURA_0103,Teratohyla pulverata,0,0,0.0016220600162206002
ZONE_001,COL_ANURA_0104,Teratohyla spinosa,0,0,0.0016220600162206002
ZONE_001,COL_ANURA_0105,Atopophrynus syntomopus,0,0,0.0016220600162206002
ZONE_001,COL_ANURA_0106,Craugastor fitzingeri,0,0,0.0016220600162206002
ZONE_001,COL_ANURA_0107,Craugastor gollmeri,6,6,0.0064882400648824008
ZONE_001,COL_ANURA_0108,Craugastor longirostris,0,0,0.0016220600162206002
ZONE_001,COL_ANURA_0109,Craugastor metriosistus,0,0,0.0016220600162206002
ZONE_001,COL_ANURA_0110,Craugastor opimus,0,0,0.0016220600162206002
ZONE_001,COL_ANURA_0111,Niceforonia adenobrachia,0,0,0.0016220600162206002
ZONE_001,COL_ANURA_0112,Niceforonia babax,0,0,0.0016220600162206002
ZONE_001,COL_ANURA_0113,Niceforonia latens,0,0,0.0016220600162206002
ZONE_001,COL_ANURA_0114,Niceforonia mantipus,0,0,0.0016220600162206002
ZONE_001,COL_ANURA_0115,Pristimantis acatallelus,10,10,0.0097323600973236012
ZONE_001,COL_ANURA_0116,Pristimantis actinolaimus,0,0,0.0016220600162206002
ZONE_001,COL_ANURA_0117,Pristimantis aemulatus,7,7,0.0072992700729927005
ZONE_001,COL_ANURA_0118,Pristimantis aurantiguttatus,0,0,0.0016220600162206002
ZONE_001,COL_ANURA_0119,Pristimantis baiotis,1,1,0.0024330900243309003
ZONE_001,COL_ANURA_0120,Pristimantis bellona,6,6,0.0064882400648824008
ZONE_001,COL_ANURA_0121,Pristimantis bernali,0,0,0.0016220600162206002
ZONE_001,COL_ANURA_0122,Pristimantis bicolor,0,0,0.0016220600162206002
ZONE_001,COL_ANURA_0123,Pristimantis boulengeri,2,2,0.0032441200324412004
ZONE_001,COL_ANURA_0124,Pristimantis brevifrons,6,6,0.0064882400648824008
ZONE_001,COL_ANURA_0125,Pristimantis cabrerai,0,0,0.0016220600162206002
ZONE_001,COL_ANURA_0126,Pristimantis calcaratus,2,2,0.0032441200324412004
ZONE_001,COL_ANURA_0127,Pristimantis caprifer,0,0,0.0016220600162206002
ZONE_001,COL_ANURA_0128,Pristimantis carylae,1,1,0.0024330900243309003
ZONE_001,COL_ANURA_0129,Pristimantis caryophyllaceus,0,0,0.0016220600162206002
ZONE_001,COL_ANURA_0130,Pristimantis chalceus,0,0,0.0016220600162206002
ZONE_001,COL_ANURA_0131,Pristimantis chocolatebari,0,0,0.0016220600162206002
ZONE_001,COL_ANURA_0132,Pristimantis conspicillatus,0,0,0.0016220600162206002
ZONE_001,COL_ANURA_0133,Pristimantis cruentus,0,0,0.0016220600162206002
ZONE_001,COL_ANURA_0134,Pristimantis deinops,4,4,0.0048661800486618006
ZONE_001,COL_ANURA_0135,Pristimantis devillei,0,0,0.0016220600162206002
ZONE_001,COL_ANURA_0136,Pristimantis dorsopictus,0,0,0.0016220600162206002
ZONE_001,COL_ANURA_0137,Pristimantis factiosus,0,0,0.0016220600162206002
ZONE_001,COL_ANURA_0138,Pristimantis fallax,0,0,0.0016220600162206002
ZONE_001,COL_ANURA_0139,Pristimantis ferwerdai,8,8,0.0081103000811030002
ZONE_001,COL_ANURA_0140,Pristimantis frater,0,0,0.0016220600162206002
ZONE_001,COL_ANURA_0141,Pristimantis gracilis,2,2,0.0032441200324412004
ZONE_001,COL_ANURA_0142,Pristimantis helvolus,0,0,0.0016220600162206002
ZONE_001,COL_ANURA_0143,Pristimantis jaguensis,0,0,0.0016220600162206002
ZONE_001,COL_ANURA_0144,Pristimantis johannesdei,6,6,0.0064882400648824008
ZONE_001,COL_ANURA_0145,Pristimantis juanchoi,3,3,0.0040551500405515001
ZONE_001,COL_ANURA_0146,Pristimantis kelephus,3,3,0.0040551500405515001
ZONE_001,COL_ANURA_0147,Pristimantis lasalleorum,1,1,0.0024330900243309003
ZONE_001,COL_ANURA_0148,Pristimantis latidiscus,0,0,0.0016220600162206002
ZONE_001,COL_ANURA_0149,Pristimantis lemur,0,0,0.0016220600162206002
ZONE_001,COL_ANURA_0150,Pristimantis leopardus,0,0,0.0016220600162206002
ZONE_001,COL_ANURA_0151,Pristimantis maculosus,0,0,0.0016220600162206002
ZONE_001,COL_ANURA_0152,Pristimantis myops,1,1,0.0024330900243309003
ZONE_001,COL_ANURA_0153,Pristimantis orpacobates,8,8,0.0081103000811030002
ZONE_001,COL_ANURA_0154,Pristimantis parectatus,0,0,0.0016220600162206002
ZONE_001,COL_ANURA_0155,Pristimantis phragmipleuron,0,0,0.0016220600162206002
ZONE_001,COL_ANURA_0156,Pristimantis piceus,0,0,0.0016220600162206002
ZONE_001,COL_ANURA_0157,Pristimantis platychilus,0,0,0.0016220600162206002
ZONE_001,COL_ANURA_0158,Pristimantis polychrus,1,1,0.0024330900243309003
ZONE_001,COL_ANURA_0159,Pristimantis postducheminorum,2,2,0.0032441200324412004
ZONE_001,COL_ANURA_0160,Pristimantis quantus,9,9,0.0089213300892133016
ZONE_001,COL_ANURA_0161,Pristimantis restrepoi,0,0,0.0016220600162206002
ZONE_001,COL_ANURA_0162,Pristimantis ridens,0,0,0.0016220600162206002
ZONE_001,COL_ANURA_0163,Pristimantis ruedai,3,3,0.0040551500405515001
ZONE_001,COL_ANURA_0164,Pristimantis sanguineus,0,0,0.0016220600162206002
ZONE_001,COL_ANURA_0165,Pristimantis satagius,1,1,0.0024330900243309003
ZONE_001,COL_ANURA_0166,Pristimantis savagei,0,0,0.0016220600162206002
ZONE_001,COL_ANURA_0167,Pristimantis scoloblepharus,0,0,0.0016220600162206002
ZONE_001,COL_ANURA_0168,Pristimantis signifer,0,0,0.0016220600162206002
ZONE_001,COL_ANURA_0169,Pristimantis suetus,1,1,0.0024330900243309003
ZONE_001,COL_ANURA_0170,Pristimantis supernatis,0,0,0.0016220600162206002
ZONE_001,COL_ANURA_0171,Pristimantis tribulosus,0,0,0.0016220600162206002
ZONE_001,COL_ANURA_0172,Pristimantis unistrigatus,0,0,0.0016220600162206002
ZONE_001,COL_ANURA_0173,Pristimantis uranobates,0,0,0.0016220600162206002
ZONE_001,COL_ANURA_0174,Pristimantis veletis,0,0,0.0016220600162206002
ZONE_001,COL_ANURA_0175,Pristimantis vertebralis,0,0,0.0016220600162206002
ZONE_001,COL_ANURA_0176,Pristimantis viejas,0,0,0.0016220600162206002
ZONE_001,COL_ANURA_0177,Pristimantis viridis,0,0,0.0016220600162206002
ZONE_001,COL_ANURA_0178,Pristimantis w-nigrum,51,22,0.019464720194647202
ZONE_001,COL_ANURA_0179,Pristimantis zophus,37,35,0.030008110300081103
ZONE_001,COL_ANURA_0180,Pristimantis zorro,0,0,0.0016220600162206002
ZONE_001,COL_ANURA_0181,Strabomantis biporcatus,0,0,0.0016220600162206002
ZONE_001,COL_ANURA_0182,Strabomantis bufoniformis,0,0,0.0016220600162206002
ZONE_001,COL_ANURA_0183,Strabomantis cerastes,0,0,0.0016220600162206002
ZONE_001,COL_ANURA_0184,Strabomantis cheiroplethus,0,0,0.0016220600162206002
ZONE_001,COL_ANURA_0185,Strabomantis necopinus,0,0,0.0016220600162206002
ZONE_001,COL_ANURA_0186,Strabomantis ruizi,0,0,0.0016220600162206002
ZONE_001,COL_ANURA_0187,Strabomantis zygodactylus,7,7,0.0072992700729927005
ZONE_001,COL_ANURA_0188,Andinobates bombetes,0,0,0.0016220600162206002
ZONE_001,COL_ANURA_0189,Andinobates cassidyhornae,7,7,0.0072992700729927005
ZONE_001,COL_ANURA_0190,Andinobates daleswansoni,0,0,0.0016220600162206002
ZONE_001,COL_ANURA_0191,Andinobates fulguritus,0,0,0.0016220600162206002
ZONE_001,COL_ANURA_0192,Andinobates opisthomelas,10,10,0.0097323600973236012
ZONE_001,COL_ANURA_0193,Andinobates victimatus,0,0,0.0016220600162206002
ZONE_001,COL_ANURA_0194,Colostethus dysprosium,4,4,0.0048661800486618006
ZONE_001,COL_ANURA_0195,Colostethus imbricolus,0,0,0.0016220600162206002
ZONE_001,COL_ANURA_0196,Colostethus inguinalis,0,0,0.0016220600162206002
ZONE_001,COL_ANURA_0197,Colostethus latinasus,0,0,0.0016220600162206002
ZONE_001,COL_ANURA_0198,Colostethus pratti,0,0,0.0016220600162206002
ZONE_001,COL_ANURA_0199,Colostethus thorntoni,0,0,0.0016220600162206002
ZONE_001,COL_ANURA_0200,Colostethus yaguara,0,0,0.0016220600162206002
ZONE_001,COL_ANURA_0201,Dendrobates auratus,0,0,0.0016220600162206002
ZONE_001,COL_ANURA_0202,Dendrobates tinctorius,0,0,0.0016220600162206002
ZONE_001,COL_ANURA_0203,Ectopoglossus atopoglossus,0,0,0.0016220600162206002
ZONE_001,COL_ANURA_0204,Ectopoglossus saxatilis,0,0,0.0016220600162206002
ZONE_001,COL_ANURA_0205,Hyloxalus abditaurantius,4,4,0.0048661800486618006
ZONE_001,COL_ANURA_0206,Hyloxalus bocagei,0,0,0.0016220600162206002
ZONE_001,COL_ANURA_0207,Hyloxalus chocoensis,0,0,0.0016220600162206002
ZONE_001,COL_ANURA_0208,Hyloxalus delatorreae,0,0,0.0016220600162206002
ZONE_001,COL_ANURA_0209,Hyloxalus excisus,0,0,0.0016220600162206002
ZONE_001,COL_ANURA_0210,Hyloxalus lehmanni,0,0,0.0016220600162206002
ZONE_001,COL_ANURA_0211,Hyloxalus ramosi,0,0,0.0016220600162206002
ZONE_001,COL_ANURA_0212,Hyloxalus subpunctatus,0,0,0.0016220600162206002
ZONE_001,COL_ANURA_0213,Hyloxalus vergeli,0,0,0.0016220600162206002
ZONE_001,COL_ANURA_0214,Leucostethus brachistriatus,0,0,0.0016220600162206002
ZONE_001,COL_ANURA_0215,Leucostethus fraterdanieli,21,21,0.018653690186536901
ZONE_001,COL_ANURA_0216,Leucostethus jota,0,0,0.0016220600162206002
ZONE_001,COL_ANURA_0217,Leucostethus ramirezi,1,1,0.0024330900243309003
ZONE_001,COL_ANURA_0218,Oophaga andresi,0,0,0.0016220600162206002
ZONE_001,COL_ANURA_0219,Oophaga histrionica,0,0,0.0016220600162206002
ZONE_001,COL_ANURA_0220,Oophaga solanensis,0,0,0.0016220600162206002
ZONE_001,COL_ANURA_0221,Phyllobates aurotaenia,0,0,0.0016220600162206002
ZONE_001,COL_ANURA_0222,Phyllobates terribilis,0,0,0.0016220600162206002
ZONE_001,COL_ANURA_0223,Silverstoneia erasmios,13,13,0.012165450121654502
ZONE_001,COL_ANURA_0224,Silverstoneia minutissima,0,0,0.0016220600162206002
ZONE_001,COL_ANURA_0225,Silverstoneia nubicola,0,0,0.0016220600162206002
ZONE_001,COL_ANURA_0226,Hoplobatrachus tigerinus,0,0,0.0016220600162206002
ZONE_001,COL_ANURA_0227,Diasporus anthrax,0,0,0.0016220600162206002
ZONE_001,COL_ANURA_0228,Diasporus diastema,1,1,0.0024330900243309003
ZONE_001,COL_ANURA_0229,Diasporus gularis,1,1,0.0024330900243309003
ZONE_001,COL_ANURA_0230,Diasporus quidditus,0,0,0.0016220600162206002
ZONE_001,COL_ANURA_0231,Diasporus tinker,0,0,0.0016220600162206002
ZONE_001,COL_ANURA_0232,Eleutherodactylus emiliae,2,2,0.0032441200324412004
ZONE_001,COL_ANURA_0233,Eleutherodactylus johnstonei,0,0,0.0016220600162206002
ZONE_001,COL_ANURA_0234,Cryptobatrachus fuhrmanni,0,0,0.0016220600162206002
ZONE_001,COL_ANURA_0235,Gastrotheca antomia,2,2,0.0032441200324412004
ZONE_001,COL_ANURA_0236,Gastrotheca argenteovirens,0,0,0.0016220600162206002
ZONE_001,COL_ANURA_0237,Gastrotheca bufona,0,0,0.0016220600162206002
ZONE_001,COL_ANURA_0238,Gastrotheca dendronastes,12,12,0.011354420113544201
ZONE_001,COL_ANURA_0239,Gastrotheca dunni,0,0,0.0016220600162206002
ZONE_001,COL_ANURA_0240,Gastrotheca guentheri,0,0,0.0016220600162206002
ZONE_001,COL_ANURA_0241,Gastrotheca nicefori,6,6,0.0064882400648824008
ZONE_001,COL_ANURA_0242,Hemiphractus fasciatus,0,0,0.0016220600162206002
ZONE_001,COL_ANURA_0243,Acris crepitans,0,0,0.0016220600162206002
ZONE_001,COL_ANURA_0244,Boana albomarginata,0,0,0.0016220600162206002
ZONE_001,COL_ANURA_0245,Boana crepitans,0,0,0.0016220600162206002
ZONE_001,COL_ANURA_0246,Boana pellucens,0,0,0.0016220600162206002
ZONE_001,COL_ANURA_0247,Boana picturata,0,0,0.0016220600162206002
ZONE_001,COL_ANURA_0248,Boana rubracyla,24,18,0.016220600162206
ZONE_001,COL_ANURA_0249,Boana rufitela,5,5,0.0056772100567721003
ZONE_001,COL_ANURA_0250,Dendropsophus carnifex,4,4,0.0048661800486618006
ZONE_001,COL_ANURA_0251,Dendropsophus phlebodes,0,0,0.0016220600162206002
ZONE_001,COL_ANURA_0252,Dendropsophus subocularis,0,0,0.0016220600162206002
ZONE_001,COL_ANURA_0253,Ecnomiohyla phantasmagoria,0,0,0.0016220600162206002
ZONE_001,COL_ANURA_0254,Hyloscirtus antioquia,0,0,0.0016220600162206002
ZONE_001,COL_ANURA_0255,Hyloscirtus bogotensis,0,0,0.0016220600162206002
ZONE_001,COL_ANURA_0256,Hyloscirtus colymba,36,18,0.016220600162206
ZONE_001,COL_ANURA_0257,Hyloscirtus larinopygion,6,6,0.0064882400648824008
ZONE_001,COL_ANURA_0258,Pseudis paradoxa,0,0,0.0016220600162206002
ZONE_001,COL_ANURA_0259,Scarthyla vigilans,0,0,0.0016220600162206002
ZONE_001,COL_ANURA_0260,Scinax boulengeri,0,0,0.0016220600162206002
ZONE_001,COL_ANURA_0261,Scinax caprarius,0,0,0.0016220600162206002
ZONE_001,COL_ANURA_0262,Scinax elaeochroa,0,0,0.0016220600162206002
ZONE_001,COL_ANURA_0263,Scinax rostratus,0,0,0.0016220600162206002
ZONE_001,COL_ANURA_0264,Scinax sugillatus,0,0,0.0016220600162206002
ZONE_001,COL_ANURA_0265,Scinax x-signatus,0,0,0.0016220600162206002
ZONE_001,COL_ANURA_0266,Smilisca phaeota,13,13,0.012165450121654502
ZONE_001,COL_ANURA_0267,Smilisca sila,0,0,0.0016220600162206002
ZONE_001,COL_ANURA_0268,Smilisca sordida,0,0,0.0016220600162206002
ZONE_001,COL_ANURA_0269,Trachycephalus macrotis,0,0,0.0016220600162206002
ZONE_001,COL_ANURA_0270,Trachycephalus typhonius,0,0,0.0016220600162206002
ZONE_001,COL_ANURA_0271,Trachycephalus venulosus,0,0,0.0016220600162206002
ZONE_001,COL_ANURA_0272,Leptodactylus bolivianus,0,0,0.0016220600162206002
ZONE_001,COL_ANURA_0273,Leptodactylus fragilis,1,1,0.0024330900243309003
ZONE_001,COL_ANURA_0274,Leptodactylus fuscus,0,0,0.0016220600162206002
ZONE_001,COL_ANURA_0275,Leptodactylus insularum,0,0,0.0016220600162206002
ZONE_001,COL_ANURA_0276,Leptodactylus melanonotus,1,1,0.0024330900243309003
ZONE_001,COL_ANURA_0277,Leptodactylus mystacinus,0,0,0.0016220600162206002
ZONE_001,COL_ANURA_0278,Leptodactylus pentadactylus,1,1,0.0024330900243309003
ZONE_001,COL_ANURA_0279,Leptodactylus poecilochilus,0,0,0.0016220600162206002
ZONE_001,COL_ANURA_0280,Leptodactylus rhodomerus,0,0,0.0016220600162206002
ZONE_001,COL_ANURA_0281,Leptodactylus savagei,0,0,0.0016220600162206002
ZONE_001,COL_ANURA_0282,Leptodactylus ventrimaculatus,0,0,0.0016220600162206002
ZONE_001,COL_ANURA_0283,Physalaemus fischeri,1,1,0.0024330900243309003
ZONE_001,COL_ANURA_0284,Pleurodema brachyops,0,0,0.0016220600162206002
ZONE_001,COL_ANURA_0285,Pseudopaludicola pusilla,0,0,0.0016220600162206002
ZONE_001,COL_ANURA_0286,Ctenophryne aterrima,1,1,0.0024330900243309003
ZONE_001,COL_ANURA_0287,Elachistocleis panamensis,0,0,0.0016220600162206002
ZONE_001,COL_ANURA_0288,Elachistocleis pearsei,0,0,0.0016220600162206002
ZONE_001,COL_ANURA_0289,Agalychnis buckleyi,0,0,0.0016220600162206002
ZONE_001,COL_ANURA_0290,Agalychnis danieli,0,0,0.0016220600162206002
ZONE_001,COL_ANURA_0291,Agalychnis spurrelli,0,0,0.0016220600162206002
ZONE_001,COL_ANURA_0292,Agalychnis terranova,0,0,0.0016220600162206002
ZONE_001,COL_ANURA_0293,Callimedusa perinesos,0,0,0.0016220600162206002
ZONE_001,COL_ANURA_0294,Phyllomedusa bicolor,0,0,0.0016220600162206002
ZONE_001,COL_ANURA_0295,Pipa myersi,0,0,0.0016220600162206002
ZONE_001,COL_ANURA_0296,Lithobates catesbeianus,0,0,0.0016220600162206002
ZONE_001,COL_ANURA_0297,Lithobates palmipes,0,0,0.0016220600162206002
ZONE_001,COL_ANURA_0298,Lithobates vaillanti,16,16,0.014598540145985401
ZONE_001,COL_ANURA_0299,Pristimantis campesino,0,0,0.0016220600162206002
ZONE_001,COL_ANURA_0300,Pristimantis cryptopictus,0,0,0.0016220600162206002
ZONE_002,COL_ANURA_0001,Rheobates palmatus,0,0,0.0015105740181268882
ZONE_002,COL_ANURA_0002,Rhinella alata,13,13,0.011329305135951661
ZONE_002,COL_ANURA_0003,Rhinella horribilis,27,27,0.021903323262839881
ZONE_002,COL_ANURA_0004,Rhinella margaritifera,9,9,0.0083081570996978854
ZONE_002,COL_ANURA_0005,Sachatamia electrops,0,0,0.0015105740181268882
ZONE_002,COL_ANURA_0006,Craugastor raniformis,14,14,0.012084592145015106
ZONE_002,COL_ANURA_0007,Pristimantis achatinus,8,8,0.0075528700906344415
ZONE_002,COL_ANURA_0008,Pristimantis bogotensis,0,0,0.0015105740181268882
ZONE_002,COL_ANURA_0009,Pristimantis erythropleura,13,13,0.011329305135951661
ZONE_002,COL_ANURA_0010,Pristimantis gaigei,4,4,0.0045317220543806651
ZONE_002,COL_ANURA_0011,Pristimantis paisa,0,0,0.0015105740181268882
ZONE_002,COL_ANURA_0012,Pristimantis palmeri,0,0,0.0015105740181268882
ZONE_002,COL_ANURA_0013,Pristimantis penelopus,5,5,0.005287009063444109
ZONE_002,COL_ANURA_0014,Pristimantis permixtus,0,0,0.0015105740181268882
ZONE_002,COL_ANURA_0015,Pristimantis taeniatus,6,6,0.0060422960725075529
ZONE_002,COL_ANURA_0016,Pristimantis thectopternus,0,0,0.0015105740181268882
ZONE_002,COL_ANURA_0018,Dendrobates truncatus,8,8,0.0075528700906344415
ZONE_002,COL_ANURA_0020,Boana boans,7,7,0.0067975830815709968
ZONE_002,COL_ANURA_0023,Boana platanera,0,0,0.0015105740181268882
ZONE_002,COL_ANURA_0024,Boana pugnax,0,0,0.0015105740181268882
ZONE_002,COL_ANURA_0026,Boana rosenbergi,2,2,0.0030211480362537764
ZONE_002,COL_ANURA_0027,Boana xerophylla,0,0,0.0015105740181268882
ZONE_002,COL_ANURA_0028,Dendropsophus bogerti,0,0,0.0015105740181268882
ZONE_002,COL_ANURA_0029,Dendropsophus columbianus,0,0,0.0015105740181268882
ZONE_002,COL_ANURA_0030,Dendropsophus ebraccatus,0,0,0.0015105740181268882
ZONE_002,COL_ANURA_0032,Dendropsophus microcephalus,0,0,0.0015105740181268882
ZONE_002,COL_ANURA_0033,Dendropsophus molitor,0,0,0.0015105740181268882
ZONE_002,COL_ANURA_0034,Dendropsophus norandinus,0,0,0.0015105740181268882
ZONE_002,COL_ANURA_0037,Hyloscirtus palmeri,3,3,0.0037764350453172208
ZONE_002,COL_ANURA_0038,Scinax ruber,0,0,0.0015105740181268882
ZONE_002,COL_ANURA_0039,Engystomops pustulosus,6,6,0.0060422960725075529
ZONE_002,COL_ANURA_0040,Leptodactylus colombiensis,2,2,0.0030211480362537764
ZONE_002,COL_ANURA_0041,Phyllomedusa tarsius,0,0,0.0015105740181268882
ZONE_002,COL_ANURA_0042,Phyllomedusa venusta,0,0,0.0015105740181268882
ZONE_002,COL_ANURA_0044,Allobates brunneus,0,0,0.0015105740181268882
ZONE_002,COL_ANURA_0045,Allobates niputidea,0,0,0.0015105740181268882
ZONE_002,COL_ANURA_0046,Allobates talamancae,4,4,0.0045317220543806651
ZONE_002,COL_ANURA_0047,Rheobates pseudopalmatus,0,0,0.0015105740181268882
ZONE_002,COL_ANURA_0048,Atelopus carauta,8,8,0.0075528700906344415
ZONE_002,COL_ANURA_0049,Atelopus nicefori,0,0,0.0015105740181268882
ZONE_002,COL_ANURA_0050,Atelopus nocturnus,0,0,0.0015105740181268882
ZONE_002,COL_ANURA_0051,Atelopus sanjosei,0,0,0.0015105740181268882
ZONE_002,COL_ANURA_0052,Atelopus sernai,0,0,0.0015105740181268882
ZONE_002,COL_ANURA_0053,Atelopus sonsonensis,0,0,0.0015105740181268882
ZONE_002,COL_ANURA_0054,Bufo bufo,0,0,0.0015105740181268882
ZONE_002,COL_ANURA_0055,Incilius coniferus,14,14,0.012084592145015106
ZONE_002,COL_ANURA_0056,Osornophryne percrassa,0,0,0.0015105740181268882
ZONE_002,COL_ANURA_0057,Rhaebo blombergi,0,0,0.0015105740181268882
ZONE_002,COL_ANURA_0058,Rhaebo haematiticus,25,25,0.020392749244712991
ZONE_002,COL_ANURA_0059,Rhaebo lynchi,0,0,0.0015105740181268882
ZONE_002,COL_ANURA_0060,Rhinella acrolopha,0,0,0.0015105740181268882
ZONE_002,COL_ANURA_0061,Rhinella granulosa,0,0,0.0015105740181268882
ZONE_002,COL_ANURA_0062,Rhinella humboldti,0,0,0.0015105740181268882
ZONE_002,COL_ANURA_0063,Rhinella lindae,0,0,0.0015105740181268882
ZONE_002,COL_ANURA_0064,Rhinella macrorhina,0,0,0.0015105740181268882
ZONE_002,COL_ANURA_0065,Rhinella marina,7,7,0.0067975830815709968
ZONE_002,COL_ANURA_0066,Rhinella nicefori,0,0,0.0015105740181268882
ZONE_002,COL_ANURA_0067,Rhinella paraguas,0,0,0.0015105740181268882
ZONE_002,COL_ANURA_0068,Rhinella rostrata,0,0,0.0015105740181268882
ZONE_002,COL_ANURA_0069,Rhinella ruizi,0,0,0.0015105740181268882
ZONE_002,COL_ANURA_0070,Rhinella sternosignata,0,0,0.0015105740181268882
ZONE_002,COL_ANURA_0071,Rhinella tenrec,10,10,0.0090634441087613302
ZONE_002,COL_ANURA_0072,Centrolene antioquiense,0,0,0.0015105740181268882
ZONE_002,COL_ANURA_0073,Centrolene buckleyi,0,0,0.0015105740181268882
ZONE_002,COL_ANURA_0074,Centrolene geckoideum,2,2,0.0030211480362537764
ZONE_002,COL_ANURA_0075,Centrolene peristictum,0,0,0.0015105740181268882
ZONE_002,COL_ANURA_0076,Centrolene quindianum,0,0,0.0015105740181268882
ZONE_002,COL_ANURA_0077,Centrolene robledoi,0,0,0.0015105740181268882
ZONE_002,COL_ANURA_0078,Centrolene savagei,0,0,0.0015105740181268882
ZONE_002,COL_ANURA_0079,Cochranella euknemos,1,1,0.0022658610271903325
ZONE_002,COL_ANURA_0080,Cochranella megista,0,0,0.0015105740181268882
ZONE_002,COL_ANURA_0081,Cochranella ramirezi,0,0,0.0015105740181268882
ZONE_002,COL_ANURA_0082,Cochranella resplendens,0,0,0.0015105740181268882
ZONE_002,COL_ANURA_0083,Espadarana andina,0,0,0.0015105740181268882
ZONE_002,COL_ANURA_0084,Espadarana prosoblepon,11,11,0.0098187311178247732
ZONE_002,COL_ANURA_0085,Hyalinobatrachium aureoguttatum,12,12,0.010574018126888218
ZONE_002,COL_ANURA_0086,Hyalinobatrachium chirripoi,0,0,0.0015105740181268882
ZONE_002,COL_ANURA_0087,Hyalinobatrachium colymbiphyllum,11,11,0.0098187311178247732
ZONE_002,COL_ANURA_0088,Hyalinobatrachium fleischmanni,0,0,0.0015105740181268882
ZONE_002,COL_ANURA_0089,Hyalinobatrachium tatayoi,1,1,0.0022658610271903325
ZONE_002,COL_ANURA_0090,Hyalinobatrachium valerioi,0,0,0.0015105740181268882
ZONE_002,COL_ANURA_0091,Nymphargus chami,0,0,0.0015105740181268882
ZONE_002,COL_ANURA_0092,Nymphargus grandisonae,25,18,0.015105740181268883
ZONE_002,COL_ANURA_0093,Nymphargus griffithsi,2,2,0.0030211480362537764
ZONE_002,COL_ANURA_0094,Nymphargus ignotus,2,2,0.0030211480362537764
ZONE_002,COL_ANURA_0095,Nymphargus luminosus,5,5,0.005287009063444109
ZONE_002,COL_ANURA_0096,Nymphargus pijao,2,2,0.0030211480362537764
ZONE_002,COL_ANURA_0097,Nymphargus prasinus,0,0,0.0015105740181268882
ZONE_002,COL_ANURA_0098,Nymphargus rosada,0,0,0.0015105740181268882
ZONE_002,COL_ANURA_0099,Nymphargus spilotus,0,0,0.0015105740181268882
ZONE_002,COL_ANURA_0100,Rulyrana susatamai,0,0,0.0015105740181268882
ZONE_002,COL_ANURA_0101,Sachatamia ilex,14,14,0.012084592145015106
ZONE_002,COL_ANURA_0102,Sachatamia punctulata,0,0,0.0015105740181268882
ZONE_002,COL_ANURA_0103,Teratohyla pulverata,0,0,0.0015105740181268882
ZONE_002,COL_ANURA_0104,Teratohyla spinosa,0,0,0.0015105740181268882
ZONE_002,COL_ANURA_0105,Atopophrynus syntomopus,0,0,0.0015105740181268882
ZONE_002,COL_ANURA_0106,Craugastor fitzingeri,21,21,0.017371601208459216
ZONE_002,COL_ANURA_0107,Craugastor gollmeri,0,0,0.0015105740181268882
ZONE_002,COL_ANURA_0108,Craugastor longirostris,7,7,0.0067975830815709968
ZONE_002,COL_ANURA_0109,Craugastor metriosistus,0,0,0.0015105740181268882
ZONE_002,COL_ANURA_0110,Craugastor opimus,0,0,0.0015105740181268882
ZONE_002,COL_ANURA_0111,Niceforonia adenobrachia,0,0,0.0015105740181268882
ZONE_002,COL_ANURA_0112,Niceforonia babax,0,0,0.0015105740181268882
ZONE_002,COL_ANURA_0113,Niceforonia latens,0,0,0.0015105740181268882
ZONE_002,COL_ANURA_0114,Niceforonia mantipus,0,0,0.0015105740181268882
ZONE_002,COL_ANURA_0115,Pristimantis acatallelus,0,0,0.0015105740181268882
ZONE_002,COL_ANURA_0116,Pristimantis actinolaimus,0,0,0.0015105740181268882
ZONE_002,COL_ANURA_0117,Pristimantis aemulatus,0,0,0.0015105740181268882
ZONE_002,COL_ANURA_0118,Pristimantis aurantiguttatus,3,3,0.0037764350453172208
ZONE_002,COL_ANURA_0119,Pristimantis baiotis,0,0,0.0015105740181268882
ZONE_002,COL_ANURA_0120,Pristimantis bellona,26,18,0.015105740181268883
ZONE_002,COL_ANURA_0121,Pristimantis bernali,0,0,0.0015105740181268882
ZONE_002,COL_ANURA_0122,Pristimantis bicolor,0,0,0.0015105740181268882
ZONE_002,COL_ANURA_0123,Pristimantis boulengeri,0,0,0.0015105740181268882
ZONE_002,COL_ANURA_0124,Pristimantis brevifrons,1,1,0.0022658610271903325
ZONE_002,COL_ANURA_0125,Pristimantis cabrerai,2,2,0.0030211480362537764
ZONE_002,COL_ANURA_0126,Pristimantis calcaratus,0,0,0.0015105740181268882
ZONE_002,COL_ANURA_0127,Pristimantis caprifer,1,1,0.0022658610271903325
ZONE_002,COL_ANURA_0128,Pristimantis carylae,0,0,0.0015105740181268882
ZONE_002,COL_ANURA_0129,Pristimantis caryophyllaceus,5,5,0.005287009063444109
ZONE_002,COL_ANURA_0130,Pristimantis chalceus,4,4,0.0045317220543806651
ZONE_002,COL_ANURA_0131,Pristimantis chocolatebari,0,0,0.0015105740181268882
ZONE_002,COL_ANURA_0132,Pristimantis conspicillatus,0,0,0.0015105740181268882
ZONE_002,COL_ANURA_0133,Pristimantis cruentus,5,5,0.005287009063444109
ZONE_002,COL_ANURA_0134,Pristimantis deinops,0,0,0.0015105740181268882
ZONE_002,COL_ANURA_0135,Pristimantis devillei,0,0,0.0015105740181268882
ZONE_002,COL_ANURA_0136,Pristimantis dorsopictus,0,0,0.0015105740181268882
ZONE_002,COL_ANURA_0137,Pristimantis factiosus,0,0,0.0015105740181268882
ZONE_002,COL_ANURA_0138,Pristimantis fallax,0,0,0.0015105740181268882
ZONE_002,COL_ANURA_0139,Pristimantis ferwerdai,0,0,0.0015105740181268882
ZONE_002,COL_ANURA_0140,Pristimantis frater,0,0,0.0015105740181268882
ZONE_002,COL_ANURA_0141,Pristimantis gracilis,0,0,0.0015105740181268882
ZONE_002,COL_ANURA_0142,Pristimantis helvolus,0,0,0.0015105740181268882
ZONE_002,COL_ANURA_0143,Pristimantis jaguensis,1,1,0.0022658610271903325
ZONE_002,COL_ANURA_0144,Pristimantis johannesdei,0,0,0.0015105740181268882
ZONE_002,COL_ANURA_0145,Pristimantis juanchoi,0,0,0.0015105740181268882
ZONE_002,COL_ANURA_0146,Pristimantis kelephus,0,0,0.0015105740181268882
ZONE_002,COL_ANURA_0147,Pristimantis lasalleorum,0,0,0.0015105740181268882
ZONE_002,COL_ANURA_0148,Pristimantis latidiscus,1,1,0.0022658610271903325
ZONE_002,COL_ANURA_0149,Pristimantis lemur,0,0,0.0015105740181268882
ZONE_002,COL_ANURA_0150,Pristimantis leopardus,0,0,0.0015105740181268882
ZONE_002,COL_ANURA_0151,Pristimantis maculosus,0,0,0.0015105740181268882
ZONE_002,COL_ANURA_0152,Pristimantis myops,0,0,0.0015105740181268882
ZONE_002,COL_ANURA_0153,Pristimantis orpacobates,18,18,0.015105740181268883
ZONE_002,COL_ANURA_0154,Pristimantis parectatus,0,0,0.0015105740181268882
ZONE_002,COL_ANURA_0155,Pristimantis phragmipleuron,0,0,0.0015105740181268882
ZONE_002,COL_ANURA_0156,Pristimantis piceus,0,0,0.0015105740181268882
ZONE_002,COL_ANURA_0157,Pristimantis platychilus,1,1,0.0022658610271903325
ZONE_002,COL_ANURA_0158,Pristimantis polychrus,8,8,0.0075528700906344415
ZONE_002,COL_ANURA_0159,Pristimantis postducheminorum,0,0,0.0015105740181268882
ZONE_002,COL_ANURA_0160,Pristimantis quantus,0,0,0.0015105740181268882
ZONE_002,COL_ANURA_0161,Pristimantis restrepoi,8,8,0.0075528700906344415
ZONE_002,COL_ANURA_0162,Pristimantis ridens,5,5,0.005287009063444109
ZONE_002,COL_ANURA_0163,Pristimantis ruedai,13,13,0.011329305135951661
ZONE_002,COL_ANURA_0164,Pristimantis sanguineus,50,24,0.019637462235649546
ZONE_002,COL_ANURA_0165,Pristimantis satagius,0,0,0.0015105740181268882
ZONE_002,COL_ANURA_0166,Pristimantis savagei,0,0,0.0015105740181268882
ZONE_002,COL_ANURA_0167,Pristimantis scoloblepharus,0,0,0.0015105740181268882
ZONE_002,COL_ANURA_0168,Pristimantis signifer,0,0,0.0015105740181268882
ZONE_002,COL_ANURA_0169,Pristimantis suetus,0,0,0.0015105740181268882
ZONE_002,COL_ANURA_0170,Pristimantis supernatis,0,0,0.0015105740181268882
ZONE_002,COL_ANURA_0171,Pristimantis tribulosus,0,0,0.0015105740181268882
ZONE_002,COL_ANURA_0172,Pristimantis unistrigatus,0,0,0.0015105740181268882
ZONE_002,COL_ANURA_0173,Pristimantis uranobates,0,0,0.0015105740181268882
ZONE_002,COL_ANURA_0174,Pristimantis veletis,0,0,0.0015105740181268882
ZONE_002,COL_ANURA_0175,Pristimantis vertebralis,0,0,0.0015105740181268882
ZONE_002,COL_ANURA_0176,Pristimantis viejas,0,0,0.0015105740181268882
ZONE_002,COL_ANURA_0177,Pristimantis viridis,19,19,0.015861027190332326
ZONE_002,COL_ANURA_0178,Pristimantis w-nigrum,2,2,0.0030211480362537764
ZONE_002,COL_ANURA_0179,Pristimantis zophus,0,0,0.0015105740181268882
ZONE_002,COL_ANURA_0180,Pristimantis zorro,0,0,0.0015105740181268882
ZONE_002,COL_ANURA_0181,Strabomantis biporcatus,1,1,0.0022658610271903325
ZONE_002,COL_ANURA_0182,Strabomantis bufoniformis,18,18,0.015105740181268883
ZONE_002,COL_ANURA_0183,Strabomantis cerastes,6,6,0.0060422960725075529
ZONE_002,COL_ANURA_0184,Strabomantis cheiroplethus,1,1,0.0022658610271903325
ZONE_002,COL_ANURA_0185,Strabomantis necopinus,0,0,0.0015105740181268882
ZONE_002,COL_ANURA_0186,Strabomantis ruizi,0,0,0.0015105740181268882
ZONE_002,COL_ANURA_0187,Strabomantis zygodactylus,19,19,0.015861027190332326
ZONE_002,COL_ANURA_0188,Andinobates bombetes,1,1,0.0022658610271903325
ZONE_002,COL_ANURA_0189,Andinobates cassidyhornae,3,3,0.0037764350453172208
ZONE_002,COL_ANURA_0190,Andinobates daleswansoni,0,0,0.0015105740181268882
ZONE_002,COL_ANURA_0191,Andinobates fulguritus,0,0,0.0015105740181268882
ZONE_002,COL_ANURA_0192,Andinobates opisthomelas,0,0,0.0015105740181268882
ZONE_002,COL_ANURA_0193,Andinobates victimatus,18,18,0.015105740181268883
ZONE_002,COL_ANURA_0194,Colostethus dysprosium,0,0,0.0015105740181268882
ZONE_002,COL_ANURA_0195,Colostethus imbricolus,20,20,0.016616314199395771
ZONE_002,COL_ANURA_0196,Colostethus inguinalis,0,0,0.0015105740181268882
ZONE_002,COL_ANURA_0197,Colostethus latinasus,0,0,0.0015105740181268882
ZONE_002,COL_ANURA_0198,Colostethus pratti,0,0,0.0015105740181268882
ZONE_002,COL_ANURA_0199,Colostethus thorntoni,0,0,0.0015105740181268882
ZONE_002,COL_ANURA_0200,Colostethus yaguara,0,0,0.0015105740181268882
ZONE_002,COL_ANURA_0201,Dendrobates auratus,0,0,0.0015105740181268882
ZONE_002,COL_ANURA_0202,Dendrobates tinctorius,0,0,0.0015105740181268882
ZONE_002,COL_ANURA_0203,Ectopoglossus atopoglossus,0,0,0.0015105740181268882
ZONE_002,COL_ANURA_0204,Ectopoglossus saxatilis,1,1,0.0022658610271903325
ZONE_002,COL_ANURA_0205,Hyloxalus abditaurantius,0,0,0.0015105740181268882
ZONE_002,COL_ANURA_0206,Hyloxalus bocagei,0,0,0.0015105740181268882
ZONE_002,COL_ANURA_0207,Hyloxalus chocoensis,1,1,0.0022658610271903325
ZONE_002,COL_ANURA_0208,Hyloxalus delatorreae,0,0,0.0015105740181268882
ZONE_002,COL_ANURA_0209,Hyloxalus excisus,0,0,0.0015105740181268882
ZONE_002,COL_ANURA_0210,Hyloxalus lehmanni,0,0,0.0015105740181268882
ZONE_002,COL_ANURA_0211,Hyloxalus ramosi,0,0,0.0015105740181268882
ZONE_002,COL_ANURA_0212,Hyloxalus subpunctatus,0,0,0.0015105740181268882
ZONE_002,COL_ANURA_0213,Hyloxalus vergeli,0,0,0.0015105740181268882
ZONE_002,COL_ANURA_0214,Leucostethus brachistriatus,0,0,0.0015105740181268882
ZONE_002,COL_ANURA_0215,Leucostethus fraterdanieli,1,1,0.0022658610271903325
ZONE_002,COL_ANURA_0216,Leucostethus jota,0,0,0.0015105740181268882
ZONE_002,COL_ANURA_0217,Leucostethus ramirezi,0,0,0.0015105740181268882
ZONE_002,COL_ANURA_0218,Oophaga andresi,1,1,0.0022658610271903325
ZONE_002,COL_ANURA_0219,Oophaga histrionica,44,36,0.028700906344410877
ZONE_002,COL_ANURA_0220,Oophaga solanensis,4,4,0.0045317220543806651
ZONE_002,COL_ANURA_0221,Phyllobates aurotaenia,0,0,0.0015105740181268882
ZONE_002,COL_ANURA_0222,Phyllobates terribilis,0,0,0.0015105740181268882
ZONE_002,COL_ANURA_0223,Silverstoneia erasmios,5,5,0.005287009063444109
ZONE_002,COL_ANURA_0224,Silverstoneia minutissima,3,3,0.0037764350453172208
ZONE_002,COL_ANURA_0225,Silverstoneia nubicola,1,1,0.0022658610271903325
ZONE_002,COL_ANURA_0226,Hoplobatrachus tigerinus,0,0,0.0015105740181268882
ZONE_002,COL_ANURA_0227,Diasporus anthrax,0,0,0.0015105740181268882
ZONE_002,COL_ANURA_0228,Diasporus diastema,0,0,0.0015105740181268882
ZONE_002,COL_ANURA_0229,Diasporus gularis,8,8,0.0075528700906344415
ZONE_002,COL_ANURA_0230,Diasporus quidditus,1,1,0.0022658610271903325
ZONE_002,COL_ANURA_0231,Diasporus tinker,0,0,0.0015105740181268882
ZONE_002,COL_ANURA_0232,Eleutherodactylus emiliae,0,0,0.0015105740181268882
ZONE_002,COL_ANURA_0233,Eleutherodactylus johnstonei,0,0,0.0015105740181268882
ZONE_002,COL_ANURA_0234,Cryptobatrachus fuhrmanni,0,0,0.0015105740181268882
ZONE_002,COL_ANURA_0235,Gastrotheca antomia,2,2,0.0030211480362537764
ZONE_002,COL_ANURA_0236,Gastrotheca argenteovirens,0,0,0.0015105740181268882
ZONE_002,COL_ANURA_0237,Gastrotheca bufona,1,1,0.0022658610271903325
ZONE_002,COL_ANURA_0238,Gastrotheca dendronastes,1,1,0.0022658610271903325
ZONE_002,COL_ANURA_0239,Gastrotheca dunni,0,0,0.0015105740181268882
ZONE_002,COL_ANURA_0240,Gastrotheca guentheri,2,2,0.0030211480362537764
ZONE_002,COL_ANURA_0241,Gastrotheca nicefori,0,0,0.0015105740181268882
ZONE_002,COL_ANURA_0242,Hemiphractus fasciatus,1,1,0.0022658610271903325
ZONE_002,COL_ANURA_0243,Acris crepitans,0,0,0.0015105740181268882
ZONE_002,COL_ANURA_0244,Boana albomarginata,0,0,0.0015105740181268882
ZONE_002,COL_ANURA_0245,Boana crepitans,0,0,0.0015105740181268882
ZONE_002,COL_ANURA_0246,Boana pellucens,3,3,0.0037764350453172208
ZONE_002,COL_ANURA_0247,Boana picturata,33,18,0.015105740181268883
ZONE_002,COL_ANURA_0248,Boana rubracyla,8,8,0.0075528700906344415
ZONE_002,COL_ANURA_0249,Boana rufitela,3,3,0.0037764350453172208
ZONE_002,COL_ANURA_0250,Dendropsophus carnifex,0,0,0.0015105740181268882
ZONE_002,COL_ANURA_0251,Dendropsophus phlebodes,23,18,0.015105740181268883
ZONE_002,COL_ANURA_0252,Dendropsophus subocularis,0,0,0.0015105740181268882
ZONE_002,COL_ANURA_0253,Ecnomiohyla phantasmagoria,0,0,0.0015105740181268882
ZONE_002,COL_ANURA_0254,Hyloscirtus antioquia,0,0,0.0015105740181268882
ZONE_002,COL_ANURA_0255,Hyloscirtus bogotensis,0,0,0.0015105740181268882
ZONE_002,COL_ANURA_0256,Hyloscirtus colymba,0,0,0.0015105740181268882
ZONE_002,COL_ANURA_0257,Hyloscirtus larinopygion,0,0,0.0015105740181268882
ZONE_002,COL_ANURA_0258,Pseudis paradoxa,0,0,0.0015105740181268882
ZONE_002,COL_ANURA_0259,Scarthyla vigilans,0,0,0.0015105740181268882
ZONE_002,COL_ANURA_0260,Scinax boulengeri,0,0,0.0015105740181268882
ZONE_002,COL_ANURA_0261,Scinax caprarius,0,0,0.0015105740181268882
ZONE_002,COL_ANURA_0262,Scinax elaeochroa,19,18,0.015105740181268883
ZONE_002,COL_ANURA_0263,Scinax rostratus,0,0,0.0015105740181268882
ZONE_002,COL_ANURA_0264,Scinax sugillatus,21,18,0.015105740181268883
ZONE_002,COL_ANURA_0265,Scinax x-signatus,0,0,0.0015105740181268882
ZONE_002,COL_ANURA_0266,Smilisca phaeota,42,38,0.030211480362537766
ZONE_002,COL_ANURA_0267,Smilisca sila,1,1,0.0022658610271903325
ZONE_002,COL_ANURA_0268,Smilisca sordida,0,0,0.0015105740181268882
ZONE_002,COL_ANURA_0269,Trachycephalus macrotis,0,0,0.0015105740181268882
ZONE_002,COL_ANURA_0270,Trachycephalus typhonius,0,0,0.0015105740181268882
ZONE_002,COL_ANURA_0271,Trachycephalus venulosus,0,0,0.0015105740181268882
ZONE_002,COL_ANURA_0272,Leptodactylus bolivianus,0,0,0.0015105740181268882
ZONE_002,COL_ANURA_0273,Leptodactylus fragilis,0,0,0.0015105740181268882
ZONE_002,COL_ANURA_0274,Leptodactylus fuscus,0,0,0.0015105740181268882
ZONE_002,COL_ANURA_0275,Leptodactylus insularum,0,0,0.0015105740181268882
ZONE_002,COL_ANURA_0276,Leptodactylus melanonotus,0,0,0.0015105740181268882
ZONE_002,COL_ANURA_0277,Leptodactylus mystacinus,0,0,0.0015105740181268882
ZONE_002,COL_ANURA_0278,Leptodactylus pentadactylus,0,0,0.0015105740181268882
ZONE_002,COL_ANURA_0279,Leptodactylus poecilochilus,0,0,0.0015105740181268882
ZONE_002,COL_ANURA_0280,Leptodactylus rhodomerus,1,1,0.0022658610271903325
ZONE_002,COL_ANURA_0281,Leptodactylus savagei,0,0,0.0015105740181268882
ZONE_002,COL_ANURA_0282,Leptodactylus ventrimaculatus,1,1,0.0022658610271903325
ZONE_002,COL_ANURA_0283,Physalaemus fischeri,0,0,0.0015105740181268882
ZONE_002,COL_ANURA_0284,Pleurodema brachyops,0,0,0.0015105740181268882
ZONE_002,COL_ANURA_0285,Pseudopaludicola pusilla,0,0,0.0015105740181268882
ZONE_002,COL_ANURA_0286,Ctenophryne aterrima,0,0,0.0015105740181268882
ZONE_002,COL_ANURA_0287,Elachistocleis panamensis,0,0,0.0015105740181268882
ZONE_002,COL_ANURA_0288,Elachistocleis pearsei,0,0,0.0015105740181268882
ZONE_002,COL_ANURA_0289,Agalychnis buckleyi,0,0,0.0015105740181268882
ZONE_002,COL_ANURA_0290,Agalychnis danieli,1,1,0.0022658610271903325
ZONE_002,COL_ANURA_0291,Agalychnis spurrelli,4,4,0.0045317220543806651
ZONE_002,COL_ANURA_0292,Agalychnis terranova,0,0,0.0015105740181268882
ZONE_002,COL_ANURA_0293,Callimedusa perinesos,0,0,0.0015105740181268882
ZONE_002,COL_ANURA_0294,Phyllomedusa bicolor,0,0,0.0015105740181268882
ZONE_002,COL_ANURA_0295,Pipa myersi,0,0,0.0015105740181268882
ZONE_002,COL_ANURA_0296,Lithobates catesbeianus,0,0,0.0015105740181268882
ZONE_002,COL_ANURA_0297,Lithobates palmipes,0,0,0.0015105740181268882
ZONE_002,COL_ANURA_0298,Lithobates vaillanti,11,11,0.0098187311178247732
ZONE_002,COL_ANURA_0299,Pristimantis campesino,0,0,0.0015105740181268882
ZONE_002,COL_ANURA_0300,Pristimantis cryptopictus,0,0,0.0015105740181268882
ZONE_005,COL_ANURA_0001,Rheobates palmatus,35,35,0.005278174037089872
ZONE_005,COL_ANURA_0002,Rhinella alata,271,160,0.02310984308131241
ZONE_005,COL_ANURA_0003,Rhinella horribilis,1083,403,0.057774607703281029
ZONE_005,COL_ANURA_0004,Rhinella margaritifera,112,99,0.014407988587731811
ZONE_005,COL_ANURA_0005,Sachatamia electrops,7,7,0.0012838801711840227
ZONE_005,COL_ANURA_0006,Craugastor raniformis,259,186,0.026818830242510697
ZONE_005,COL_ANURA_0007,Pristimantis achatinus,10,10,0.0017118402282453639
ZONE_005,COL_ANURA_0008,Pristimantis bogotensis,0,0,0.00028530670470756063
ZONE_005,COL_ANURA_0009,Pristimantis erythropleura,12,12,0.0019971469329529245
ZONE_005,COL_ANURA_0010,Pristimantis gaigei,194,138,0.019971469329529243
ZONE_005,COL_ANURA_0011,Pristimantis paisa,110,79,0.011554921540656205
ZONE_005,COL_ANURA_0012,Pristimantis palmeri,1,1,0.00042796005706134097
ZONE_005,COL_ANURA_0013,Pristimantis penelopus,176,122,0.017689015691868759
ZONE_005,COL_ANURA_0014,Pristimantis permixtus,39,37,0.0055634807417974325
ZONE_005,COL_ANURA_0015,Pristimantis taeniatus,223,136,0.019686162624821684
ZONE_005,COL_ANURA_0016,Pristimantis thectopternus,11,11,0.0018544935805991441
ZONE_005,COL_ANURA_0018,Dendrobates truncatus,574,317,0.045506419400855917
ZONE_005,COL_ANURA_0020,Boana boans,189,162,0.023395149786019972
ZONE_005,COL_ANURA_0023,Boana platanera,84,74,0.010841654778887305
ZONE_005,COL_ANURA_0024,Boana pugnax,287,225,0.032382310984308132
ZONE_005,COL_ANURA_0026,Boana rosenbergi,29,29,0.0044222539229671898
ZONE_005,COL_ANURA_0027,Boana xerophylla,1,1,0.00042796005706134097
ZONE_005,COL_ANURA_0028,Dendropsophus bogerti,84,61,0.0089871611982881589
ZONE_005,COL_ANURA_0029,Dendropsophus columbianus,1,1,0.00042796005706134097
ZONE_005,COL_ANURA_0030,Dendropsophus ebraccatus,136,129,0.01868758915834522
ZONE_005,COL_ANURA_0032,Dendropsophus microcephalus,237,199,0.028673323823109845
ZONE_005,COL_ANURA_0033,Dendropsophus molitor,0,0,0.00028530670470756063
ZONE_005,COL_ANURA_0034,Dendropsophus norandinus,29,29,0.0044222539229671898
ZONE_005,COL_ANURA_0037,Hyloscirtus palmeri,64,64,0.0094151212553495005
ZONE_005,COL_ANURA_0038,Scinax ruber,54,54,0.0079885877318116982
ZONE_005,COL_ANURA_0039,Engystomops pustulosus,384,294,0.042225392296718976
ZONE_005,COL_ANURA_0040,Leptodactylus colombiensis,130,86,0.012553495007132667
ZONE_005,COL_ANURA_0041,Phyllomedusa tarsius,2,2,0.00057061340941512125
ZONE_005,COL_ANURA_0042,Phyllomedusa venusta,137,132,0.019115549215406563
ZONE_005,COL_ANURA_0044,Allobates brunneus,2,2,0.00057061340941512125
ZONE_005,COL_ANURA_0045,Allobates niputidea,19,19,0.0029957203994293866
ZONE_005,COL_ANURA_0046,Allobates talamancae,2,2,0.00057061340941512125
ZONE_005,COL_ANURA_0047,Rheobates pseudopalmatus,32,32,0.0048502139800285305
ZONE_005,COL_ANURA_0048,Atelopus carauta,0,0,0.00028530670470756063
ZONE_005,COL_ANURA_0049,Atelopus nicefori,0,0,0.00028530670470756063
ZONE_005,COL_ANURA_0050,Atelopus nocturnus,10,10,0.0017118402282453639
ZONE_005,COL_ANURA_0051,Atelopus sanjosei,2,2,0.00057061340941512125
ZONE_005,COL_ANURA_0052,Atelopus sernai,0,0,0.00028530670470756063
ZONE_005,COL_ANURA_0053,Atelopus sonsonensis,0,0,0.00028530670470756063
ZONE_005,COL_ANURA_0054,Bufo bufo,0,0,0.00028530670470756063
ZONE_005,COL_ANURA_0055,Incilius coniferus,0,0,0.00028530670470756063
ZONE_005,COL_ANURA_0056,Osornophryne percrassa,0,0,0.00028530670470756063
ZONE_005,COL_ANURA_0057,Rhaebo blombergi,0,0,0.00028530670470756063
ZONE_005,COL_ANURA_0058,Rhaebo haematiticus,140,84,0.012268188302425107
ZONE_005,COL_ANURA_0059,Rhaebo lynchi,0,0,0.00028530670470756063
ZONE_005,COL_ANURA_0060,Rhinella acrolopha,0,0,0.00028530670470756063
ZONE_005,COL_ANURA_0061,Rhinella granulosa,23,23,0.003566333808844508
ZONE_005,COL_ANURA_0062,Rhinella humboldti,121,113,0.016405135520684736
ZONE_005,COL_ANURA_0063,Rhinella lindae,0,0,0.00028530670470756063
ZONE_005,COL_ANURA_0064,Rhinella macrorhina,101,83,0.012125534950071327
ZONE_005,COL_ANURA_0065,Rhinella marina,69,56,0.0082738944365192586
ZONE_005,COL_ANURA_0066,Rhinella nicefori,18,18,0.0028530670470756064
ZONE_005,COL_ANURA_0067,Rhinella paraguas,0,0,0.00028530670470756063
ZONE_005,COL_ANURA_0068,Rhinella rostrata,0,0,0.00028530670470756063
ZONE_005,COL_ANURA_0069,Rhinella ruizi,2,2,0.00057061340941512125
ZONE_005,COL_ANURA_0070,Rhinella sternosignata,0,0,0.00028530670470756063
ZONE_005,COL_ANURA_0071,Rhinella tenrec,0,0,0.00028530670470756063
ZONE_005,COL_ANURA_0072,Centrolene antioquiense,13,13,0.0021398002853067048
ZONE_005,COL_ANURA_0073,Centrolene buckleyi,1,1,0.00042796005706134097
ZONE_005,COL_ANURA_0074,Centrolene geckoideum,0,0,0.00028530670470756063
ZONE_005,COL_ANURA_0075,Centrolene peristictum,1,1,0.00042796005706134097
ZONE_005,COL_ANURA_0076,Centrolene quindianum,0,0,0.00028530670470756063
ZONE_005,COL_ANURA_0077,Centrolene robledoi,16,16,0.0025677603423680455
ZONE_005,COL_ANURA_0078,Centrolene savagei,5,5,0.00099857346647646227
ZONE_005,COL_ANURA_0079,Cochranella euknemos,0,0,0.00028530670470756063
ZONE_005,COL_ANURA_0080,Cochranella megista,0,0,0.00028530670470756063
ZONE_005,COL_ANURA_0081,Cochranella ramirezi,1,1,0.00042796005706134097
ZONE_005,COL_ANURA_0082,Cochranella resplendens,11,11,0.0018544935805991441
ZONE_005,COL_ANURA_0083,Espadarana andina,1,1,0.00042796005706134097
ZONE_005,COL_ANURA_0084,Espadarana prosoblepon,128,97,0.014122681883024251
ZONE_005,COL_ANURA_0085,Hyalinobatrachium aureoguttatum,12,12,0.0019971469329529245
ZONE_005,COL_ANURA_0086,Hyalinobatrachium chirripoi,2,2,0.00057061340941512125
ZONE_005,COL_ANURA_0087,Hyalinobatrachium colymbiphyllum,18,18,0.0028530670470756064
ZONE_005,COL_ANURA_0088,Hyalinobatrachium fleischmanni,25,25,0.0038516405135520684
ZONE_005,COL_ANURA_0089,Hyalinobatrachium tatayoi,56,56,0.0082738944365192586
ZONE_005,COL_ANURA_0090,Hyalinobatrachium valerioi,2,2,0.00057061340941512125
ZONE_005,COL_ANURA_0091,Nymphargus chami,0,0,0.00028530670470756063
ZONE_005,COL_ANURA_0092,Nymphargus grandisonae,9,9,0.0015691868758915834
ZONE_005,COL_ANURA_0093,Nymphargus griffithsi,0,0,0.00028530670470756063
ZONE_005,COL_ANURA_0094,Nymphargus ignotus,0,0,0.00028530670470756063
ZONE_005,COL_ANURA_0095,Nymphargus luminosus,0,0,0.00028530670470756063
ZONE_005,COL_ANURA_0096,Nymphargus pijao,1,1,0.00042796005706134097
ZONE_005,COL_ANURA_0097,Nymphargus prasinus,0,0,0.00028530670470756063
ZONE_005,COL_ANURA_0098,Nymphargus rosada,20,20,0.0031383737517831668
ZONE_005,COL_ANURA_0099,Nymphargus spilotus,0,0,0.00028530670470756063
ZONE_005,COL_ANURA_0100,Rulyrana susatamai,42,42,0.0062767475035663337
ZONE_005,COL_ANURA_0101,Sachatamia ilex,3,3,0.00071326676176890159
ZONE_005,COL_ANURA_0102,Sachatamia punctulata,23,23,0.003566333808844508
ZONE_005,COL_ANURA_0103,Teratohyla pulverata,1,1,0.00042796005706134097
ZONE_005,COL_ANURA_0104,Teratohyla spinosa,3,3,0.00071326676176890159
ZONE_005,COL_ANURA_0105,Atopophrynus syntomopus,0,0,0.00028530670470756063
ZONE_005,COL_ANURA_0106,Craugastor fitzingeri,25,25,0.0038516405135520684
ZONE_005,COL_ANURA_0107,Craugastor gollmeri,0,0,0.00028530670470756063
ZONE_005,COL_ANURA_0108,Craugastor longirostris,29,29,0.0044222539229671898
ZONE_005,COL_ANURA_0109,Craugastor metriosistus,103,79,0.011554921540656205
ZONE_005,COL_ANURA_0110,Craugastor opimus,4,4,0.00085592011412268193
ZONE_005,COL_ANURA_0111,Niceforonia adenobrachia,0,0,0.00028530670470756063
ZONE_005,COL_ANURA_0112,Niceforonia babax,0,0,0.00028530670470756063
ZONE_005,COL_ANURA_0113,Niceforonia latens,0,0,0.00028530670470756063
ZONE_005,COL_ANURA_0114,Niceforonia mantipus,16,16,0.0025677603423680455
ZONE_005,COL_ANURA_0115,Pristimantis acatallelus,0,0,0.00028530670470756063
ZONE_005,COL_ANURA_0116,Pristimantis actinolaimus,0,0,0.00028530670470756063
ZONE_005,COL_ANURA_0117,Pristimantis aemulatus,0,0,0.00028530670470756063
ZONE_005,COL_ANURA_0118,Pristimantis aurantiguttatus,0,0,0.00028530670470756063
ZONE_005,COL_ANURA_0119,Pristimantis baiotis,0,0,0.00028530670470756063
ZONE_005,COL_ANURA_0120,Pristimantis bellona,0,0,0.00028530670470756063
ZONE_005,COL_ANURA_0121,Pristimantis bernali,0,0,0.00028530670470756063
ZONE_005,COL_ANURA_0122,Pristimantis bicolor,1,1,0.00042796005706134097
ZONE_005,COL_ANURA_0123,Pristimantis boulengeri,2,2,0.00057061340941512125
ZONE_005,COL_ANURA_0124,Pristimantis brevifrons,0,0,0.00028530670470756063
ZONE_005,COL_ANURA_0125,Pristimantis cabrerai,0,0,0.00028530670470756063
ZONE_005,COL_ANURA_0126,Pristimantis calcaratus,0,0,0.00028530670470756063
ZONE_005,COL_ANURA_0127,Pristimantis caprifer,0,0,0.00028530670470756063
ZONE_005,COL_ANURA_0128,Pristimantis carylae,5,5,0.00099857346647646227
ZONE_005,COL_ANURA_0129,Pristimantis caryophyllaceus,0,0,0.00028530670470756063
ZONE_005,COL_ANURA_0130,Pristimantis chalceus,0,0,0.00028530670470756063
ZONE_005,COL_ANURA_0131,Pristimantis chocolatebari,4,4,0.00085592011412268193
ZONE_005,COL_ANURA_0132,Pristimantis conspicillatus,0,0,0.00028530670470756063
ZONE_005,COL_ANURA_0133,Pristimantis cruentus,2,2,0.00057061340941512125
ZONE_005,COL_ANURA_0134,Pristimantis deinops,0,0,0.00028530670470756063
ZONE_005,COL_ANURA_0135,Pristimantis devillei,0,0,0.00028530670470756063
ZONE_005,COL_ANURA_0136,Pristimantis dorsopictus,1,1,0.00042796005706134097
ZONE_005,COL_ANURA_0137,Pristimantis factiosus,71,33,0.0049928673323823107
ZONE_005,COL_ANURA_0138,Pristimantis fallax,11,11,0.0018544935805991441
ZONE_005,COL_ANURA_0139,Pristimantis ferwerdai,0,0,0.00028530670470756063
ZONE_005,COL_ANURA_0140,Pristimantis frater,0,0,0.00028530670470756063
ZONE_005,COL_ANURA_0141,Pristimantis gracilis,0,0,0.00028530670470756063
ZONE_005,COL_ANURA_0142,Pristimantis helvolus,6,6,0.0011412268188302425
ZONE_005,COL_ANURA_0143,Pristimantis jaguensis,14,14,0.002282453637660485
ZONE_005,COL_ANURA_0144,Pristimantis johannesdei,0,0,0.00028530670470756063
ZONE_005,COL_ANURA_0145,Pristimantis juanchoi,0,0,0.00028530670470756063
ZONE_005,COL_ANURA_0146,Pristimantis kelephus,0,0,0.00028530670470756063
ZONE_005,COL_ANURA_0147,Pristimantis lasalleorum,0,0,0.00028530670470756063
ZONE_005,COL_ANURA_0148,Pristimantis latidiscus,1,1,0.00042796005706134097
ZONE_005,COL_ANURA_0149,Pristimantis lemur,16,16,0.0025677603423680455
ZONE_005,COL_ANURA_0150,Pristimantis leopardus,0,0,0.00028530670470756063
ZONE_005,COL_ANURA_0151,Pristimantis maculosus,0,0,0.00028530670470756063
ZONE_005,COL_ANURA_0152,Pristimantis myops,0,0,0.00028530670470756063
ZONE_005,COL_ANURA_0153,Pristimantis orpacobates,4,4,0.00085592011412268193
ZONE_005,COL_ANURA_0154,Pristimantis parectatus,0,0,0.00028530670470756063
ZONE_005,COL_ANURA_0155,Pristimantis phragmipleuron,0,0,0.00028530670470756063
ZONE_005,COL_ANURA_0156,Pristimantis piceus,0,0,0.00028530670470756063
ZONE_005,COL_ANURA_0157,Pristimantis platychilus,0,0,0.00028530670470756063
ZONE_005,COL_ANURA_0158,Pristimantis polychrus,0,0,0.00028530670470756063
ZONE_005,COL_ANURA_0159,Pristimantis postducheminorum,0,0,0.00028530670470756063
ZONE_005,COL_ANURA_0160,Pristimantis quantus,0,0,0.00028530670470756063
ZONE_005,COL_ANURA_0161,Pristimantis restrepoi,0,0,0.00028530670470756063
ZONE_005,COL_ANURA_0162,Pristimantis ridens,4,4,0.00085592011412268193
ZONE_005,COL_ANURA_0163,Pristimantis ruedai,0,0,0.00028530670470756063
ZONE_005,COL_ANURA_0164,Pristimantis sanguineus,0,0,0.00028530670470756063
ZONE_005,COL_ANURA_0165,Pristimantis satagius,0,0,0.00028530670470756063
ZONE_005,COL_ANURA_0166,Pristimantis savagei,2,2,0.00057061340941512125
ZONE_005,COL_ANURA_0167,Pristimantis scoloblepharus,1,1,0.00042796005706134097
ZONE_005,COL_ANURA_0168,Pristimantis signifer,0,0,0.00028530670470756063
ZONE_005,COL_ANURA_0169,Pristimantis suetus,43,42,0.0062767475035663337
ZONE_005,COL_ANURA_0170,Pristimantis supernatis,1,1,0.00042796005706134097
ZONE_005,COL_ANURA_0171,Pristimantis tribulosus,0,0,0.00028530670470756063
ZONE_005,COL_ANURA_0172,Pristimantis unistrigatus,10,10,0.0017118402282453639
ZONE_005,COL_ANURA_0173,Pristimantis uranobates,5,5,0.00099857346647646227
ZONE_005,COL_ANURA_0174,Pristimantis veletis,2,2,0.00057061340941512125
ZONE_005,COL_ANURA_0175,Pristimantis vertebralis,1,1,0.00042796005706134097
ZONE_005,COL_ANURA_0176,Pristimantis viejas,114,102,0.014835948644793153
ZONE_005,COL_ANURA_0177,Pristimantis viridis,0,0,0.00028530670470756063
ZONE_005,COL_ANURA_0178,Pristimantis w-nigrum,6,6,0.0011412268188302425
ZONE_005,COL_ANURA_0179,Pristimantis zophus,0,0,0.00028530670470756063
ZONE_005,COL_ANURA_0180,Pristimantis zorro,10,10,0.0017118402282453639
ZONE_005,COL_ANURA_0181,Strabomantis biporcatus,0,0,0.00028530670470756063
ZONE_005,COL_ANURA_0182,Strabomantis bufoniformis,13,13,0.0021398002853067048
ZONE_005,COL_ANURA_0183,Strabomantis cerastes,0,0,0.00028530670470756063
ZONE_005,COL_ANURA_0184,Strabomantis cheiroplethus,0,0,0.00028530670470756063
ZONE_005,COL_ANURA_0185,Strabomantis necopinus,1,1,0.00042796005706134097
ZONE_005,COL_ANURA_0186,Strabomantis ruizi,0,0,0.00028530670470756063
ZONE_005,COL_ANURA_0187,Strabomantis zygodactylus,0,0,0.00028530670470756063
ZONE_005,COL_ANURA_0188,Andinobates bombetes,0,0,0.00028530670470756063
ZONE_005,COL_ANURA_0189,Andinobates cassidyhornae,4,4,0.00085592011412268193
ZONE_005,COL_ANURA_0190,Andinobates daleswansoni,0,0,0.00028530670470756063
ZONE_005,COL_ANURA_0191,Andinobates fulguritus,14,14,0.002282453637660485
ZONE_005,COL_ANURA_0192,Andinobates opisthomelas,245,167,0.024108416547788874
ZONE_005,COL_ANURA_0193,Andinobates victimatus,12,12,0.0019971469329529245
ZONE_005,COL_ANURA_0194,Colostethus dysprosium,0,0,0.00028530670470756063
ZONE_005,COL_ANURA_0195,Colostethus imbricolus,1,1,0.00042796005706134097
ZONE_005,COL_ANURA_0196,Colostethus inguinalis,75,75,0.010984308131241084
ZONE_005,COL_ANURA_0197,Colostethus latinasus,0,0,0.00028530670470756063
ZONE_005,COL_ANURA_0198,Colostethus pratti,37,37,0.0055634807417974325
ZONE_005,COL_ANURA_0199,Colostethus thorntoni,0,0,0.00028530670470756063
ZONE_005,COL_ANURA_0200,Colostethus yaguara,9,9,0.0015691868758915834
ZONE_005,COL_ANURA_0201,Dendrobates auratus,1,1,0.00042796005706134097
ZONE_005,COL_ANURA_0202,Dendrobates tinctorius,1,1,0.00042796005706134097
ZONE_005,COL_ANURA_0203,Ectopoglossus atopoglossus,0,0,0.00028530670470756063
ZONE_005,COL_ANURA_0204,Ectopoglossus saxatilis,0,0,0.00028530670470756063
ZONE_005,COL_ANURA_0205,Hyloxalus abditaurantius,1,1,0.00042796005706134097
ZONE_005,COL_ANURA_0206,Hyloxalus bocagei,0,0,0.00028530670470756063
ZONE_005,COL_ANURA_0207,Hyloxalus chocoensis,0,0,0.00028530670470756063
ZONE_005,COL_ANURA_0208,Hyloxalus delatorreae,0,0,0.00028530670470756063
ZONE_005,COL_ANURA_0209,Hyloxalus excisus,0,0,0.00028530670470756063
ZONE_005,COL_ANURA_0210,Hyloxalus lehmanni,0,0,0.00028530670470756063
ZONE_005,COL_ANURA_0211,Hyloxalus ramosi,1,1,0.00042796005706134097
ZONE_005,COL_ANURA_0212,Hyloxalus subpunctatus,0,0,0.00028530670470756063
ZONE_005,COL_ANURA_0213,Hyloxalus vergeli,1,1,0.00042796005706134097
ZONE_005,COL_ANURA_0214,Leucostethus brachistriatus,0,0,0.00028530670470756063
ZONE_005,COL_ANURA_0215,Leucostethus fraterdanieli,90,70,0.010271041369472182
ZONE_005,COL_ANURA_0216,Leucostethus jota,3,3,0.00071326676176890159
ZONE_005,COL_ANURA_0217,Leucostethus ramirezi,0,0,0.00028530670470756063
ZONE_005,COL_ANURA_0218,Oophaga andresi,0,0,0.00028530670470756063
ZONE_005,COL_ANURA_0219,Oophaga histrionica,21,18,0.0028530670470756064
ZONE_005,COL_ANURA_0220,Oophaga solanensis,0,0,0.00028530670470756063
ZONE_005,COL_ANURA_0221,Phyllobates aurotaenia,2,2,0.00057061340941512125
ZONE_005,COL_ANURA_0222,Phyllobates terribilis,0,0,0.00028530670470756063
ZONE_005,COL_ANURA_0223,Silverstoneia erasmios,0,0,0.00028530670470756063
ZONE_005,COL_ANURA_0224,Silverstoneia minutissima,0,0,0.00028530670470756063
ZONE_005,COL_ANURA_0225,Silverstoneia nubicola,5,5,0.00099857346647646227
ZONE_005,COL_ANURA_0226,Hoplobatrachus tigerinus,0,0,0.00028530670470756063
ZONE_005,COL_ANURA_0227,Diasporus anthrax,32,32,0.0048502139800285305
ZONE_005,COL_ANURA_0228,Diasporus diastema,2,2,0.00057061340941512125
ZONE_005,COL_ANURA_0229,Diasporus gularis,26,26,0.0039942938659058491
ZONE_005,COL_ANURA_0230,Diasporus quidditus,1,1,0.00042796005706134097
ZONE_005,COL_ANURA_0231,Diasporus tinker,1,1,0.00042796005706134097
ZONE_005,COL_ANURA_0232,Eleutherodactylus emiliae,0,0,0.00028530670470756063
ZONE_005,COL_ANURA_0233,Eleutherodactylus johnstonei,0,0,0.00028530670470756063
ZONE_005,COL_ANURA_0234,Cryptobatrachus fuhrmanni,57,24,0.0037089871611982882
ZONE_005,COL_ANURA_0235,Gastrotheca antomia,0,0,0.00028530670470756063
ZONE_005,COL_ANURA_0236,Gastrotheca argenteovirens,0,0,0.00028530670470756063
ZONE_005,COL_ANURA_0237,Gastrotheca bufona,0,0,0.00028530670470756063
ZONE_005,COL_ANURA_0238,Gastrotheca dendronastes,1,1,0.00042796005706134097
ZONE_005,COL_ANURA_0239,Gastrotheca dunni,13,13,0.0021398002853067048
ZONE_005,COL_ANURA_0240,Gastrotheca guentheri,0,0,0.00028530670470756063
ZONE_005,COL_ANURA_0241,Gastrotheca nicefori,1,1,0.00042796005706134097
ZONE_005,COL_ANURA_0242,Hemiphractus fasciatus,0,0,0.00028530670470756063
ZONE_005,COL_ANURA_0243,Acris crepitans,1,1,0.00042796005706134097
ZONE_005,COL_ANURA_0244,Boana albomarginata,1,1,0.00042796005706134097
ZONE_005,COL_ANURA_0245,Boana crepitans,29,29,0.0044222539229671898
ZONE_005,COL_ANURA_0246,Boana pellucens,0,0,0.00028530670470756063
ZONE_005,COL_ANURA_0247,Boana picturata,0,0,0.00028530670470756063
ZONE_005,COL_ANURA_0248,Boana rubracyla,2,2,0.00057061340941512125
ZONE_005,COL_ANURA_0249,Boana rufitela,1,1,0.00042796005706134097
ZONE_005,COL_ANURA_0250,Dendropsophus carnifex,0,0,0.00028530670470756063
ZONE_005,COL_ANURA_0251,Dendropsophus phlebodes,47,38,0.0057061340941512127
ZONE_005,COL_ANURA_0252,Dendropsophus subocularis,11,11,0.0018544935805991441
ZONE_005,COL_ANURA_0253,Ecnomiohyla phantasmagoria,1,1,0.00042796005706134097
ZONE_005,COL_ANURA_0254,Hyloscirtus antioquia,22,18,0.0028530670470756064
ZONE_005,COL_ANURA_0255,Hyloscirtus bogotensis,24,24,0.0037089871611982882
ZONE_005,COL_ANURA_0256,Hyloscirtus colymba,0,0,0.00028530670470756063
ZONE_005,COL_ANURA_0257,Hyloscirtus larinopygion,0,0,0.00028530670470756063
ZONE_005,COL_ANURA_0258,Pseudis paradoxa,3,3,0.00071326676176890159
ZONE_005,COL_ANURA_0259,Scarthyla vigilans,67,60,0.0088445078459343796
ZONE_005,COL_ANURA_0260,Scinax boulengeri,35,35,0.005278174037089872
ZONE_005,COL_ANURA_0261,Scinax caprarius,48,48,0.0071326676176890159
ZONE_005,COL_ANURA_0262,Scinax elaeochroa,19,19,0.0029957203994293866
ZONE_005,COL_ANURA_0263,Scinax rostratus,98,97,0.014122681883024251
ZONE_005,COL_ANURA_0264,Scinax sugillatus,20,18,0.0028530670470756064
ZONE_005,COL_ANURA_0265,Scinax x-signatus,9,9,0.0015691868758915834
ZONE_005,COL_ANURA_0266,Smilisca phaeota,333,256,0.036804564907275322
ZONE_005,COL_ANURA_0267,Smilisca sila,38,38,0.0057061340941512127
ZONE_005,COL_ANURA_0268,Smilisca sordida,6,6,0.0011412268188302425
ZONE_005,COL_ANURA_0269,Trachycephalus macrotis,37,37,0.0055634807417974325
ZONE_005,COL_ANURA_0270,Trachycephalus typhonius,5,5,0.00099857346647646227
ZONE_005,COL_ANURA_0271,Trachycephalus venulosus,1,1,0.00042796005706134097
ZONE_005,COL_ANURA_0272,Leptodactylus bolivianus,20,20,0.0031383737517831668
ZONE_005,COL_ANURA_0273,Leptodactylus fragilis,101,101,0.014693295292439372
ZONE_005,COL_ANURA_0274,Leptodactylus fuscus,147,98,0.014265335235378032
ZONE_005,COL_ANURA_0275,Leptodactylus insularum,84,73,0.010699001426533523
ZONE_005,COL_ANURA_0276,Leptodactylus melanonotus,3,3,0.00071326676176890159
ZONE_005,COL_ANURA_0277,Leptodactylus mystacinus,1,1,0.00042796005706134097
ZONE_005,COL_ANURA_0278,Leptodactylus pentadactylus,4,4,0.00085592011412268193
ZONE_005,COL_ANURA_0279,Leptodactylus poecilochilus,11,11,0.0018544935805991441
ZONE_005,COL_ANURA_0280,Leptodactylus rhodomerus,1,1,0.00042796005706134097
ZONE_005,COL_ANURA_0281,Leptodactylus savagei,51,51,0.0075606276747503566
ZONE_005,COL_ANURA_0282,Leptodactylus ventrimaculatus,0,0,0.00028530670470756063
ZONE_005,COL_ANURA_0283,Physalaemus fischeri,0,0,0.00028530670470756063
ZONE_005,COL_ANURA_0284,Pleurodema brachyops,11,11,0.0018544935805991441
ZONE_005,COL_ANURA_0285,Pseudopaludicola pusilla,27,27,0.0041369472182596293
ZONE_005,COL_ANURA_0286,Ctenophryne aterrima,4,4,0.00085592011412268193
ZONE_005,COL_ANURA_0287,Elachistocleis panamensis,9,9,0.0015691868758915834
ZONE_005,COL_ANURA_0288,Elachistocleis pearsei,67,60,0.0088445078459343796
ZONE_005,COL_ANURA_0289,Agalychnis buckleyi,5,5,0.00099857346647646227
ZONE_005,COL_ANURA_0290,Agalychnis danieli,0,0,0.00028530670470756063
ZONE_005,COL_ANURA_0291,Agalychnis spurrelli,2,2,0.00057061340941512125
ZONE_005,COL_ANURA_0292,Agalychnis terranova,28,28,0.0042796005706134095
ZONE_005,COL_ANURA_0293,Callimedusa perinesos,2,2,0.00057061340941512125
ZONE_005,COL_ANURA_0294,Phyllomedusa bicolor,0,0,0.00028530670470756063
ZONE_005,COL_ANURA_0295,Pipa myersi,16,16,0.0025677603423680455
ZONE_005,COL_ANURA_0296,Lithobates catesbeianus,0,0,0.00028530670470756063
ZONE_005,COL_ANURA_0297,Lithobates palmipes,1,1,0.00042796005706134097
ZONE_005,COL_ANURA_0298,Lithobates vaillanti,45,45,0.0067047075606276743
ZONE_005,COL_ANURA_0299,Pristimantis campesino,15,15,0.0024251069900142652
ZONE_005,COL_ANURA_0300,Pristimantis cryptopictus,2,2,0.00057061340941512125
ZONE_006,COL_ANURA_0001,Rheobates palmatus,1,1,0.00094191522762951331
ZONE_006,COL_ANURA_0002,Rhinella alata,18,18,0.0062794348508634227
ZONE_006,COL_ANURA_0003,Rhinella horribilis,450,221,0.070015698587127154
ZONE_006,COL_ANURA_0004,Rhinella margaritifera,1,1,0.00094191522762951331
ZONE_006,COL_ANURA_0005,Sachatamia electrops,0,0,0.00062794348508634224
ZONE_006,COL_ANURA_0006,Craugastor raniformis,23,23,0.0078492935635792772
ZONE_006,COL_ANURA_0007,Pristimantis achatinus,501,102,0.032653061224489799
ZONE_006,COL_ANURA_0008,Pristimantis bogotensis,1,1,0.00094191522762951331
ZONE_006,COL_ANURA_0009,Pristimantis erythropleura,72,41,0.013500784929356358
ZONE_006,COL_ANURA_0010,Pristimantis gaigei,12,12,0.0043956043956043956
ZONE_006,COL_ANURA_0011,Pristimantis paisa,271,119,0.037990580847723707
ZONE_006,COL_ANURA_0012,Pristimantis palmeri,1,1,0.00094191522762951331
ZONE_006,COL_ANURA_0013,Pristimantis penelopus,18,18,0.0062794348508634227
ZONE_006,COL_ANURA_0014,Pristimantis permixtus,322,106,0.033908948194662482
ZONE_006,COL_ANURA_0015,Pristimantis taeniatus,19,19,0.0065934065934065934
ZONE_006,COL_ANURA_0016,Pristimantis thectopternus,3,3,0.0015698587127158557
ZONE_006,COL_ANURA_0018,Dendrobates truncatus,175,38,0.012558869701726845
ZONE_006,COL_ANURA_0020,Boana boans,30,30,0.010047095761381476
ZONE_006,COL_ANURA_0023,Boana platanera,38,38,0.012558869701726845
ZONE_006,COL_ANURA_0024,Boana pugnax,123,64,0.020722135007849293
ZONE_006,COL_ANURA_0026,Boana rosenbergi,0,0,0.00062794348508634224
ZONE_006,COL_ANURA_0027,Boana xerophylla,168,36,0.011930926216640502
ZONE_006,COL_ANURA_0028,Dendropsophus bogerti,566,148,0.04709576138147567
ZONE_006,COL_ANURA_0029,Dendropsophus columbianus,48,45,0.014756671899529042
ZONE_006,COL_ANURA_0030,Dendropsophus ebraccatus,1,1,0.00094191522762951331
ZONE_006,COL_ANURA_0032,Dendropsophus microcephalus,8,8,0.0031397174254317113
ZONE_006,COL_ANURA_0033,Dendropsophus molitor,1,1,0.00094191522762951331
ZONE_006,COL_ANURA_0034,Dendropsophus norandinus,3,3,0.0015698587127158557
ZONE_006,COL_ANURA_0037,Hyloscirtus palmeri,24,20,0.0069073783359497641
ZONE_006,COL_ANURA_0038,Scinax ruber,16,16,0.0056514913657770803
ZONE_006,COL_ANURA_0039,Engystomops pustulosus,50,47,0.015384615384615385
ZONE_006,COL_ANURA_0040,Leptodactylus colombiensis,4,4,0.0018838304552590266
ZONE_006,COL_ANURA_0041,Phyllomedusa tarsius,0,0,0.00062794348508634224
ZONE_006,COL_ANURA_0042,Phyllomedusa venusta,1,1,0.00094191522762951331
ZONE_006,COL_ANURA_0044,Allobates brunneus,0,0,0.00062794348508634224
ZONE_006,COL_ANURA_0045,Allobates niputidea,0,0,0.00062794348508634224
ZONE_006,COL_ANURA_0046,Allobates talamancae,0,0,0.00062794348508634224
ZONE_006,COL_ANURA_0047,Rheobates pseudopalmatus,3,3,0.0015698587127158557
ZONE_006,COL_ANURA_0048,Atelopus carauta,0,0,0.00062794348508634224
ZONE_006,COL_ANURA_0049,Atelopus nicefori,31,19,0.0065934065934065934
ZONE_006,COL_ANURA_0050,Atelopus nocturnus,0,0,0.00062794348508634224
ZONE_006,COL_ANURA_0051,Atelopus sanjosei,0,0,0.00062794348508634224
ZONE_006,COL_ANURA_0052,Atelopus sernai,17,17,0.005965463108320251
ZONE_006,COL_ANURA_0053,Atelopus sonsonensis,20,18,0.0062794348508634227
ZONE_006,COL_ANURA_0054,Bufo bufo,1,1,0.00094191522762951331
ZONE_006,COL_ANURA_0055,Incilius coniferus,0,0,0.00062794348508634224
ZONE_006,COL_ANURA_0056,Osornophryne percrassa,1,1,0.00094191522762951331
ZONE_006,COL_ANURA_0057,Rhaebo blombergi,1,1,0.00094191522762951331
ZONE_006,COL_ANURA_0058,Rhaebo haematiticus,3,3,0.0015698587127158557
ZONE_006,COL_ANURA_0059,Rhaebo lynchi,0,0,0.00062794348508634224
ZONE_006,COL_ANURA_0060,Rhinella acrolopha,1,1,0.00094191522762951331
ZONE_006,COL_ANURA_0061,Rhinella granulosa,0,0,0.00062794348508634224
ZONE_006,COL_ANURA_0062,Rhinella humboldti,12,12,0.0043956043956043956
ZONE_006,COL_ANURA_0063,Rhinella lindae,0,0,0.00062794348508634224
ZONE_006,COL_ANURA_0064,Rhinella macrorhina,19,19,0.0065934065934065934
ZONE_006,COL_ANURA_0065,Rhinella marina,76,27,0.0091051805337519619
ZONE_006,COL_ANURA_0066,Rhinella nicefori,74,44,0.014442700156985872
ZONE_006,COL_ANURA_0067,Rhinella paraguas,0,0,0.00062794348508634224
ZONE_006,COL_ANURA_0068,Rhinella rostrata,11,11,0.0040816326530612249
ZONE_006,COL_ANURA_0069,Rhinella ruizi,92,72,0.023233908948194663
ZONE_006,COL_ANURA_0070,Rhinella sternosignata,2,2,0.0012558869701726845
ZONE_006,COL_ANURA_0071,Rhinella tenrec,0,0,0.00062794348508634224
ZONE_006,COL_ANURA_0072,Centrolene antioquiense,10,10,0.0037676609105180532
ZONE_006,COL_ANURA_0073,Centrolene buckleyi,20,20,0.0069073783359497641
ZONE_006,COL_ANURA_0074,Centrolene geckoideum,0,0,0.00062794348508634224
ZONE_006,COL_ANURA_0075,Centrolene peristictum,0,0,0.00062794348508634224
ZONE_006,COL_ANURA_0076,Centrolene quindianum,8,8,0.0031397174254317113
ZONE_006,COL_ANURA_0077,Centrolene robledoi,35,21,0.0072213500784929358
ZONE_006,COL_ANURA_0078,Centrolene savagei,9,9,0.0034536891679748821
ZONE_006,COL_ANURA_0079,Cochranella euknemos,0,0,0.00062794348508634224
ZONE_006,COL_ANURA_0080,Cochranella megista,0,0,0.00062794348508634224
ZONE_006,COL_ANURA_0081,Cochranella ramirezi,0,0,0.00062794348508634224
ZONE_006,COL_ANURA_0082,Cochranella resplendens,0,0,0.00062794348508634224
ZONE_006,COL_ANURA_0083,Espadarana andina,2,2,0.0012558869701726845
ZONE_006,COL_ANURA_0084,Espadarana prosoblepon,21,21,0.0072213500784929358
ZONE_006,COL_ANURA_0085,Hyalinobatrachium aureoguttatum,2,2,0.0012558869701726845
ZONE_006,COL_ANURA_0086,Hyalinobatrachium chirripoi,0,0,0.00062794348508634224
ZONE_006,COL_ANURA_0087,Hyalinobatrachium colymbiphyllum,12,12,0.0043956043956043956
ZONE_006,COL_ANURA_0088,Hyalinobatrachium fleischmanni,2,2,0.0012558869701726845
ZONE_006,COL_ANURA_0089,Hyalinobatrachium tatayoi,6,6,0.002511773940345369
ZONE_006,COL_ANURA_0090,Hyalinobatrachium valerioi,0,0,0.00062794348508634224
ZONE_006,COL_ANURA_0091,Nymphargus chami,1,1,0.00094191522762951331
ZONE_006,COL_ANURA_0092,Nymphargus grandisonae,3,3,0.0015698587127158557
ZONE_006,COL_ANURA_0093,Nymphargus griffithsi,0,0,0.00062794348508634224
ZONE_006,COL_ANURA_0094,Nymphargus ignotus,0,0,0.00062794348508634224
ZONE_006,COL_ANURA_0095,Nymphargus luminosus,0,0,0.00062794348508634224
ZONE_006,COL_ANURA_0096,Nymphargus pijao,0,0,0.00062794348508634224
ZONE_006,COL_ANURA_0097,Nymphargus prasinus,0,0,0.00062794348508634224
ZONE_006,COL_ANURA_0098,Nymphargus rosada,2,2,0.0012558869701726845
ZONE_006,COL_ANURA_0099,Nymphargus spilotus,0,0,0.00062794348508634224
ZONE_006,COL_ANURA_0100,Rulyrana susatamai,13,13,0.0047095761381475663
ZONE_006,COL_ANURA_0101,Sachatamia ilex,0,0,0.00062794348508634224
ZONE_006,COL_ANURA_0102,Sachatamia punctulata,0,0,0.00062794348508634224
ZONE_006,COL_ANURA_0103,Teratohyla pulverata,0,0,0.00062794348508634224
ZONE_006,COL_ANURA_0104,Teratohyla spinosa,0,0,0.00062794348508634224
ZONE_006,COL_ANURA_0105,Atopophrynus syntomopus,2,2,0.0012558869701726845
ZONE_006,COL_ANURA_0106,Craugastor fitzingeri,0,0,0.00062794348508634224
ZONE_006,COL_ANURA_0107,Craugastor gollmeri,0,0,0.00062794348508634224
ZONE_006,COL_ANURA_0108,Craugastor longirostris,2,2,0.0012558869701726845
ZONE_006,COL_ANURA_0109,Craugastor metriosistus,15,15,0.0053375196232339087
ZONE_006,COL_ANURA_0110,Craugastor opimus,0,0,0.00062794348508634224
ZONE_006,COL_ANURA_0111,Niceforonia adenobrachia,2,2,0.0012558869701726845
ZONE_006,COL_ANURA_0112,Niceforonia babax,1,1,0.00094191522762951331
ZONE_006,COL_ANURA_0113,Niceforonia latens,2,2,0.0012558869701726845
ZONE_006,COL_ANURA_0114,Niceforonia mantipus,1,1,0.00094191522762951331
ZONE_006,COL_ANURA_0115,Pristimantis acatallelus,0,0,0.00062794348508634224
ZONE_006,COL_ANURA_0116,Pristimantis actinolaimus,0,0,0.00062794348508634224
ZONE_006,COL_ANURA_0117,Pristimantis aemulatus,0,0,0.00062794348508634224
ZONE_006,COL_ANURA_0118,Pristimantis aurantiguttatus,0,0,0.00062794348508634224
ZONE_006,COL_ANURA_0119,Pristimantis baiotis,0,0,0.00062794348508634224
ZONE_006,COL_ANURA_0120,Pristimantis bellona,0,0,0.00062794348508634224
ZONE_006,COL_ANURA_0121,Pristimantis bernali,3,3,0.0015698587127158557
ZONE_006,COL_ANURA_0122,Pristimantis bicolor,0,0,0.00062794348508634224
ZONE_006,COL_ANURA_0123,Pristimantis boulengeri,0,0,0.00062794348508634224
ZONE_006,COL_ANURA_0124,Pristimantis brevifrons,0,0,0.00062794348508634224
ZONE_006,COL_ANURA_0125,Pristimantis cabrerai,0,0,0.00062794348508634224
ZONE_006,COL_ANURA_0126,Pristimantis calcaratus,0,0,0.00062794348508634224
ZONE_006,COL_ANURA_0127,Pristimantis caprifer,0,0,0.00062794348508634224
ZONE_006,COL_ANURA_0128,Pristimantis carylae,0,0,0.00062794348508634224
ZONE_006,COL_ANURA_0129,Pristimantis caryophyllaceus,0,0,0.00062794348508634224
ZONE_006,COL_ANURA_0130,Pristimantis chalceus,0,0,0.00062794348508634224
ZONE_006,COL_ANURA_0131,Pristimantis chocolatebari,0,0,0.00062794348508634224
ZONE_006,COL_ANURA_0132,Pristimantis conspicillatus,1,1,0.00094191522762951331
ZONE_006,COL_ANURA_0133,Pristimantis cruentus,1,1,0.00094191522762951331
ZONE_006,COL_ANURA_0134,Pristimantis deinops,0,0,0.00062794348508634224
ZONE_006,COL_ANURA_0135,Pristimantis devillei,5,5,0.0021978021978021978
ZONE_006,COL_ANURA_0136,Pristimantis dorsopictus,42,37,0.012244897959183673
ZONE_006,COL_ANURA_0137,Pristimantis factiosus,3,3,0.0015698587127158557
ZONE_006,COL_ANURA_0138,Pristimantis fallax,4,4,0.0018838304552590266
ZONE_006,COL_ANURA_0139,Pristimantis ferwerdai,0,0,0.00062794348508634224
ZONE_006,COL_ANURA_0140,Pristimantis frater,1,1,0.00094191522762951331
ZONE_006,COL_ANURA_0141,Pristimantis gracilis,0,0,0.00062794348508634224
ZONE_006,COL_ANURA_0142,Pristimantis helvolus,0,0,0.00062794348508634224
ZONE_006,COL_ANURA_0143,Pristimantis jaguensis,0,0,0.00062794348508634224
ZONE_006,COL_ANURA_0144,Pristimantis johannesdei,0,0,0.00062794348508634224
ZONE_006,COL_ANURA_0145,Pristimantis juanchoi,0,0,0.00062794348508634224
ZONE_006,COL_ANURA_0146,Pristimantis kelephus,0,0,0.00062794348508634224
ZONE_006,COL_ANURA_0147,Pristimantis lasalleorum,0,0,0.00062794348508634224
ZONE_006,COL_ANURA_0148,Pristimantis latidiscus,2,2,0.0012558869701726845
ZONE_006,COL_ANURA_0149,Pristimantis lemur,0,0,0.00062794348508634224
ZONE_006,COL_ANURA_0150,Pristimantis leopardus,3,3,0.0015698587127158557
ZONE_006,COL_ANURA_0151,Pristimantis maculosus,3,3,0.0015698587127158557
ZONE_006,COL_ANURA_0152,Pristimantis myops,0,0,0.00062794348508634224
ZONE_006,COL_ANURA_0153,Pristimantis orpacobates,4,4,0.0018838304552590266
ZONE_006,COL_ANURA_0154,Pristimantis parectatus,65,36,0.011930926216640502
ZONE_006,COL_ANURA_0155,Pristimantis phragmipleuron,7,7,0.0028257456828885402
ZONE_006,COL_ANURA_0156,Pristimantis piceus,9,9,0.0034536891679748821
ZONE_006,COL_ANURA_0157,Pristimantis platychilus,0,0,0.00062794348508634224
ZONE_006,COL_ANURA_0158,Pristimantis polychrus,0,0,0.00062794348508634224
ZONE_006,COL_ANURA_0159,Pristimantis postducheminorum,0,0,0.00062794348508634224
ZONE_006,COL_ANURA_0160,Pristimantis quantus,0,0,0.00062794348508634224
ZONE_006,COL_ANURA_0161,Pristimantis restrepoi,0,0,0.00062794348508634224
ZONE_006,COL_ANURA_0162,Pristimantis ridens,0,0,0.00062794348508634224
ZONE_006,COL_ANURA_0163,Pristimantis ruedai,0,0,0.00062794348508634224
ZONE_006,COL_ANURA_0164,Pristimantis sanguineus,0,0,0.00062794348508634224
ZONE_006,COL_ANURA_0165,Pristimantis satagius,26,18,0.0062794348508634227
ZONE_006,COL_ANURA_0166,Pristimantis savagei,0,0,0.00062794348508634224
ZONE_006,COL_ANURA_0167,Pristimantis scoloblepharus,83,27,0.0091051805337519619
ZONE_006,COL_ANURA_0168,Pristimantis signifer,0,0,0.00062794348508634224
ZONE_006,COL_ANURA_0169,Pristimantis suetus,0,0,0.00062794348508634224
ZONE_006,COL_ANURA_0170,Pristimantis supernatis,20,20,0.0069073783359497641
ZONE_006,COL_ANURA_0171,Pristimantis tribulosus,2,2,0.0012558869701726845
ZONE_006,COL_ANURA_0172,Pristimantis unistrigatus,0,0,0.00062794348508634224
ZONE_006,COL_ANURA_0173,Pristimantis uranobates,44,44,0.014442700156985872
ZONE_006,COL_ANURA_0174,Pristimantis veletis,0,0,0.00062794348508634224
ZONE_006,COL_ANURA_0175,Pristimantis vertebralis,2,2,0.0012558869701726845
ZONE_006,COL_ANURA_0176,Pristimantis viejas,11,11,0.0040816326530612249
ZONE_006,COL_ANURA_0177,Pristimantis viridis,0,0,0.00062794348508634224
ZONE_006,COL_ANURA_0178,Pristimantis w-nigrum,46,43,0.014128728414442701
ZONE_006,COL_ANURA_0179,Pristimantis zophus,114,36,0.011930926216640502
ZONE_006,COL_ANURA_0180,Pristimantis zorro,0,0,0.00062794348508634224
ZONE_006,COL_ANURA_0181,Strabomantis biporcatus,0,0,0.00062794348508634224
ZONE_006,COL_ANURA_0182,Strabomantis bufoniformis,0,0,0.00062794348508634224
ZONE_006,COL_ANURA_0183,Strabomantis cerastes,1,1,0.00094191522762951331
ZONE_006,COL_ANURA_0184,Strabomantis cheiroplethus,0,0,0.00062794348508634224
ZONE_006,COL_ANURA_0185,Strabomantis necopinus,1,1,0.00094191522762951331
ZONE_006,COL_ANURA_0186,Strabomantis ruizi,2,2,0.0012558869701726845
ZONE_006,COL_ANURA_0187,Strabomantis zygodactylus,0,0,0.00062794348508634224
ZONE_006,COL_ANURA_0188,Andinobates bombetes,0,0,0.00062794348508634224
ZONE_006,COL_ANURA_0189,Andinobates cassidyhornae,0,0,0.00062794348508634224
ZONE_006,COL_ANURA_0190,Andinobates daleswansoni,0,0,0.00062794348508634224
ZONE_006,COL_ANURA_0191,Andinobates fulguritus,0,0,0.00062794348508634224
ZONE_006,COL_ANURA_0192,Andinobates opisthomelas,106,64,0.020722135007849293
ZONE_006,COL_ANURA_0193,Andinobates victimatus,0,0,0.00062794348508634224
ZONE_006,COL_ANURA_0194,Colostethus dysprosium,1,1,0.00094191522762951331
ZONE_006,COL_ANURA_0195,Colostethus imbricolus,0,0,0.00062794348508634224
ZONE_006,COL_ANURA_0196,Colostethus inguinalis,0,0,0.00062794348508634224
ZONE_006,COL_ANURA_0197,Colostethus latinasus,2,2,0.0012558869701726845
ZONE_006,COL_ANURA_0198,Colostethus pratti,0,0,0.00062794348508634224
ZONE_006,COL_ANURA_0199,Colostethus thorntoni,5,5,0.0021978021978021978
ZONE_006,COL_ANURA_0200,Colostethus yaguara,0,0,0.00062794348508634224
ZONE_006,COL_ANURA_0201,Dendrobates auratus,2,2,0.0012558869701726845
ZONE_006,COL_ANURA_0202,Dendrobates tinctorius,0,0,0.00062794348508634224
ZONE_006,COL_ANURA_0203,Ectopoglossus atopoglossus,1,1,0.00094191522762951331
ZONE_006,COL_ANURA_0204,Ectopoglossus saxatilis,0,0,0.00062794348508634224
ZONE_006,COL_ANURA_0205,Hyloxalus abditaurantius,0,0,0.00062794348508634224
ZONE_006,COL_ANURA_0206,Hyloxalus bocagei,1,1,0.00094191522762951331
ZONE_006,COL_ANURA_0207,Hyloxalus chocoensis,0,0,0.00062794348508634224
ZONE_006,COL_ANURA_0208,Hyloxalus delatorreae,2,2,0.0012558869701726845
ZONE_006,COL_ANURA_0209,Hyloxalus excisus,1,1,0.00094191522762951331
ZONE_006,COL_ANURA_0210,Hyloxalus lehmanni,8,8,0.0031397174254317113
ZONE_006,COL_ANURA_0211,Hyloxalus ramosi,0,0,0.00062794348508634224
ZONE_006,COL_ANURA_0212,Hyloxalus subpunctatus,3,3,0.0015698587127158557
ZONE_006,COL_ANURA_0213,Hyloxalus vergeli,0,0,0.00062794348508634224
ZONE_006,COL_ANURA_0214,Leucostethus brachistriatus,10,10,0.0037676609105180532
ZONE_006,COL_ANURA_0215,Leucostethus fraterdanieli,220,124,0.039560439560439559
ZONE_006,COL_ANURA_0216,Leucostethus jota,1,1,0.00094191522762951331
ZONE_006,COL_ANURA_0217,Leucostethus ramirezi,0,0,0.00062794348508634224
ZONE_006,COL_ANURA_0218,Oophaga andresi,0,0,0.00062794348508634224
ZONE_006,COL_ANURA_0219,Oophaga histrionica,0,0,0.00062794348508634224
ZONE_006,COL_ANURA_0220,Oophaga solanensis,0,0,0.00062794348508634224
ZONE_006,COL_ANURA_0221,Phyllobates aurotaenia,0,0,0.00062794348508634224
ZONE_006,COL_ANURA_0222,Phyllobates terribilis,1,1,0.00094191522762951331
ZONE_006,COL_ANURA_0223,Silverstoneia erasmios,0,0,0.00062794348508634224
ZONE_006,COL_ANURA_0224,Silverstoneia minutissima,0,0,0.00062794348508634224
ZONE_006,COL_ANURA_0225,Silverstoneia nubicola,0,0,0.00062794348508634224
ZONE_006,COL_ANURA_0226,Hoplobatrachus tigerinus,1,1,0.00094191522762951331
ZONE_006,COL_ANURA_0227,Diasporus anthrax,1,1,0.00094191522762951331
ZONE_006,COL_ANURA_0228,Diasporus diastema,0,0,0.00062794348508634224
ZONE_006,COL_ANURA_0229,Diasporus gularis,0,0,0.00062794348508634224
ZONE_006,COL_ANURA_0230,Diasporus quidditus,0,0,0.00062794348508634224
ZONE_006,COL_ANURA_0231,Diasporus tinker,0,0,0.00062794348508634224
ZONE_006,COL_ANURA_0232,Eleutherodactylus emiliae,4,4,0.0018838304552590266
ZONE_006,COL_ANURA_0233,Eleutherodactylus johnstonei,21,18,0.0062794348508634227
ZONE_006,COL_ANURA_0234,Cryptobatrachus fuhrmanni,1,1,0.00094191522762951331
ZONE_006,COL_ANURA_0235,Gastrotheca antomia,0,0,0.00062794348508634224
ZONE_006,COL_ANURA_0236,Gastrotheca argenteovirens,6,6,0.002511773940345369
ZONE_006,COL_ANURA_0237,Gastrotheca bufona,0,0,0.00062794348508634224
ZONE_006,COL_ANURA_0238,Gastrotheca dendronastes,0,0,0.00062794348508634224
ZONE_006,COL_ANURA_0239,Gastrotheca dunni,25,25,0.0084772370486656205
ZONE_006,COL_ANURA_0240,Gastrotheca guentheri,0,0,0.00062794348508634224
ZONE_006,COL_ANURA_0241,Gastrotheca nicefori,49,43,0.014128728414442701
ZONE_006,COL_ANURA_0242,Hemiphractus fasciatus,0,0,0.00062794348508634224
ZONE_006,COL_ANURA_0243,Acris crepitans,0,0,0.00062794348508634224
ZONE_006,COL_ANURA_0244,Boana albomarginata,0,0,0.00062794348508634224
ZONE_006,COL_ANURA_0245,Boana crepitans,2,2,0.0012558869701726845
ZONE_006,COL_ANURA_0246,Boana pellucens,0,0,0.00062794348508634224
ZONE_006,COL_ANURA_0247,Boana picturata,0,0,0.00062794348508634224
ZONE_006,COL_ANURA_0248,Boana rubracyla,0,0,0.00062794348508634224
ZONE_006,COL_ANURA_0249,Boana rufitela,0,0,0.00062794348508634224
ZONE_006,COL_ANURA_0250,Dendropsophus carnifex,10,10,0.0037676609105180532
ZONE_006,COL_ANURA_0251,Dendropsophus phlebodes,0,0,0.00062794348508634224
ZONE_006,COL_ANURA_0252,Dendropsophus subocularis,0,0,0.00062794348508634224
ZONE_006,COL_ANURA_0253,Ecnomiohyla phantasmagoria,0,0,0.00062794348508634224
ZONE_006,COL_ANURA_0254,Hyloscirtus antioquia,71,66,0.021350078492935635
ZONE_006,COL_ANURA_0255,Hyloscirtus bogotensis,3,3,0.0015698587127158557
ZONE_006,COL_ANURA_0256,Hyloscirtus colymba,0,0,0.00062794348508634224
ZONE_006,COL_ANURA_0257,Hyloscirtus larinopygion,36,36,0.011930926216640502
ZONE_006,COL_ANURA_0258,Pseudis paradoxa,0,0,0.00062794348508634224
ZONE_006,COL_ANURA_0259,Scarthyla vigilans,0,0,0.00062794348508634224
ZONE_006,COL_ANURA_0260,Scinax boulengeri,0,0,0.00062794348508634224
ZONE_006,COL_ANURA_0261,Scinax caprarius,11,11,0.0040816326530612249
ZONE_006,COL_ANURA_0262,Scinax elaeochroa,0,0,0.00062794348508634224
ZONE_006,COL_ANURA_0263,Scinax rostratus,1,1,0.00094191522762951331
ZONE_006,COL_ANURA_0264,Scinax sugillatus,0,0,0.00062794348508634224
ZONE_006,COL_ANURA_0265,Scinax x-signatus,0,0,0.00062794348508634224
ZONE_006,COL_ANURA_0266,Smilisca phaeota,27,27,0.0091051805337519619
ZONE_006,COL_ANURA_0267,Smilisca sila,33,29,0.0097331240188383052
ZONE_006,COL_ANURA_0268,Smilisca sordida,0,0,0.00062794348508634224
ZONE_006,COL_ANURA_0269,Trachycephalus macrotis,4,4,0.0018838304552590266
ZONE_006,COL_ANURA_0270,Trachycephalus typhonius,11,11,0.0040816326530612249
ZONE_006,COL_ANURA_0271,Trachycephalus venulosus,0,0,0.00062794348508634224
ZONE_006,COL_ANURA_0272,Leptodactylus bolivianus,1,1,0.00094191522762951331
ZONE_006,COL_ANURA_0273,Leptodactylus fragilis,34,29,0.0097331240188383052
ZONE_006,COL_ANURA_0274,Leptodactylus fuscus,10,10,0.0037676609105180532
ZONE_006,COL_ANURA_0275,Leptodactylus insularum,54,48,0.015698587127158554
ZONE_006,COL_ANURA_0276,Leptodactylus melanonotus,0,0,0.00062794348508634224
ZONE_006,COL_ANURA_0277,Leptodactylus mystacinus,0,0,0.00062794348508634224
ZONE_006,COL_ANURA_0278,Leptodactylus pentadactylus,0,0,0.00062794348508634224
ZONE_006,COL_ANURA_0279,Leptodactylus poecilochilus,0,0,0.00062794348508634224
ZONE_006,COL_ANURA_0280,Leptodactylus rhodomerus,0,0,0.00062794348508634224
ZONE_006,COL_ANURA_0281,Leptodactylus savagei,1,1,0.00094191522762951331
ZONE_006,COL_ANURA_0282,Leptodactylus ventrimaculatus,0,0,0.00062794348508634224
ZONE_006,COL_ANURA_0283,Physalaemus fischeri,0,0,0.00062794348508634224
ZONE_006,COL_ANURA_0284,Pleurodema brachyops,0,0,0.00062794348508634224
ZONE_006,COL_ANURA_0285,Pseudopaludicola pusilla,0,0,0.00062794348508634224
ZONE_006,COL_ANURA_0286,Ctenophryne aterrima,0,0,0.00062794348508634224
ZONE_006,COL_ANURA_0287,Elachistocleis panamensis,0,0,0.00062794348508634224
ZONE_006,COL_ANURA_0288,Elachistocleis pearsei,15,15,0.0053375196232339087
ZONE_006,COL_ANURA_0289,Agalychnis buckleyi,0,0,0.00062794348508634224
ZONE_006,COL_ANURA_0290,Agalychnis danieli,0,0,0.00062794348508634224
ZONE_006,COL_ANURA_0291,Agalychnis spurrelli,0,0,0.00062794348508634224
ZONE_006,COL_ANURA_0292,Agalychnis terranova,0,0,0.00062794348508634224
ZONE_006,COL_ANURA_0293,Callimedusa perinesos,0,0,0.00062794348508634224
ZONE_006,COL_ANURA_0294,Phyllomedusa bicolor,1,1,0.00094191522762951331
ZONE_006,COL_ANURA_0295,Pipa myersi,0,0,0.00062794348508634224
ZONE_006,COL_ANURA_0296,Lithobates catesbeianus,43,34,0.011302982731554161
ZONE_006,COL_ANURA_0297,Lithobates palmipes,2,2,0.0012558869701726845
ZONE_006,COL_ANURA_0298,Lithobates vaillanti,1,1,0.00094191522762951331
ZONE_006,COL_ANURA_0299,Pristimantis campesino,0,0,0.00062794348508634224
ZONE_006,COL_ANURA_0300,Pristimantis cryptopictus,16,16,0.0056514913657770803
