taxon_id,scientific_name,observation_id,latitude,longitude,positional_accuracy,observed_on,observer,assignment_method,url
COL_ANURA_0002,Rhinella alata,399141459,2.7702214433,-77.66936548,31,2026-09-10,fundacion_proaves,interior,https://www.inaturalist.org/observations/399141459
COL_ANURA_0002,Rhinella alata,399141450,2.7702214433,-77.66936548,31,2026-09-10,fundacion_proaves,interior,https://www.inaturalist.org/observations/399141450
COL_ANURA_0002,Rhinella alata,398315280,2.7702214433,-77.66936548,31,2026-09-07,fundacion_proaves,interior,https://www.inaturalist.org/observations/398315280
COL_ANURA_0002,Rhinella alata,398315270,2.7702214433,-77.66936548,31,2026-09-07,fundacion_proaves,interior,https://www.inaturalist.org/observations/398315270
COL_ANURA_0002,Rhinella alata,398315264,2.7702214433,-77.66936548,31,2026-09-07,fundacion_proaves,interior,https://www.inaturalist.org/observations/398315264
COL_ANURA_0002,Rhinella alata,398315252,2.7702214433,-77.66936548,31,2026-09-04,fundacion_proaves,interior,https://www.inaturalist.org/observations/398315252
COL_ANURA_0002,Rhinella alata,395309143,2.7702214433,-77.66936548,31,2026-08-25,fundacion_proaves,interior,https://www.inaturalist.org/observations/395309143
COL_ANURA_0002,Rhinella alata,394289020,2.7702214433,-77.66936548,31,2026-08-24,fundacion_proaves,interior,https://www.inaturalist.org/observations/394289020
COL_ANURA_0002,Rhinella alata,394289014,2.7702214433,-77.66936548,31,2026-08-24,fundacion_proaves,interior,https://www.inaturalist.org/observations/394289014
COL_ANURA_0002,Rhinella alata,394289012,2.7702214433,-77.66936548,31,2026-08-24,fundacion_proaves,interior,https://www.inaturalist.org/observations/394289012
COL_ANURA_0002,Rhinella alata,394289005,2.7702214433,-77.66936548,31,2026-08-24,fundacion_proaves,interior,https://www.inaturalist.org/observations/394289005
COL_ANURA_0002,Rhinella alata,394287236,2.7702214433,-77.66936548,31,2026-08-21,fundacion_proaves,interior,https://www.inaturalist.org/observations/394287236
COL_ANURA_0002,Rhinella alata,394285247,2.7702214433,-77.66936548,31,2026-08-20,fundacion_proaves,interior,https://www.inaturalist.org/observations/394285247
COL_ANURA_0002,Rhinella alata,394285240,2.7702214433,-77.66936548,31,2026-08-20,fundacion_proaves,interior,https://www.inaturalist.org/observations/394285240
COL_ANURA_0002,Rhinella alata,394285238,2.7702214433,-77.66936548,31,2026-08-20,fundacion_proaves,interior,https://www.inaturalist.org/observations/394285238
COL_ANURA_0002,Rhinella alata,394285236,2.7702214433,-77.66936548,31,2026-08-20,fundacion_proaves,interior,https://www.inaturalist.org/observations/394285236
COL_ANURA_0002,Rhinella alata,394285235,2.7702214433,-77.66936548,31,2026-08-20,fundacion_proaves,interior,https://www.inaturalist.org/observations/394285235
COL_ANURA_0002,Rhinella alata,394285229,2.7702214433,-77.66936548,31,2026-08-20,fundacion_proaves,interior,https://www.inaturalist.org/observations/394285229
COL_ANURA_0002,Rhinella alata,389881798,2.7702214433,-77.66936548,31,2026-08-08,fundacion_proaves,interior,https://www.inaturalist.org/observations/389881798
COL_ANURA_0002,Rhinella alata,388297062,2.7702214433,-77.66936548,31,2026-07-31,fundacion_proaves,interior,https://www.inaturalist.org/observations/388297062
COL_ANURA_0002,Rhinella alata,384400986,2.7702214433,-77.66936548,31,2026-07-23,fundacion_proaves,interior,https://www.inaturalist.org/observations/384400986
COL_ANURA_0002,Rhinella alata,384400981,2.7702214433,-77.66936548,31,2026-07-23,fundacion_proaves,interior,https://www.inaturalist.org/observations/384400981
COL_ANURA_0002,Rhinella alata,384400971,2.7702214433,-77.66936548,31,2026-07-23,fundacion_proaves,interior,https://www.inaturalist.org/observations/384400971
COL_ANURA_0002,Rhinella alata,383743083,2.7702214433,-77.66936548,31,2026-07-14,fundacion_proaves,interior,https://www.inaturalist.org/observations/383743083
COL_ANURA_0002,Rhinella alata,383743056,2.7702214433,-77.66936548,31,2026-07-14,fundacion_proaves,interior,https://www.inaturalist.org/observations/383743056
COL_ANURA_0002,Rhinella alata,383738654,2.7702214433,-77.66936548,31,2026-07-20,fundacion_proaves,interior,https://www.inaturalist.org/observations/383738654
COL_ANURA_0002,Rhinella alata,383738652,2.7702214433,-77.66936548,31,2026-07-20,fundacion_proaves,interior,https://www.inaturalist.org/observations/383738652
COL_ANURA_0002,Rhinella alata,380783137,2.7702214433,-77.66936548,31,2026-07-08,fundacion_proaves,interior,https://www.inaturalist.org/observations/380783137
COL_ANURA_0002,Rhinella alata,380779264,2.7702214433,-77.66936548,31,2026-07-10,fundacion_proaves,interior,https://www.inaturalist.org/observations/380779264
COL_ANURA_0002,Rhinella alata,380779257,2.7702214433,-77.66936548,31,2026-07-10,fundacion_proaves,interior,https://www.inaturalist.org/observations/380779257
COL_ANURA_0002,Rhinella alata,377017643,2.7702214433,-77.66936548,31,2026-06-26,fundacion_proaves,interior,https://www.inaturalist.org/observations/377017643
COL_ANURA_0002,Rhinella alata,377017627,2.7702214433,-77.66936548,31,2026-06-25,fundacion_proaves,interior,https://www.inaturalist.org/observations/377017627
COL_ANURA_0002,Rhinella alata,377017626,2.7702214433,-77.66936548,31,2026-06-25,fundacion_proaves,interior,https://www.inaturalist.org/observations/377017626
COL_ANURA_0002,Rhinella alata,377017616,2.7702214433,-77.66936548,31,2026-06-25,fundacion_proaves,interior,https://www.inaturalist.org/observations/377017616
COL_ANURA_0002,Rhinella alata,377013172,2.7702214433,-77.66936548,31,2026-06-30,fundacion_proaves,interior,https://www.inaturalist.org/observations/377013172
COL_ANURA_0002,Rhinella alata,374335060,2.7702214433,-77.66936548,31,2026-06-20,fundacion_proaves,interior,https://www.inaturalist.org/observations/374335060
COL_ANURA_0002,Rhinella alata,374335041,2.7702214433,-77.66936548,31,2026-06-20,fundacion_proaves,interior,https://www.inaturalist.org/observations/374335041
COL_ANURA_0002,Rhinella alata,374335040,2.7702214433,-77.66936548,31,2026-06-20,fundacion_proaves,interior,https://www.inaturalist.org/observations/374335040
COL_ANURA_0002,Rhinella alata,374335039,2.7702214433,-77.66936548,31,2026-06-20,fundacion_proaves,interior,https://www.inaturalist.org/observations/374335039
COL_ANURA_0002,Rhinella alata,371936273,2.7702214433,-77.66936548,31,2026-06-15,fundacion_proaves,interior,https://www.inaturalist.org/observations/371936273
COL_ANURA_0002,Rhinella alata,368975912,1.1198615969,-76.3241555169,212,2026-04-12,arleyo,interior,https://www.inaturalist.org/observations/368975912
COL_ANURA_0002,Rhinella alata,349854106,2.770318,-77.669309,,2014-09-12,fundacion_proaves,interior,https://www.inaturalist.org/observations/349854106
COL_ANURA_0002,Rhinella alata,349854105,2.770361,-77.669127,,2014-09-10,fundacion_proaves,interior,https://www.inaturalist.org/observations/349854105
COL_ANURA_0002,Rhinella alata,349854104,2.770216,-77.669333,,2014-11-12,fundacion_proaves,interior,https://www.inaturalist.org/observations/349854104
COL_ANURA_0002,Rhinella alata,349854103,2.770371,-77.669084,,2020-08-03,fundacion_proaves,interior,https://www.inaturalist.org/observations/349854103
COL_ANURA_0002,Rhinella alata,349815393,2.769578,-77.669516,,2015-01-01,fundacion_proaves,interior,https://www.inaturalist.org/observations/349815393
COL_ANURA_0002,Rhinella alata,341020921,2.54832979,-77.90007717,,2026-03-02,johnhurtadoarango,interior,https://www.inaturalist.org/observations/341020921
COL_ANURA_0002,Rhinella alata,330767601,2.5007631951,-76.0447301649,977,2025-11-01,gustavopisso,interior,https://www.inaturalist.org/observations/330767601
COL_ANURA_0002,Rhinella alata,313102682,2.76919009,-77.67182917,7,2025-09-11,lgmosquera,interior,https://www.inaturalist.org/observations/313102682
COL_ANURA_0002,Rhinella alata,265291389,2.7713678672,-77.6742626863,251,2025-03-13,fundacion_proaves,interior,https://www.inaturalist.org/observations/265291389
COL_ANURA_0002,Rhinella alata,264893364,2.7681455162,-77.6749876718,4,2025-03-10,fundacion_proaves,interior,https://www.inaturalist.org/observations/264893364
COL_ANURA_0002,Rhinella alata,156464446,2.773033012,-77.6640872285,44,2023-04-23,j-b-v,interior,https://www.inaturalist.org/observations/156464446
COL_ANURA_0002,Rhinella alata,110689333,2.5773873014,-76.0579781234,490,2022-04-01,juan419,interior,https://www.inaturalist.org/observations/110689333
COL_ANURA_0002,Rhinella alata,76182248,2.7705555556,-77.6758333333,,2021-04-30,juancarlosluna1,interior,https://www.inaturalist.org/observations/76182248
COL_ANURA_0002,Rhinella alata,66678179,2.7672312876,-77.6682841818,122,2020-11-20,petiteoisseau,interior,https://www.inaturalist.org/observations/66678179
COL_ANURA_0002,Rhinella alata,45743075,2.7857043578,-77.6553404078,330,2019-12-18,gustavopisso,interior,https://www.inaturalist.org/observations/45743075
COL_ANURA_0002,Rhinella alata,40454961,2.5728709,-77.8889378,1428,2020-03-18,danny292,interior,https://www.inaturalist.org/observations/40454961
COL_ANURA_0002,Rhinella alata,35328002,2.777744,-77.667606,1133,2018-09-08,danny292,interior,https://www.inaturalist.org/observations/35328002
COL_ANURA_0029,Dendropsophus columbianus,360089644,2.453655,-76.5164233333,4,2026-05-09,leoncio10561,interior,https://www.inaturalist.org/observations/360089644
COL_ANURA_0029,Dendropsophus columbianus,342101601,2.4535638895,-76.6086852551,207,2026-03-09,arleyo,interior,https://www.inaturalist.org/observations/342101601
COL_ANURA_0029,Dendropsophus columbianus,319173511,2.6323790695,-76.3404499367,38,2025-09-27,estevanconv,interior,https://www.inaturalist.org/observations/319173511
COL_ANURA_0029,Dendropsophus columbianus,263399309,3.1333263744,-76.3919672043,1953,2025-02-28,dianaalvarez23,interior,https://www.inaturalist.org/observations/263399309
COL_ANURA_0029,Dendropsophus columbianus,249106581,2.4135063885,-76.5651439503,567,2024-10-20,viviana37722,interior,https://www.inaturalist.org/observations/249106581
COL_ANURA_0029,Dendropsophus columbianus,220075129,2.5626694444,-76.5724805556,,2024-05-31,carlos_manuel83542,interior,https://www.inaturalist.org/observations/220075129
COL_ANURA_0029,Dendropsophus columbianus,212751190,2.65392,-76.686421,9776,2024-04-27,danielgomez___,interior,https://www.inaturalist.org/observations/212751190
COL_ANURA_0029,Dendropsophus columbianus,203596962,2.4687716667,-76.5504383333,4,2024-03-21,danielgomez___,interior,https://www.inaturalist.org/observations/203596962
COL_ANURA_0029,Dendropsophus columbianus,196946571,2.3555133333,-76.6560666667,8,2024-01-15,danielgomez___,interior,https://www.inaturalist.org/observations/196946571
COL_ANURA_0029,Dendropsophus columbianus,196946286,2.355255,-76.655975,4,2024-01-15,danielgomez___,interior,https://www.inaturalist.org/observations/196946286
COL_ANURA_0029,Dendropsophus columbianus,181085475,2.355375,-76.6560883333,15,2022-06-02,danielgomez___,interior,https://www.inaturalist.org/observations/181085475
COL_ANURA_0029,Dendropsophus columbianus,179768164,2.4537179752,-76.516610384,39,2023-08-22,leoncio_isaias_pena_ortega,interior,https://www.inaturalist.org/observations/179768164
COL_ANURA_0029,Dendropsophus columbianus,179743959,2.453708596,-76.516614072,32,2023-08-22,leoncio_isaias_pena_ortega,interior,https://www.inaturalist.org/observations/179743959
COL_ANURA_0029,Dendropsophus columbianus,147437193,2.8907333333,-76.5001916667,,2023-01-24,litrato,interior,https://www.inaturalist.org/observations/147437193
COL_ANURA_0029,Dendropsophus columbianus,141434633,2.4961291746,-76.6238711797,171,2022-02-27,andres_forero,interior,https://www.inaturalist.org/observations/141434633
COL_ANURA_0029,Dendropsophus columbianus,124485582,2.4589582156,-76.6376390308,35,2022-07-02,cayapu,interior,https://www.inaturalist.org/observations/124485582
COL_ANURA_0029,Dendropsophus columbianus,107836974,2.4848697019,-76.5767766908,54,2022-03-03,maria_paula14,interior,https://www.inaturalist.org/observations/107836974
COL_ANURA_0029,Dendropsophus columbianus,105536296,2.6377954217,-76.5224964917,35,2014-12-16,johnortizc,interior,https://www.inaturalist.org/observations/105536296
COL_ANURA_0029,Dendropsophus columbianus,103939744,2.61672,-76.30005,1166,2020-02-16,wp_herping,interior,https://www.inaturalist.org/observations/103939744
COL_ANURA_0029,Dendropsophus columbianus,100743008,2.45298274,-76.51703438,17,2021-11-09,coach_musical_jardiel,interior,https://www.inaturalist.org/observations/100743008
COL_ANURA_0029,Dendropsophus columbianus,86817617,2.648268234,-76.5386324151,9,2021-07-12,jeffersson2,interior,https://www.inaturalist.org/observations/86817617
COL_ANURA_0029,Dendropsophus columbianus,62580770,2.5555315606,-76.5696211004,69,2020-10-10,gustavopisso,interior,https://www.inaturalist.org/observations/62580770
COL_ANURA_0029,Dendropsophus columbianus,52167707,2.4765482428,-76.6444391012,120,,catalinasalazar,interior,https://www.inaturalist.org/observations/52167707
COL_ANURA_0029,Dendropsophus columbianus,46341899,2.4431949983,-76.4494349122,2511,2016-12-17,gustavopisso,interior,https://www.inaturalist.org/observations/46341899
COL_ANURA_0029,Dendropsophus columbianus,286359,2.457073,-76.732571,132,,gpisso,interior,http://www.inaturalist.org/observations/286359
COL_ANURA_0029,Dendropsophus columbianus,35031,2.4941383715,-76.5894699097,,2010-12-29,david_toledo,interior,http://www.inaturalist.org/observations/35031
COL_ANURA_0007,Pristimantis achatinus,363836230,2.3182167227,-77.2987552732,1328,2026-05-20,jose_alejandro93463,interior,https://www.inaturalist.org/observations/363836230
COL_ANURA_0007,Pristimantis achatinus,329683782,3.2684437517,-76.3158469454,295,2025-12-06,jsebas98,interior,https://www.inaturalist.org/observations/329683782
COL_ANURA_0007,Pristimantis achatinus,319173295,2.4526417202,-76.1681837216,2706,2025-09-27,estevanconv,interior,https://www.inaturalist.org/observations/319173295
COL_ANURA_0007,Pristimantis achatinus,253004970,2.5553139747,-76.5687463752,15,2024-11-15,johnhurtadoarango,interior,https://www.inaturalist.org/observations/253004970
COL_ANURA_0007,Pristimantis achatinus,253004341,2.5382032674,-76.5618685378,15,2024-11-16,johnhurtadoarango,interior,https://www.inaturalist.org/observations/253004341
COL_ANURA_0007,Pristimantis achatinus,253002528,2.6149992007,-76.5098080926,8,2024-11-07,johnhurtadoarango,interior,https://www.inaturalist.org/observations/253002528
COL_ANURA_0007,Pristimantis achatinus,253002527,2.6149986564,-76.509775948,61,2024-11-07,johnhurtadoarango,interior,https://www.inaturalist.org/observations/253002527
COL_ANURA_0007,Pristimantis achatinus,148673030,2.6542288756,-76.5416833386,92,,alexjavpaznarvaez,interior,https://www.inaturalist.org/observations/148673030
COL_ANURA_0007,Pristimantis achatinus,88769336,2.6499598845,-77.6140104153,262,2021-06-23,dannaruizp,interior,https://www.inaturalist.org/observations/88769336
COL_ANURA_0007,Pristimantis achatinus,61805808,2.5556835368,-76.56863451,78,2020-08-19,gustavopisso,interior,https://www.inaturalist.org/observations/61805808
COL_ANURA_0007,Pristimantis achatinus,39029728,2.96628,-76.2338483333,,2020-01-31,avistadepajaro,interior,https://www.inaturalist.org/observations/39029728
COL_ANURA_0007,Pristimantis achatinus,40067,2.8624635891,-76.4459609985,,,jhon_sarria,interior,http://www.inaturalist.org/observations/40067
COL_ANURA_0023,Boana platanera,321820421,3.0094040069,-76.477028355,12,2018-05-06,jflaz,interior,https://www.inaturalist.org/observations/321820421
COL_ANURA_0023,Boana platanera,282550936,3.204335859,-76.4133543894,142,2025-05-19,romabarona,interior,https://www.inaturalist.org/observations/282550936
COL_ANURA_0023,Boana platanera,217835333,2.8443156816,-76.5436439069,31,2024-05-23,jormamg,interior,https://www.inaturalist.org/observations/217835333
COL_ANURA_0023,Boana platanera,214202851,2.7264710316,-76.5497858219,19,2024-05-07,jormamg,interior,https://www.inaturalist.org/observations/214202851
COL_ANURA_0023,Boana platanera,196291130,2.7667499107,-76.7499699444,2169,2024-01-10,mruizc,interior,https://www.inaturalist.org/observations/196291130
COL_ANURA_0023,Boana platanera,183580040,3.0343416667,-76.5126633333,4,2023-08-09,juan_carlos53717,interior,https://www.inaturalist.org/observations/183580040
COL_ANURA_0023,Boana platanera,148445130,3.0074287155,-76.4802331786,15,2023-02-10,anabusi,interior,https://www.inaturalist.org/observations/148445130
COL_ANURA_0023,Boana platanera,147157351,3.0090129444,-76.4863047749,2846,,pammelaalixoncaicedobuitrago,interior,https://www.inaturalist.org/observations/147157351
COL_ANURA_0021,Boana cinerascens,384594573,1.0240583333,-76.4673083333,13,2026-07-21,samuelcev,interior,https://www.inaturalist.org/observations/384594573
COL_ANURA_0021,Boana cinerascens,383699689,1.0083527833,-76.2860116667,4,2026-07-16,samuelcev,interior,https://www.inaturalist.org/observations/383699689
COL_ANURA_0021,Boana cinerascens,356315034,1.1236260262,-76.3196393475,236,2026-04-10,arleyo,interior,https://www.inaturalist.org/observations/356315034
COL_ANURA_0021,Boana cinerascens,325604654,1.0078861167,-76.28527,4,2025-11-07,lizardollie,interior,https://www.inaturalist.org/observations/325604654
COL_ANURA_0021,Boana cinerascens,251461711,1.4788283333,-76.3893133333,8,2024-11-09,danielgomez___,interior,https://www.inaturalist.org/observations/251461711
COL_ANURA_0021,Boana cinerascens,201554542,1.530963,-76.3244368,28,2024-02-24,danielgomez___,interior,https://www.inaturalist.org/observations/201554542
COL_ANURA_0016,Pristimantis thectopternus,339766574,1.6718666667,-76.564105,1,2026-02-22,malejahol,interior,https://www.inaturalist.org/observations/339766574
COL_ANURA_0016,Pristimantis thectopternus,120770693,2.458375,-76.5131033333,,2022-05-27,avistadepajaro,interior,https://www.inaturalist.org/observations/120770693
COL_ANURA_0016,Pristimantis thectopternus,83665861,2.4138312921,-76.4271680903,604,2021-06-06,andres_forero,interior,https://www.inaturalist.org/observations/83665861
COL_ANURA_0016,Pristimantis thectopternus,39858786,2.9678033333,-76.2268216667,,2020-03-03,avistadepajaro,interior,https://www.inaturalist.org/observations/39858786
COL_ANURA_0016,Pristimantis thectopternus,39029745,2.9662983333,-76.23383,,2020-01-31,avistadepajaro,interior,https://www.inaturalist.org/observations/39029745
COL_ANURA_0016,Pristimantis thectopternus,14095187,2.4448143,-76.6147395,9171,2017-03-14,andres_forero,interior,https://www.inaturalist.org/observations/14095187
COL_ANURA_0026,Boana rosenbergi,349815389,2.769369,-77.66973,,2021-05-21,fundacion_proaves,interior,https://www.inaturalist.org/observations/349815389
COL_ANURA_0026,Boana rosenbergi,312529208,2.7690133333,-77.6700216667,60,2025-09-08,fundacion_proaves,interior,https://www.inaturalist.org/observations/312529208
COL_ANURA_0026,Boana rosenbergi,88771354,2.659348,-77.624031,,2021-06-10,dannaruizp,interior,https://www.inaturalist.org/observations/88771354
COL_ANURA_0026,Boana rosenbergi,75581169,2.7680555556,-77.6705555556,,2021-04-28,juancarlosluna1,interior,https://www.inaturalist.org/observations/75581169
COL_ANURA_0022,Boana lanciformis,230916133,1.530963,-76.3244368,28,2024-07-21,danielgomez___,interior,https://www.inaturalist.org/observations/230916133
COL_ANURA_0022,Boana lanciformis,216940292,1.4975820056,-76.3842748851,68,2024-05-19,andreitaramirez,interior,https://www.inaturalist.org/observations/216940292
COL_ANURA_0022,Boana lanciformis,201554577,1.4939916667,-76.3724666667,70,2024-02-24,danielgomez___,interior,https://www.inaturalist.org/observations/201554577
COL_ANURA_0036,Dendropsophus triangulum,378231427,1.00815,-76.284125,4,2026-07-01,samuelcev,interior,https://www.inaturalist.org/observations/378231427
COL_ANURA_0036,Dendropsophus triangulum,118368419,1.06528991,-76.1973101646,499,2022-05-21,yennyth,interior,https://www.inaturalist.org/observations/118368419
COL_ANURA_0041,Phyllomedusa tarsius,356318287,1.1231527073,-76.3189755008,212,2026-04-10,arleyo,interior,https://www.inaturalist.org/observations/356318287
COL_ANURA_0041,Phyllomedusa tarsius,344564253,1.1416361667,-76.350975,3,2026-03-21,roger_rodriguez,interior,https://www.inaturalist.org/observations/344564253
COL_ANURA_0020,Boana boans,287233517,1.0307582237,-76.4421116933,213,2025-06-05,jonathan14441,interior,https://www.inaturalist.org/observations/287233517
COL_ANURA_0025,Boana punctata,384594367,1.0241695,-76.4674833333,17,2026-07-21,samuelcev,interior,https://www.inaturalist.org/observations/384594367
COL_ANURA_0006,Craugastor raniformis,87926257,2.5776866667,-77.9058533333,5,2021-07-20,valenietof,interior,https://www.inaturalist.org/observations/87926257
COL_ANURA_0039,Engystomops pustulosus,349854038,2.7693,-77.669921,,2020-08-03,fundacion_proaves,interior,https://www.inaturalist.org/observations/349854038
COL_ANURA_0012,Pristimantis palmeri,218373095,2.4613313712,-76.6191461406,9834,2024-05-24,ivanacorrea,interior,https://www.inaturalist.org/observations/218373095
COL_ANURA_0004,Rhinella margaritifera,310308774,1.0056083333,-76.2792527778,,2025-07-09,saucierj,interior,https://www.inaturalist.org/observations/310308774
COL_ANURA_0038,Scinax ruber,296441785,2.1156416667,-76.9891783333,1,2025-07-08,lucabermudez,interior,https://www.inaturalist.org/observations/296441785
