taxon_id,order,family,genus,species,scientific_name,authorship,accepted_name,synonyms,taxonomic_status,common_name_es,inaturalist_taxon_id,source,last_verified,directory_legacy,gbif_species_key
COL_ANURA_0001,Anura,Aromobatidae,Rheobates,palmatus,Rheobates palmatus,"(Werner, 1899) ",Rheobates palmatus,,ACCEPTED,Palm Rocket Frog,67082,iNaturalist; GBIF Backbone,2026-09-13,Rheobates_palmatus,2426202
COL_ANURA_0002,Anura,Bufonidae,Rhinella,alata,Rhinella alata,"(Thominot, 1884) ",Rhinella alata,,ACCEPTED,Sapo del Obispo,67089,iNaturalist; GBIF Backbone,2026-09-13,Rhinella_alata,5216905
COL_ANURA_0003,Anura,Bufonidae,Rhinella,horribilis,Rhinella horribilis,"(Wiegmann, 1833) ",Rhinella horribilis,,ACCEPTED,Sapo gigante,517119,iNaturalist; GBIF Backbone,2026-09-13,Rhinella_horribilis,10892611
COL_ANURA_0004,Anura,Bufonidae,Rhinella,margaritifera,Rhinella margaritifera,"(Laurenti, 1768) ",Rhinella margaritifera,,ACCEPTED,Sapo Crestado,67128,iNaturalist; GBIF Backbone,2026-09-13,Rhinella_margaritifera,5216969
COL_ANURA_0005,Anura,Centrolenidae,Sachatamia,electrops,Sachatamia electrops,"Rada, Jeckel, Caorsi, Barrientos, Rivera-Correa & Grant, 2017",Sachatamia electrops,,ACCEPTED,,604172,iNaturalist; GBIF Backbone,2026-09-13,Sachatamia_electrops,10842940
COL_ANURA_0006,Anura,Craugastoridae,Craugastor,raniformis,Craugastor raniformis,"(Boulenger, 1896) ",Craugastor raniformis,,ACCEPTED,Rana chivita,65285,iNaturalist; GBIF Backbone,2026-09-13,Craugastor_raniformis,2430739
COL_ANURA_0007,Anura,Craugastoridae,Pristimantis,achatinus,Pristimantis achatinus,"(Boulenger, 1898) ",Pristimantis achatinus,,ACCEPTED,Cutín común de occidente,66531,iNaturalist; GBIF Backbone,2026-09-13,Pristimantis_achatinus,2425166
COL_ANURA_0008,Anura,Craugastoridae,Pristimantis,bogotensis,Pristimantis bogotensis,"(Peters, 1863) ",Pristimantis bogotensis,,ACCEPTED,Bogota Robber Frog,66578,iNaturalist; GBIF Backbone,2026-09-13,Pristimantis_bogotensis,2425020
COL_ANURA_0009,Anura,Craugastoridae,Pristimantis,erythropleura,Pristimantis erythropleura,"(Boulenger, 1896) ",Pristimantis erythropleura,,ACCEPTED,Rana De Ingle Roja,66657,iNaturalist; GBIF Backbone,2026-09-13,Pristimantis_erythropleura,2425144
COL_ANURA_0010,Anura,Craugastoridae,Pristimantis,gaigei,Pristimantis gaigei,"(Dunn, 1931) ",Pristimantis gaigei,,ACCEPTED,Gaige's Rain Frog,66673,iNaturalist; GBIF Backbone,2026-09-13,Pristimantis_gaigei,2425649
COL_ANURA_0011,Anura,Craugastoridae,Pristimantis,paisa,Pristimantis paisa,"(Lynch & Ardila-Robayo, 1999) ",Pristimantis paisa,,ACCEPTED,Cutín paisa,66785,iNaturalist; GBIF Backbone,2026-09-13,Pristimantis_paisa,2425047
COL_ANURA_0012,Anura,Craugastoridae,Pristimantis,palmeri,Pristimantis palmeri,"(Boulenger, 1912) ",Pristimantis palmeri,,ACCEPTED,Palmer's Robber Frog,66786,iNaturalist; GBIF Backbone,2026-09-13,Pristimantis_palmeri,2425033
COL_ANURA_0013,Anura,Craugastoridae,Pristimantis,penelopus,Pristimantis penelopus,"(Lynch & Rueda-Almonacid, 1999) ",Pristimantis penelopus,,ACCEPTED,Rana De Ingles Negras Y Amarillas,66797,iNaturalist; GBIF Backbone,2026-09-13,Pristimantis_penelopus,2425662
COL_ANURA_0014,Anura,Craugastoridae,Pristimantis,permixtus,Pristimantis permixtus,"(Lynch, Ruiz-Carranza & Ardila-Robayo, 1994) ",Pristimantis permixtus,,ACCEPTED,Rana De Muslos Naranja,66801,iNaturalist; GBIF Backbone,2026-09-13,Pristimantis_permixtus,2425577
COL_ANURA_0015,Anura,Craugastoridae,Pristimantis,taeniatus,Pristimantis taeniatus,"(Boulenger, 1912) ",Pristimantis taeniatus,,ACCEPTED,Banded Rain Frog,66893,iNaturalist; GBIF Backbone,2026-09-13,Pristimantis_taeniatus,2425333
COL_ANURA_0016,Anura,Craugastoridae,Pristimantis,thectopternus,Pristimantis thectopternus,"(Lynch, 1975) ",Pristimantis thectopternus,,ACCEPTED,Rana De Espolon,66901,iNaturalist; GBIF Backbone,2026-09-13,Pristimantis_thectopternus,2425150
COL_ANURA_0017,Anura,Craugastoridae,Pristimantis,vilarsi,Pristimantis vilarsi,,Pristimantis vilarsi,,UNVERIFIED,Ranita Selvatica Comun,66928,iNaturalist,2026-09-12,Pristimantis_vilarsi,2425447
COL_ANURA_0018,Anura,Dendrobatidae,Dendrobates,truncatus,Dendrobates truncatus,"(Cope, 1861) ",Dendrobates truncatus,,ACCEPTED,Rana venenosa de rayas amarillas,21116,iNaturalist; GBIF Backbone,2026-09-13,Dendrobates_truncatus,5218029
COL_ANURA_0019,Anura,Dendrobatidae,Hyloxalus,picachos,Hyloxalus picachos,,Hyloxalus picachos,,UNVERIFIED,,1250338,iNaturalist,2026-09-12,Hyloxalus_picachos,11433514
COL_ANURA_0020,Anura,Hylidae,Boana,boans,Boana boans,"(Linnaeus, 1758) ",Boana boans,,ACCEPTED,Rana gladiadora,555086,iNaturalist; GBIF Backbone,2026-09-13,Boana_boans,9911852
COL_ANURA_0021,Anura,Hylidae,Boana,cinerascens,Boana cinerascens,,Boana cinerascens,,UNVERIFIED,Rana Granosa,555094,iNaturalist,2026-09-12,Boana_cinerascens,10039315
COL_ANURA_0022,Anura,Hylidae,Boana,lanciformis,Boana lanciformis,,Boana lanciformis,,UNVERIFIED,Rana Lanceolada Comun,555117,iNaturalist,2026-09-12,Boana_lanciformis,10749780
COL_ANURA_0023,Anura,Hylidae,Boana,platanera,Boana platanera,"Escalona, Marca, Castellanos, Fouquet, Crawford, Rojas-Runjaic, Giaretta, Señaris & Castroviejo-Fisher, 2021",Boana platanera,,ACCEPTED,Rana Platanera de Ojos Pálidos,1251425,iNaturalist; GBIF Backbone,2026-09-13,Boana_platanera,11203160
COL_ANURA_0024,Anura,Hylidae,Boana,pugnax,Boana pugnax,"(Schmidt, 1857) ",Boana pugnax,,ACCEPTED,Rana Platanera de ojos tornasol,555142,iNaturalist; GBIF Backbone,2026-09-13,Boana_pugnax,10820559
COL_ANURA_0025,Anura,Hylidae,Boana,punctata,Boana punctata,,Boana punctata,,UNVERIFIED,Rana Punteada,555145,iNaturalist,2026-09-12,Boana_punctata,10132344
COL_ANURA_0026,Anura,Hylidae,Boana,rosenbergi,Boana rosenbergi,"(Boulenger, 1898) ",Boana rosenbergi,,ACCEPTED,rana arbórea de gladiadora,555150,iNaturalist; GBIF Backbone,2026-09-13,Boana_rosenbergi,10826642
COL_ANURA_0027,Anura,Hylidae,Boana,xerophylla,Boana xerophylla,"(Duméril & Bibron, 1841) ",Boana xerophylla,,ACCEPTED,Rana platanera del escudo guayanés,555164,iNaturalist; GBIF Backbone,2026-09-13,Boana_xerophylla,10493617
COL_ANURA_0028,Anura,Hylidae,Dendropsophus,bogerti,Dendropsophus bogerti,"(Cochran & Goin, 1970) ",Dendropsophus bogerti,,ACCEPTED,Ranita de pantano,65336,iNaturalist; GBIF Backbone,2026-09-13,Dendropsophus_bogerti,2428491
COL_ANURA_0029,Anura,Hylidae,Dendropsophus,columbianus,Dendropsophus columbianus,"(Boettger, 1892) ",Dendropsophus columbianus,,ACCEPTED,Ranita de pantano Colombiana,65344,iNaturalist; GBIF Backbone,2026-09-13,Dendropsophus_columbianus,2428577
COL_ANURA_0030,Anura,Hylidae,Dendropsophus,ebraccatus,Dendropsophus ebraccatus,"(Cope, 1874) ",Dendropsophus ebraccatus,,ACCEPTED,Rana arbórea amarillenta,65349,iNaturalist; GBIF Backbone,2026-09-13,Dendropsophus_ebraccatus,2428420
COL_ANURA_0031,Anura,Hylidae,Dendropsophus,mathiassoni,Dendropsophus mathiassoni,,Dendropsophus mathiassoni,,UNVERIFIED,Ranita llanera de pantanos,65369,iNaturalist,2026-09-12,Dendropsophus_mathiassoni,2428493
COL_ANURA_0032,Anura,Hylidae,Dendropsophus,microcephalus,Dendropsophus microcephalus,"(Cope, 1886) ",Dendropsophus microcephalus,,ACCEPTED,Rana de árbol amarilla,65373,iNaturalist; GBIF Backbone,2026-09-13,Dendropsophus_microcephalus,2428504
COL_ANURA_0033,Anura,Hylidae,Dendropsophus,molitor,Dendropsophus molitor,"(Schmidt, 1857) ",Dendropsophus molitor,,ACCEPTED,Rana sabanera,1595931,iNaturalist; GBIF Backbone,2026-09-13,Dendropsophus_molitor,10704158
COL_ANURA_0034,Anura,Hylidae,Dendropsophus,norandinus,Dendropsophus norandinus,"Rivera-Correa & Gutiérrez-Cárdenas, 2012",Dendropsophus norandinus,,ACCEPTED,El Roble Tree Frog,199727,iNaturalist; GBIF Backbone,2026-09-13,Dendropsophus_norandinus,8632705
COL_ANURA_0035,Anura,Hylidae,Dendropsophus,reticulatus,Dendropsophus reticulatus,,Dendropsophus reticulatus,,UNVERIFIED,Ranita reticulada,555170,iNaturalist,2026-09-12,Dendropsophus_reticulatus,10762379
COL_ANURA_0036,Anura,Hylidae,Dendropsophus,triangulum,Dendropsophus triangulum,,Dendropsophus triangulum,,UNVERIFIED,Ranita arbórea común,65409,iNaturalist,2026-09-12,Dendropsophus_triangulum,2428520
COL_ANURA_0037,Anura,Hylidae,Hyloscirtus,palmeri,Hyloscirtus palmeri,"(Boulenger, 1908) ",Hyloscirtus palmeri,,ACCEPTED,Rana de torrente de Palmer,65660,iNaturalist; GBIF Backbone,2026-09-13,Hyloscirtus_palmeri,2428325
COL_ANURA_0038,Anura,Hylidae,Scinax,ruber,Scinax ruber,"(Laurenti, 1768) ",Scinax ruber,,ACCEPTED,Ranita Listada,24322,iNaturalist; GBIF Backbone,2026-09-13,Scinax_ruber,5217952
COL_ANURA_0039,Anura,Leptodactylidae,Engystomops,pustulosus,Engystomops pustulosus,"(Cope, 1864) ",Engystomops pustulosus,,ACCEPTED,Ranita túngara,65448,iNaturalist; GBIF Backbone,2026-09-13,Engystomops_pustulosus,2423497
COL_ANURA_0040,Anura,Leptodactylidae,Leptodactylus,colombiensis,Leptodactylus colombiensis,"Heyer, 1994",Leptodactylus colombiensis,,ACCEPTED,Colombian Thin-toed Frog,22939,iNaturalist; GBIF Backbone,2026-09-13,Leptodactylus_colombiensis,5217567
COL_ANURA_0041,Anura,Phyllomedusidae,Phyllomedusa,tarsius,Phyllomedusa tarsius,"(Cope, 1868) ",Phyllomedusa tarsius,,ACCEPTED,Rana Lemur,23740,iNaturalist; GBIF Backbone,2026-09-13,Phyllomedusa_tarsius,2427983
COL_ANURA_0042,Anura,Phyllomedusidae,Phyllomedusa,venusta,Phyllomedusa venusta,"Duellman & Trueb, 1967",Phyllomedusa venusta,,ACCEPTED,Lovely Leaf Frog,23742,iNaturalist; GBIF Backbone,2026-09-13,Phyllomedusa_venusta,2427981
COL_ANURA_0043,Anura,Phyllomedusidae,Pithecopus,hypochondrialis,Pithecopus hypochondrialis,,Pithecopus hypochondrialis,,UNVERIFIED,Rana Lemur De Flancos Rojos,517200,iNaturalist,2026-09-12,Pithecopus_hypochondrialis,9491182
COL_ANURA_0044,Anura,Aromobatidae,Allobates,brunneus,Allobates brunneus,"(Cope, 1887) ",Allobates brunneus,,ACCEPTED,,,GBIF Backbone (catálogo Antioquia),2026-09-13,,2426329
COL_ANURA_0045,Anura,Aromobatidae,Allobates,niputidea,Allobates niputidea,"Grant, Acosta-Galvis & Rada, 2007",Allobates niputidea,,ACCEPTED,Rana Nodriza Niputidea,64862,GBIF Backbone (catálogo Antioquia),2026-09-13,,2426283
COL_ANURA_0046,Anura,Aromobatidae,Allobates,talamancae,Allobates talamancae,"(Cope, 1875) ",Allobates talamancae,,ACCEPTED,rana cohete rayado,64873,GBIF Backbone (catálogo Antioquia),2026-09-13,,2426296
COL_ANURA_0047,Anura,Aromobatidae,Rheobates,pseudopalmatus,Rheobates pseudopalmatus,"(Rivero & Serna, 2000) ",Rheobates pseudopalmatus,,ACCEPTED,,67083,GBIF Backbone (catálogo Antioquia),2026-09-13,,2426200
COL_ANURA_0048,Anura,Bufonidae,Atelopus,carauta,Atelopus carauta,"Ruiz-Carranza & Hernández-Camacho, 1978",Atelopus carauta,,ACCEPTED,,,GBIF Backbone (catálogo Antioquia),2026-09-13,,5216630
COL_ANURA_0049,Anura,Bufonidae,Atelopus,nicefori,Atelopus nicefori,"Rivero, 1963",Atelopus nicefori,,ACCEPTED,,,GBIF Backbone (catálogo Antioquia),2026-09-13,,5216660
COL_ANURA_0050,Anura,Bufonidae,Atelopus,nocturnus,Atelopus nocturnus,"Bravo-Valencia & Rivera-Correa, 2011",Atelopus nocturnus,,ACCEPTED,,120865,GBIF Backbone (catálogo Antioquia),2026-09-13,,8298659
COL_ANURA_0051,Anura,Bufonidae,Atelopus,sanjosei,Atelopus sanjosei,"Rivero & Serna, 1989",Atelopus sanjosei,,ACCEPTED,,,GBIF Backbone (catálogo Antioquia),2026-09-13,,5216700
COL_ANURA_0052,Anura,Bufonidae,Atelopus,sernai,Atelopus sernai,"Ruiz-Carranza & Osorno-Muñoz, 1994",Atelopus sernai,,ACCEPTED,,,GBIF Backbone (catálogo Antioquia),2026-09-13,,5216683
COL_ANURA_0053,Anura,Bufonidae,Atelopus,sonsonensis,Atelopus sonsonensis,"Vélez-Rodriguez & Ruiz-Carranza, 1997",Atelopus sonsonensis,,ACCEPTED,,,GBIF Backbone (catálogo Antioquia),2026-09-13,,5216635
COL_ANURA_0054,Anura,Bufonidae,Bufo,bufo,Bufo bufo,"(Linnaeus, 1758) ",Bufo bufo,,ACCEPTED,,,GBIF Backbone (catálogo Antioquia),2026-09-13,,5217160
COL_ANURA_0055,Anura,Bufonidae,Incilius,coniferus,Incilius coniferus,"(Cope, 1862) ",Incilius coniferus,,ACCEPTED,,,GBIF Backbone (catálogo Antioquia),2026-09-13,,2422413
COL_ANURA_0056,Anura,Bufonidae,Osornophryne,percrassa,Osornophryne percrassa,"Ruiz-Carranza & Hernández-Camacho, 1976",Osornophryne percrassa,,ACCEPTED,,,GBIF Backbone (catálogo Antioquia),2026-09-13,,2422192
COL_ANURA_0057,Anura,Bufonidae,Rhaebo,blombergi,Rhaebo blombergi,"(Myers & Funkhouser, 1951) ",Rhaebo blombergi,,ACCEPTED,,,GBIF Backbone (catálogo Antioquia),2026-09-13,,2423153
COL_ANURA_0058,Anura,Bufonidae,Rhaebo,haematiticus,Rhaebo haematiticus,"(Cope, 1862) ",Rhaebo haematiticus,,ACCEPTED,sapo hojarasquero,67078,GBIF Backbone (catálogo Antioquia),2026-09-13,,2423160
COL_ANURA_0059,Anura,Bufonidae,Rhaebo,lynchi,Rhaebo lynchi,"Mueses-Cisneros, 2007",Rhaebo lynchi,,ACCEPTED,,67080,GBIF Backbone (catálogo Antioquia),2026-09-13,,2423155
COL_ANURA_0060,Anura,Bufonidae,Rhinella,acrolopha,Rhinella acrolopha,"(Trueb, 1971) ",Rhinella acrolopha,,ACCEPTED,,,GBIF Backbone (catálogo Antioquia),2026-09-13,,5216977
COL_ANURA_0061,Anura,Bufonidae,Rhinella,granulosa,Rhinella granulosa,"(Spix, 1824) ",Rhinella granulosa,,ACCEPTED,,,GBIF Backbone (catálogo Antioquia),2026-09-13,,5216900
COL_ANURA_0062,Anura,Bufonidae,Rhinella,humboldti,Rhinella humboldti,"(Gallardo, 1965) ",Rhinella humboldti,,ACCEPTED,,81930,GBIF Backbone (catálogo Antioquia),2026-09-13,,8813908
COL_ANURA_0063,Anura,Bufonidae,Rhinella,lindae,Rhinella lindae,"(Rivero & Castaño, 1990) ",Rhinella lindae,,ACCEPTED,,,GBIF Backbone (catálogo Antioquia),2026-09-13,,5216926
COL_ANURA_0064,Anura,Bufonidae,Rhinella,macrorhina,Rhinella macrorhina,"(Trueb, 1971) ",Rhinella macrorhina,,ACCEPTED,,67125,GBIF Backbone (catálogo Antioquia),2026-09-13,,5216896
COL_ANURA_0065,Anura,Bufonidae,Rhinella,marina,Rhinella marina,"(Linnaeus, 1758) ",Rhinella marina,,ACCEPTED,,,GBIF Backbone (catálogo Antioquia),2026-09-13,,5216933
COL_ANURA_0066,Anura,Bufonidae,Rhinella,nicefori,Rhinella nicefori,"(Cochran & Goin, 1970) ",Rhinella nicefori,,ACCEPTED,Sapito Narizón Montañero,67133,GBIF Backbone (catálogo Antioquia),2026-09-13,,5216987
COL_ANURA_0067,Anura,Bufonidae,Rhinella,paraguas,Rhinella paraguas,"Grant & Bolívar-Garcías, 2014",Rhinella paraguas,,ACCEPTED,,476693,GBIF Backbone (catálogo Antioquia),2026-09-13,,8975557
COL_ANURA_0068,Anura,Bufonidae,Rhinella,rostrata,Rhinella rostrata,"(Noble, 1920) ",Rhinella rostrata,,ACCEPTED,,67142,GBIF Backbone (catálogo Antioquia),2026-09-13,,5216841
COL_ANURA_0069,Anura,Bufonidae,Rhinella,ruizi,Rhinella ruizi,"(Grant, 2000) ",Rhinella ruizi,,ACCEPTED,Sapito Narizón altoandino,67145,GBIF Backbone (catálogo Antioquia),2026-09-13,,5216904
COL_ANURA_0070,Anura,Bufonidae,Rhinella,sternosignata,Rhinella sternosignata,"(Günther, 1858) ",Rhinella sternosignata,,ACCEPTED,,,GBIF Backbone (catálogo Antioquia),2026-09-13,,5216863
COL_ANURA_0071,Anura,Bufonidae,Rhinella,tenrec,Rhinella tenrec,"(Lynch & Renjifo, 1990) ",Rhinella tenrec,,ACCEPTED,,67155,GBIF Backbone (catálogo Antioquia),2026-09-13,,5216927
COL_ANURA_0072,Anura,Centrolenidae,Centrolene,antioquiense,Centrolene antioquiense,"(Noble, 1920) ",Centrolene antioquiense,Centrolene antioquiensis,ACCEPTED,,923308,GBIF Backbone (catálogo Antioquia),2026-09-13,,2429458
COL_ANURA_0073,Anura,Centrolenidae,Centrolene,buckleyi,Centrolene buckleyi,"(Boulenger, 1882) ",Centrolene buckleyi,,ACCEPTED,Rana de cristal altoandina de Buckley,21281,GBIF Backbone (catálogo Antioquia),2026-09-13,,2429486
COL_ANURA_0074,Anura,Centrolenidae,Centrolene,geckoideum,Centrolene geckoideum,"Jiménez de la Espada, 1872",Centrolene geckoideum,,ACCEPTED,,,GBIF Backbone (catálogo Antioquia),2026-09-13,,2429462
COL_ANURA_0075,Anura,Centrolenidae,Centrolene,peristictum,Centrolene peristictum,"(Lynch & Duellman, 1973) ",Centrolene peristictum,,ACCEPTED,,,GBIF Backbone (catálogo Antioquia),2026-09-13,,2429461
COL_ANURA_0076,Anura,Centrolenidae,Centrolene,quindianum,Centrolene quindianum,"Ruiz-Carranza & Lynch, 1995",Centrolene quindianum,,ACCEPTED,,21292,GBIF Backbone (catálogo Antioquia),2026-09-13,,2429503
COL_ANURA_0077,Anura,Centrolenidae,Centrolene,robledoi,Centrolene robledoi,"Ruiz-Carranza & Lynch, 1995",Centrolene robledoi,,ACCEPTED,,,GBIF Backbone (catálogo Antioquia),2026-09-13,,2429489
COL_ANURA_0078,Anura,Centrolenidae,Centrolene,savagei,Centrolene savagei,"(Ruiz-Carranza & Lynch, 1991) ",Centrolene savagei,,ACCEPTED,Rana de cristal de labios blancos,135068,GBIF Backbone (catálogo Antioquia),2026-09-13,,9032203
COL_ANURA_0079,Anura,Centrolenidae,Cochranella,euknemos,Cochranella euknemos,"(Savage & Starrett, 1967) ",Cochranella euknemos,,ACCEPTED,,,GBIF Backbone (catálogo Antioquia),2026-09-13,,2429405
COL_ANURA_0080,Anura,Centrolenidae,Cochranella,megista,Cochranella megista,"(Rivero, 1985) ",Cochranella megista,,ACCEPTED,,,GBIF Backbone (catálogo Antioquia),2026-09-13,,2429394
COL_ANURA_0081,Anura,Centrolenidae,Cochranella,ramirezi,Cochranella ramirezi,"Ruiz-Carranza & Lynch, 1991",Cochranella ramirezi,,ACCEPTED,,21275,GBIF Backbone (catálogo Antioquia),2026-09-13,,2429444
COL_ANURA_0082,Anura,Centrolenidae,Cochranella,resplendens,Cochranella resplendens,"(Lynch & Duellman, 1973) ",Cochranella resplendens,,ACCEPTED,,,GBIF Backbone (catálogo Antioquia),2026-09-13,,2429424
COL_ANURA_0083,Anura,Centrolenidae,Espadarana,andina,Espadarana andina,"(Rivero, 1968) ",Espadarana andina,,ACCEPTED,Ranita De Cristal Andina,21316,GBIF Backbone (catálogo Antioquia),2026-09-13,,8864382
COL_ANURA_0084,Anura,Centrolenidae,Espadarana,prosoblepon,Espadarana prosoblepon,"(Boettger, 1892) ",Espadarana prosoblepon,,ACCEPTED,rana de vidrio esmeralda,134933,GBIF Backbone (catálogo Antioquia),2026-09-13,,9132909
COL_ANURA_0085,Anura,Centrolenidae,Hyalinobatrachium,aureoguttatum,Hyalinobatrachium aureoguttatum,"(Barrera-Rodriguez & Ruiz-Carranza, 1989) ",Hyalinobatrachium aureoguttatum,,ACCEPTED,rana de cristal de manchas doradas,21340,GBIF Backbone (catálogo Antioquia),2026-09-13,,2429299
COL_ANURA_0086,Anura,Centrolenidae,Hyalinobatrachium,chirripoi,Hyalinobatrachium chirripoi,"(Taylor, 1958) ",Hyalinobatrachium chirripoi,,ACCEPTED,Rana de cristal de Costa Rica,134937,GBIF Backbone (catálogo Antioquia),2026-09-13,,2429320
COL_ANURA_0087,Anura,Centrolenidae,Hyalinobatrachium,colymbiphyllum,Hyalinobatrachium colymbiphyllum,"(Taylor, 1949) ",Hyalinobatrachium colymbiphyllum,,ACCEPTED,,,GBIF Backbone (catálogo Antioquia),2026-09-13,,2429306
COL_ANURA_0088,Anura,Centrolenidae,Hyalinobatrachium,fleischmanni,Hyalinobatrachium fleischmanni,"(Boettger, 1893) ",Hyalinobatrachium fleischmanni,,ACCEPTED,,,GBIF Backbone (catálogo Antioquia),2026-09-13,,2429316
COL_ANURA_0089,Anura,Centrolenidae,Hyalinobatrachium,tatayoi,Hyalinobatrachium tatayoi,"Castroviejo-Fisher, Ayarzagüena & Vilà, 2007",Hyalinobatrachium tatayoi,,ACCEPTED,Ranita Cristal de corazón perlado,65547,GBIF Backbone (catálogo Antioquia),2026-09-13,,2429327
COL_ANURA_0090,Anura,Centrolenidae,Hyalinobatrachium,valerioi,Hyalinobatrachium valerioi,"(Dunn, 1931) ",Hyalinobatrachium valerioi,,ACCEPTED,,,GBIF Backbone (catálogo Antioquia),2026-09-13,,2429295
COL_ANURA_0091,Anura,Centrolenidae,Nymphargus,chami,Nymphargus chami,"(Ruiz-Carranza & Lynch, 1995) ",Nymphargus chami,,ACCEPTED,,66197,GBIF Backbone (catálogo Antioquia),2026-09-13,,2429361
COL_ANURA_0092,Anura,Centrolenidae,Nymphargus,grandisonae,Nymphargus grandisonae,"(Cochran & Goin, 1970) ",Nymphargus grandisonae,,ACCEPTED,Rana de cristal sarampiona,21314,GBIF Backbone (catálogo Antioquia),2026-09-13,,10699072
COL_ANURA_0093,Anura,Centrolenidae,Nymphargus,griffithsi,Nymphargus griffithsi,"(Goin, 1961) ",Nymphargus griffithsi,,ACCEPTED,,,GBIF Backbone (catálogo Antioquia),2026-09-13,,2429350
COL_ANURA_0094,Anura,Centrolenidae,Nymphargus,ignotus,Nymphargus ignotus,"(Lynch, 1990) ",Nymphargus ignotus,,ACCEPTED,,66203,GBIF Backbone (catálogo Antioquia),2026-09-13,,2429387
COL_ANURA_0095,Anura,Centrolenidae,Nymphargus,luminosus,Nymphargus luminosus,"(Ruiz-Carranza & Lynch, 1995) ",Nymphargus luminosus,,ACCEPTED,,66205,GBIF Backbone (catálogo Antioquia),2026-09-13,,2429352
COL_ANURA_0096,Anura,Centrolenidae,Nymphargus,pijao,Nymphargus pijao,"Montilla, Arcila-Pérez, Toro-Gómez, Vargas-Salinas & Rada, 2023",Nymphargus pijao,,ACCEPTED,,1473419,GBIF Backbone (catálogo Antioquia),2026-09-13,,12242447
COL_ANURA_0097,Anura,Centrolenidae,Nymphargus,prasinus,Nymphargus prasinus,"(Duellman, 1981) ",Nymphargus prasinus,,ACCEPTED,,,GBIF Backbone (catálogo Antioquia),2026-09-13,,2429342
COL_ANURA_0098,Anura,Centrolenidae,Nymphargus,rosada,Nymphargus rosada,"(Ruiz-Carranza & Lynch, 1997) ",Nymphargus rosada,,ACCEPTED,Ranita crital rosa,135120,GBIF Backbone (catálogo Antioquia),2026-09-13,,2429379
COL_ANURA_0099,Anura,Centrolenidae,Nymphargus,spilotus,Nymphargus spilotus,"(Ruiz-Carranza & Lynch, 1997) ",Nymphargus spilotus,,ACCEPTED,,,GBIF Backbone (catálogo Antioquia),2026-09-13,,2429383
COL_ANURA_0100,Anura,Centrolenidae,Rulyrana,susatamai,Rulyrana susatamai,"(Ruiz-Carranza & Lynch, 1995) ",Rulyrana susatamai,,ACCEPTED,,21271,GBIF Backbone (catálogo Antioquia),2026-09-13,,10705579
COL_ANURA_0101,Anura,Centrolenidae,Sachatamia,ilex,Sachatamia ilex,"(Savage, 1967) ",Sachatamia ilex,,ACCEPTED,,,GBIF Backbone (catálogo Antioquia),2026-09-13,,9987236
COL_ANURA_0102,Anura,Centrolenidae,Sachatamia,punctulata,Sachatamia punctulata,"(Ruiz-Carranza & Lynch, 1995) ",Sachatamia punctulata,,ACCEPTED,,21235,GBIF Backbone (catálogo Antioquia),2026-09-13,,10739522
COL_ANURA_0103,Anura,Centrolenidae,Teratohyla,pulverata,Teratohyla pulverata,"(Peters, 1873) ",Teratohyla pulverata,,ACCEPTED,rana de vidrio de chiriquí,65192,GBIF Backbone (catálogo Antioquia),2026-09-13,,10825626
COL_ANURA_0104,Anura,Centrolenidae,Teratohyla,spinosa,Teratohyla spinosa,"(Taylor, 1949) ",Teratohyla spinosa,,ACCEPTED,Rana de cristal de Espinosa,21279,GBIF Backbone (catálogo Antioquia),2026-09-13,,2429432
COL_ANURA_0105,Anura,Craugastoridae,Atopophrynus,syntomopus,Atopophrynus syntomopus,"Lynch & Ruiz-Carranza, 1982",Atopophrynus syntomopus,,ACCEPTED,,,GBIF Backbone (catálogo Antioquia),2026-09-13,,2426021
COL_ANURA_0106,Anura,Craugastoridae,Craugastor,fitzingeri,Craugastor fitzingeri,"(Schmidt, 1857) ",Craugastor fitzingeri,,ACCEPTED,Ranita Común de Lluvia,65238,GBIF Backbone (catálogo Antioquia),2026-09-13,,2430621
COL_ANURA_0107,Anura,Craugastoridae,Craugastor,gollmeri,Craugastor gollmeri,"(Peters, 1863) ",Craugastor gollmeri,,ACCEPTED,,,GBIF Backbone (catálogo Antioquia),2026-09-13,,2430828
COL_ANURA_0108,Anura,Craugastoridae,Craugastor,longirostris,Craugastor longirostris,"(Boulenger, 1898) ",Craugastor longirostris,,ACCEPTED,,,GBIF Backbone (catálogo Antioquia),2026-09-13,,2430747
COL_ANURA_0109,Anura,Craugastoridae,Craugastor,metriosistus,Craugastor metriosistus,"Ospina-Sarria, Angarita-Sierra & Pedroza-Banda, 2015",Craugastor metriosistus,,ACCEPTED,Rana Duende del Magdalena Medio,517046,GBIF Backbone (catálogo Antioquia),2026-09-13,,10819374
COL_ANURA_0110,Anura,Craugastoridae,Craugastor,opimus,Craugastor opimus,"(Savage & Myers, 2002) ",Craugastor opimus,,ACCEPTED,,65272,GBIF Backbone (catálogo Antioquia),2026-09-13,,2430821
COL_ANURA_0111,Anura,Craugastoridae,Niceforonia,adenobrachia,Niceforonia adenobrachia,"(Ardila-Robayo, Ruiz-Carranza & Barrera-Rodriguez, 1996) ",Niceforonia adenobrachia,,ACCEPTED,,,GBIF Backbone (catálogo Antioquia),2026-09-13,,2425875
COL_ANURA_0112,Anura,Craugastoridae,Niceforonia,babax,Niceforonia babax,"(Lynch, 1989) ",Niceforonia babax,,ACCEPTED,,,GBIF Backbone (catálogo Antioquia),2026-09-13,,10823656
COL_ANURA_0113,Anura,Craugastoridae,Niceforonia,latens,Niceforonia latens,"(Lynch, 1989) ",Niceforonia latens,,ACCEPTED,,803869,GBIF Backbone (catálogo Antioquia),2026-09-13,,10884670
COL_ANURA_0114,Anura,Craugastoridae,Niceforonia,mantipus,Niceforonia mantipus,"(Boulenger, 1908) ",Niceforonia mantipus,,ACCEPTED,Rana Terrestre De Dedos Angostos,803870,GBIF Backbone (catálogo Antioquia),2026-09-13,,10874928
COL_ANURA_0115,Anura,Craugastoridae,Pristimantis,acatallelus,Pristimantis acatallelus,"(Lynch & Ruiz-Carranza, 1983) ",Pristimantis acatallelus,,ACCEPTED,,66529,GBIF Backbone (catálogo Antioquia),2026-09-13,,2425204
COL_ANURA_0116,Anura,Craugastoridae,Pristimantis,actinolaimus,Pristimantis actinolaimus,"(Lynch & Rueda-Almonacid, 1998) ",Pristimantis actinolaimus,,ACCEPTED,,,GBIF Backbone (catálogo Antioquia),2026-09-13,,2425097
COL_ANURA_0117,Anura,Craugastoridae,Pristimantis,aemulatus,Pristimantis aemulatus,"(Ruiz-Carranza, Lynch & Ardila-Robayo, 1997) ",Pristimantis aemulatus,,ACCEPTED,,,GBIF Backbone (catálogo Antioquia),2026-09-13,,2425014
COL_ANURA_0118,Anura,Craugastoridae,Pristimantis,aurantiguttatus,Pristimantis aurantiguttatus,"(Ruiz-Carranza, Lynch & Ardila-Robayo, 1997) ",Pristimantis aurantiguttatus,,ACCEPTED,,,GBIF Backbone (catálogo Antioquia),2026-09-13,,2425418
COL_ANURA_0119,Anura,Craugastoridae,Pristimantis,baiotis,Pristimantis baiotis,"(Lynch, 1998) ",Pristimantis baiotis,,ACCEPTED,,,GBIF Backbone (catálogo Antioquia),2026-09-13,,2425295
COL_ANURA_0120,Anura,Craugastoridae,Pristimantis,bellona,Pristimantis bellona,"(Lynch, 1992) ",Pristimantis bellona,,ACCEPTED,,,GBIF Backbone (catálogo Antioquia),2026-09-13,,2425160
COL_ANURA_0121,Anura,Craugastoridae,Pristimantis,bernali,Pristimantis bernali,"(Lynch, 1986) ",Pristimantis bernali,,ACCEPTED,,,GBIF Backbone (catálogo Antioquia),2026-09-13,,2425142
COL_ANURA_0122,Anura,Craugastoridae,Pristimantis,bicolor,Pristimantis bicolor,"(Rueda-Almonacid & Lynch, 1983) ",Pristimantis bicolor,,ACCEPTED,,,GBIF Backbone (catálogo Antioquia),2026-09-13,,2425126
COL_ANURA_0123,Anura,Craugastoridae,Pristimantis,boulengeri,Pristimantis boulengeri,"(Lynch, 1981) ",Pristimantis boulengeri,,ACCEPTED,,,GBIF Backbone (catálogo Antioquia),2026-09-13,,2425004
COL_ANURA_0124,Anura,Craugastoridae,Pristimantis,brevifrons,Pristimantis brevifrons,"(Lynch, 1981) ",Pristimantis brevifrons,,ACCEPTED,,66580,GBIF Backbone (catálogo Antioquia),2026-09-13,,2424988
COL_ANURA_0125,Anura,Craugastoridae,Pristimantis,cabrerai,Pristimantis cabrerai,"(Cochran & Goin, 1970) ",Pristimantis cabrerai,,ACCEPTED,,,GBIF Backbone (catálogo Antioquia),2026-09-13,,2425752
COL_ANURA_0126,Anura,Craugastoridae,Pristimantis,calcaratus,Pristimantis calcaratus,"(Boulenger, 1908) ",Pristimantis calcaratus,,ACCEPTED,,,GBIF Backbone (catálogo Antioquia),2026-09-13,,2425674
COL_ANURA_0127,Anura,Craugastoridae,Pristimantis,caprifer,Pristimantis caprifer,"(Lynch, 1977) ",Pristimantis caprifer,,ACCEPTED,,,GBIF Backbone (catálogo Antioquia),2026-09-13,,2425560
COL_ANURA_0128,Anura,Craugastoridae,Pristimantis,carylae,Pristimantis carylae,"Rivera-Correa, González-Durán, Saldarriaga-Gómez & Duarte-Marín, 2021",Pristimantis carylae,,ACCEPTED,,1286248,GBIF Backbone (catálogo Antioquia),2026-09-13,,12175355
COL_ANURA_0129,Anura,Craugastoridae,Pristimantis,caryophyllaceus,Pristimantis caryophyllaceus,"(Barbour, 1928) ",Pristimantis caryophyllaceus,,ACCEPTED,,,GBIF Backbone (catálogo Antioquia),2026-09-13,,2425474
COL_ANURA_0130,Anura,Craugastoridae,Pristimantis,chalceus,Pristimantis chalceus,"(Peters, 1873) ",Pristimantis chalceus,,ACCEPTED,,,GBIF Backbone (catálogo Antioquia),2026-09-13,,2425357
COL_ANURA_0131,Anura,Craugastoridae,Pristimantis,chocolatebari,Pristimantis chocolatebari,"Rivera-Correa, González-Durán, Saldarriaga-Gómez & Duarte-Marín, 2021",Pristimantis chocolatebari,,ACCEPTED,,1286247,GBIF Backbone (catálogo Antioquia),2026-09-13,,12248961
COL_ANURA_0132,Anura,Craugastoridae,Pristimantis,conspicillatus,Pristimantis conspicillatus,"(Günther, 1858) ",Pristimantis conspicillatus,,ACCEPTED,,,GBIF Backbone (catálogo Antioquia),2026-09-13,,2425099
COL_ANURA_0133,Anura,Craugastoridae,Pristimantis,cruentus,Pristimantis cruentus,"(Peters, 1873) ",Pristimantis cruentus,,ACCEPTED,,,GBIF Backbone (catálogo Antioquia),2026-09-13,,2425721
COL_ANURA_0134,Anura,Craugastoridae,Pristimantis,deinops,Pristimantis deinops,"(Lynch, 1996) ",Pristimantis deinops,,ACCEPTED,,,GBIF Backbone (catálogo Antioquia),2026-09-13,,2425533
COL_ANURA_0135,Anura,Craugastoridae,Pristimantis,devillei,Pristimantis devillei,"(Boulenger, 1880) ",Pristimantis devillei,,ACCEPTED,,,GBIF Backbone (catálogo Antioquia),2026-09-13,,2425436
COL_ANURA_0136,Anura,Craugastoridae,Pristimantis,dorsopictus,Pristimantis dorsopictus,"(Rivero & Serna, 1988) ",Pristimantis dorsopictus,,ACCEPTED,Rana Amarilla Y Listas Negras,66647,GBIF Backbone (catálogo Antioquia),2026-09-13,,2425349
COL_ANURA_0137,Anura,Craugastoridae,Pristimantis,factiosus,Pristimantis factiosus,"(Lynch & Rueda-Almonacid, 1998) ",Pristimantis factiosus,,ACCEPTED,,,GBIF Backbone (catálogo Antioquia),2026-09-13,,2425006
COL_ANURA_0138,Anura,Craugastoridae,Pristimantis,fallax,Pristimantis fallax,"(Lynch & Rueda-Almonacid, 1999) ",Pristimantis fallax,,ACCEPTED,Rana De Garganta Manchada,66664,GBIF Backbone (catálogo Antioquia),2026-09-13,,2424990
COL_ANURA_0139,Anura,Craugastoridae,Pristimantis,ferwerdai,Pristimantis ferwerdai,"Amézquita, Suárez, Palacios-Rodríguez, Beltrán, Rodríguez, Barrientos, Daza & Mazariegos, 2019",Pristimantis ferwerdai,,ACCEPTED,,923306,GBIF Backbone (catálogo Antioquia),2026-09-13,,10796144
COL_ANURA_0140,Anura,Craugastoridae,Pristimantis,frater,Pristimantis frater,"(Werner, 1899) ",Pristimantis frater,,ACCEPTED,,,GBIF Backbone (catálogo Antioquia),2026-09-13,,2425693
COL_ANURA_0141,Anura,Craugastoridae,Pristimantis,gracilis,Pristimantis gracilis,"(Lynch, 1986) ",Pristimantis gracilis,,ACCEPTED,,,GBIF Backbone (catálogo Antioquia),2026-09-13,,2425496
COL_ANURA_0142,Anura,Craugastoridae,Pristimantis,helvolus,Pristimantis helvolus,"(Lynch & Rueda-Almonacid, 1998) ",Pristimantis helvolus,,ACCEPTED,,,GBIF Backbone (catálogo Antioquia),2026-09-13,,2425376
COL_ANURA_0143,Anura,Craugastoridae,Pristimantis,jaguensis,Pristimantis jaguensis,"Rivera-Prieto, Rivera-Correa & Daza-R., 2014",Pristimantis jaguensis,,ACCEPTED,,476696,GBIF Backbone (catálogo Antioquia),2026-09-13,,10522542
COL_ANURA_0144,Anura,Craugastoridae,Pristimantis,johannesdei,Pristimantis johannesdei,"(Rivero & Serna, 1988) ",Pristimantis johannesdei,,ACCEPTED,,,GBIF Backbone (catálogo Antioquia),2026-09-13,,2425863
COL_ANURA_0145,Anura,Craugastoridae,Pristimantis,juanchoi,Pristimantis juanchoi,"(Lynch, 1996) ",Pristimantis juanchoi,,ACCEPTED,,,GBIF Backbone (catálogo Antioquia),2026-09-13,,2425830
COL_ANURA_0146,Anura,Craugastoridae,Pristimantis,kelephus,Pristimantis kelephus,"(Lynch, 1998) ",Pristimantis kelephus,,ACCEPTED,,,GBIF Backbone (catálogo Antioquia),2026-09-13,,10857707
COL_ANURA_0147,Anura,Craugastoridae,Pristimantis,lasalleorum,Pristimantis lasalleorum,"(Lynch, 1995) ",Pristimantis lasalleorum,,ACCEPTED,,,GBIF Backbone (catálogo Antioquia),2026-09-13,,2425596
COL_ANURA_0148,Anura,Craugastoridae,Pristimantis,latidiscus,Pristimantis latidiscus,"(Boulenger, 1898) ",Pristimantis latidiscus,,ACCEPTED,,,GBIF Backbone (catálogo Antioquia),2026-09-13,,2425535
COL_ANURA_0149,Anura,Craugastoridae,Pristimantis,lemur,Pristimantis lemur,"(Lynch & Rueda-Almonacid, 1998) ",Pristimantis lemur,,ACCEPTED,,66720,GBIF Backbone (catálogo Antioquia),2026-09-13,,2425521
COL_ANURA_0150,Anura,Craugastoridae,Pristimantis,leopardus,Pristimantis leopardus,"Rivera-Correa, Jiménez-Rivillas & Daza-R., 2017",Pristimantis leopardus,,ACCEPTED,,555059,GBIF Backbone (catálogo Antioquia),2026-09-13,,9309439
COL_ANURA_0151,Anura,Craugastoridae,Pristimantis,maculosus,Pristimantis maculosus,"(Lynch, 1991) ",Pristimantis maculosus,,ACCEPTED,,,GBIF Backbone (catálogo Antioquia),2026-09-13,,2425117
COL_ANURA_0152,Anura,Craugastoridae,Pristimantis,myops,Pristimantis myops,"(Lynch, 1998) ",Pristimantis myops,,ACCEPTED,,,GBIF Backbone (catálogo Antioquia),2026-09-13,,2425443
COL_ANURA_0153,Anura,Craugastoridae,Pristimantis,orpacobates,Pristimantis orpacobates,"(Lynch, Ruiz-Carranza & Ardila-Robayo, 1994) ",Pristimantis orpacobates,,ACCEPTED,,66781,GBIF Backbone (catálogo Antioquia),2026-09-13,,2425137
COL_ANURA_0154,Anura,Craugastoridae,Pristimantis,parectatus,Pristimantis parectatus,"(Lynch & Rueda-Almonacid, 1998) ",Pristimantis parectatus,,ACCEPTED,Rana Diminuta,66790,GBIF Backbone (catálogo Antioquia),2026-09-13,,2425832
COL_ANURA_0155,Anura,Craugastoridae,Pristimantis,phragmipleuron,Pristimantis phragmipleuron,"(Rivero & Serna, 1988) ",Pristimantis phragmipleuron,,ACCEPTED,,,GBIF Backbone (catálogo Antioquia),2026-09-13,,2425402
COL_ANURA_0156,Anura,Craugastoridae,Pristimantis,piceus,Pristimantis piceus,"(Lynch, Ruiz-Carranza & Ardila-Robayo, 1996) ",Pristimantis piceus,,ACCEPTED,,66810,GBIF Backbone (catálogo Antioquia),2026-09-13,,2425386
COL_ANURA_0157,Anura,Craugastoridae,Pristimantis,platychilus,Pristimantis platychilus,"(Lynch, 1996) ",Pristimantis platychilus,,ACCEPTED,,,GBIF Backbone (catálogo Antioquia),2026-09-13,,2425331
COL_ANURA_0158,Anura,Craugastoridae,Pristimantis,polychrus,Pristimantis polychrus,"(Ruiz-Carranza, Lynch & Ardila-Robayo, 1997) ",Pristimantis polychrus,,ACCEPTED,,,GBIF Backbone (catálogo Antioquia),2026-09-13,,2425219
COL_ANURA_0159,Anura,Craugastoridae,Pristimantis,postducheminorum,Pristimantis postducheminorum,"Palacios-Rodríguez, Daza, Mazariegos-H, Rendón & Amézquita, 2022",Pristimantis postducheminorum,,ACCEPTED,,,GBIF Backbone (catálogo Antioquia),2026-09-13,,11688307
COL_ANURA_0160,Anura,Craugastoridae,Pristimantis,quantus,Pristimantis quantus,"(Lynch, 1998) ",Pristimantis quantus,,ACCEPTED,,,GBIF Backbone (catálogo Antioquia),2026-09-13,,2424992
COL_ANURA_0161,Anura,Craugastoridae,Pristimantis,restrepoi,Pristimantis restrepoi,"(Lynch, 1996) ",Pristimantis restrepoi,,ACCEPTED,,,GBIF Backbone (catálogo Antioquia),2026-09-13,,2425697
COL_ANURA_0162,Anura,Craugastoridae,Pristimantis,ridens,Pristimantis ridens,"(Cope, 1866) ",Pristimantis ridens,,ACCEPTED,,,GBIF Backbone (catálogo Antioquia),2026-09-13,,2425583
COL_ANURA_0163,Anura,Craugastoridae,Pristimantis,ruedai,Pristimantis ruedai,"(Ruiz-Carranza, Lynch & Ardila-Robayo, 1997) ",Pristimantis ruedai,,ACCEPTED,,,GBIF Backbone (catálogo Antioquia),2026-09-13,,2425416
COL_ANURA_0164,Anura,Craugastoridae,Pristimantis,sanguineus,Pristimantis sanguineus,"(Lynch, 1998) ",Pristimantis sanguineus,,ACCEPTED,,,GBIF Backbone (catálogo Antioquia),2026-09-13,,2425229
COL_ANURA_0165,Anura,Craugastoridae,Pristimantis,satagius,Pristimantis satagius,"(Lynch, 1995) ",Pristimantis satagius,,ACCEPTED,,,GBIF Backbone (catálogo Antioquia),2026-09-13,,2425192
COL_ANURA_0166,Anura,Craugastoridae,Pristimantis,savagei,Pristimantis savagei,"(Pyburn & Lynch, 1981) ",Pristimantis savagei,,ACCEPTED,,,GBIF Backbone (catálogo Antioquia),2026-09-13,,2425157
COL_ANURA_0167,Anura,Craugastoridae,Pristimantis,scoloblepharus,Pristimantis scoloblepharus,"(Lynch, 1991) ",Pristimantis scoloblepharus,,ACCEPTED,,66864,GBIF Backbone (catálogo Antioquia),2026-09-13,,2425086
COL_ANURA_0168,Anura,Craugastoridae,Pristimantis,signifer,Pristimantis signifer,"(Ruiz-Carranza, Lynch & Ardila-Robayo, 1997) ",Pristimantis signifer,,ACCEPTED,,,GBIF Backbone (catálogo Antioquia),2026-09-13,,2425850
COL_ANURA_0169,Anura,Craugastoridae,Pristimantis,suetus,Pristimantis suetus,"(Lynch & Rueda-Almonacid, 1998) ",Pristimantis suetus,,ACCEPTED,,,GBIF Backbone (catálogo Antioquia),2026-09-13,,2425459
COL_ANURA_0170,Anura,Craugastoridae,Pristimantis,supernatis,Pristimantis supernatis,"(Lynch, 1979) ",Pristimantis supernatis,,ACCEPTED,,,GBIF Backbone (catálogo Antioquia),2026-09-13,,2425426
COL_ANURA_0171,Anura,Craugastoridae,Pristimantis,tribulosus,Pristimantis tribulosus,"(Lynch & Rueda-Almonacid, 1997) ",Pristimantis tribulosus,,ACCEPTED,Rana Ornamentada,66908,GBIF Backbone (catálogo Antioquia),2026-09-13,,2425012
COL_ANURA_0172,Anura,Craugastoridae,Pristimantis,unistrigatus,Pristimantis unistrigatus,"(Günther, 1859) ",Pristimantis unistrigatus,,ACCEPTED,,,GBIF Backbone (catálogo Antioquia),2026-09-13,,2425738
COL_ANURA_0173,Anura,Craugastoridae,Pristimantis,uranobates,Pristimantis uranobates,"(Lynch, 1991) ",Pristimantis uranobates,,ACCEPTED,,66915,GBIF Backbone (catálogo Antioquia),2026-09-13,,2425718
COL_ANURA_0174,Anura,Craugastoridae,Pristimantis,veletis,Pristimantis veletis,"(Lynch & Rueda-Almonacid, 1997) ",Pristimantis veletis,,ACCEPTED,,66919,GBIF Backbone (catálogo Antioquia),2026-09-13,,2425655
COL_ANURA_0175,Anura,Craugastoridae,Pristimantis,vertebralis,Pristimantis vertebralis,"(Boulenger, 1886) ",Pristimantis vertebralis,,ACCEPTED,,,GBIF Backbone (catálogo Antioquia),2026-09-13,,2425516
COL_ANURA_0176,Anura,Craugastoridae,Pristimantis,viejas,Pristimantis viejas,"(Lynch & Rueda-Almonacid, 1999) ",Pristimantis viejas,,ACCEPTED,,66927,GBIF Backbone (catálogo Antioquia),2026-09-13,,2425468
COL_ANURA_0177,Anura,Craugastoridae,Pristimantis,viridis,Pristimantis viridis,"(Ruiz-Carranza, Lynch & Ardila-Robayo, 1997) ",Pristimantis viridis,,ACCEPTED,,,GBIF Backbone (catálogo Antioquia),2026-09-13,,2425367
COL_ANURA_0178,Anura,Craugastoridae,Pristimantis,w-nigrum,Pristimantis w-nigrum,"(Boettger, 1892) ",Pristimantis w-nigrum,,ACCEPTED,Cualita,66936,GBIF Backbone (catálogo Antioquia),2026-09-13,,2425342
COL_ANURA_0179,Anura,Craugastoridae,Pristimantis,zophus,Pristimantis zophus,"(Lynch & Ardila-Robayo, 1999) ",Pristimantis zophus,,ACCEPTED,,66945,GBIF Backbone (catálogo Antioquia),2026-09-13,,2425051
COL_ANURA_0180,Anura,Craugastoridae,Pristimantis,zorro,Pristimantis zorro,"Rivera-Correa & Daza, 2020",Pristimantis zorro,,ACCEPTED,,1125831,GBIF Backbone (catálogo Antioquia),2026-09-13,,10810319
COL_ANURA_0181,Anura,Craugastoridae,Strabomantis,biporcatus,Strabomantis biporcatus,"Peters, 1863",Strabomantis biporcatus,,ACCEPTED,,,GBIF Backbone (catálogo Antioquia),2026-09-13,,2425968
COL_ANURA_0182,Anura,Craugastoridae,Strabomantis,bufoniformis,Strabomantis bufoniformis,"(Boulenger, 1896) ",Strabomantis bufoniformis,,ACCEPTED,,,GBIF Backbone (catálogo Antioquia),2026-09-13,,2425982
COL_ANURA_0183,Anura,Craugastoridae,Strabomantis,cerastes,Strabomantis cerastes,"(Lynch, 1975) ",Strabomantis cerastes,,ACCEPTED,,,GBIF Backbone (catálogo Antioquia),2026-09-13,,2425974
COL_ANURA_0184,Anura,Craugastoridae,Strabomantis,cheiroplethus,Strabomantis cheiroplethus,"(Lynch, 1990) ",Strabomantis cheiroplethus,,ACCEPTED,,,GBIF Backbone (catálogo Antioquia),2026-09-13,,2425984
COL_ANURA_0185,Anura,Craugastoridae,Strabomantis,necopinus,Strabomantis necopinus,"(Lynch, 1997) ",Strabomantis necopinus,,ACCEPTED,Rana Cabezona,67217,GBIF Backbone (catálogo Antioquia),2026-09-13,,2425976
COL_ANURA_0186,Anura,Craugastoridae,Strabomantis,ruizi,Strabomantis ruizi,"(Lynch, 1981) ",Strabomantis ruizi,,ACCEPTED,,,GBIF Backbone (catálogo Antioquia),2026-09-13,,2425940
COL_ANURA_0187,Anura,Craugastoridae,Strabomantis,zygodactylus,Strabomantis zygodactylus,"(Lynch & Myers, 1983) ",Strabomantis zygodactylus,,ACCEPTED,,,GBIF Backbone (catálogo Antioquia),2026-09-13,,2425978
COL_ANURA_0188,Anura,Dendrobatidae,Andinobates,bombetes,Andinobates bombetes,"(Myers & Daly, 1980) ",Andinobates bombetes,,ACCEPTED,,,GBIF Backbone (catálogo Antioquia),2026-09-13,,7393394
COL_ANURA_0189,Anura,Dendrobatidae,Andinobates,cassidyhornae,Andinobates cassidyhornae,"Amézquita, Márquez, Mejía-Vargas, Kahn, Suárez & Mazariegos, 2013",Andinobates cassidyhornae,,ACCEPTED,,476702,GBIF Backbone (catálogo Antioquia),2026-09-13,,8213814
COL_ANURA_0190,Anura,Dendrobatidae,Andinobates,daleswansoni,Andinobates daleswansoni,"(Rueda-Almonacid, Rada, Sánchez-Pacheco, Velásquez-Álvarez & Quevedo-Gil, 2006) ",Andinobates daleswansoni,,ACCEPTED,,,GBIF Backbone (catálogo Antioquia),2026-09-13,,7536992
COL_ANURA_0191,Anura,Dendrobatidae,Andinobates,fulguritus,Andinobates fulguritus,"(Silverstone, 1975) ",Andinobates fulguritus,,ACCEPTED,Rana Venenosa andina Verde/Amarilla,135043,GBIF Backbone (catálogo Antioquia),2026-09-13,,8164058
COL_ANURA_0192,Anura,Dendrobatidae,Andinobates,opisthomelas,Andinobates opisthomelas,"(Boulenger, 1899) ",Andinobates opisthomelas,,ACCEPTED,Rana Venenosa Norandina,135045,GBIF Backbone (catálogo Antioquia),2026-09-13,,7773159
COL_ANURA_0193,Anura,Dendrobatidae,Andinobates,victimatus,Andinobates victimatus,"Márquez, Mejía-Vargas, Palacios-Rodríguez, Ramírez-Castañeda & Amézquita, 2017",Andinobates victimatus,,ACCEPTED,Rana venenosa andina escarlata,555064,GBIF Backbone (catálogo Antioquia),2026-09-13,,9331187
COL_ANURA_0194,Anura,Dendrobatidae,Colostethus,dysprosium,Colostethus dysprosium,"Rivero & Serna, 2000",Colostethus dysprosium,Leucostethus dysprosium,ACCEPTED,,1281758,GBIF Backbone (catálogo Antioquia),2026-09-13,,2428983
COL_ANURA_0195,Anura,Dendrobatidae,Colostethus,imbricolus,Colostethus imbricolus,"Silverstone, 1975",Colostethus imbricolus,,ACCEPTED,,21042,GBIF Backbone (catálogo Antioquia),2026-09-13,,2428978
COL_ANURA_0196,Anura,Dendrobatidae,Colostethus,inguinalis,Colostethus inguinalis,"(Cope, 1868) ",Colostethus inguinalis,,ACCEPTED,,21038,GBIF Backbone (catálogo Antioquia),2026-09-13,,2428973
COL_ANURA_0197,Anura,Dendrobatidae,Colostethus,latinasus,Colostethus latinasus,"(Cope, 1863) ",Colostethus latinasus,,ACCEPTED,,,GBIF Backbone (catálogo Antioquia),2026-09-13,,2428982
COL_ANURA_0198,Anura,Dendrobatidae,Colostethus,pratti,Colostethus pratti,"(Boulenger, 1899) ",Colostethus pratti,,ACCEPTED,,21108,GBIF Backbone (catálogo Antioquia),2026-09-13,,2428987
COL_ANURA_0199,Anura,Dendrobatidae,Colostethus,thorntoni,Colostethus thorntoni,"(Cochran & Goin, 1970) ",Colostethus thorntoni,,ACCEPTED,,,GBIF Backbone (catálogo Antioquia),2026-09-13,,2428975
COL_ANURA_0200,Anura,Dendrobatidae,Colostethus,yaguara,Colostethus yaguara,"Rivero & Serna, 1991",Colostethus yaguara,,ACCEPTED,,,GBIF Backbone (catálogo Antioquia),2026-09-13,,2428976
COL_ANURA_0201,Anura,Dendrobatidae,Dendrobates,auratus,Dendrobates auratus,"(Girard, 1855) ",Dendrobates auratus,,ACCEPTED,rana venenosa verdinegra,21121,GBIF Backbone (catálogo Antioquia),2026-09-13,,5218022
COL_ANURA_0202,Anura,Dendrobatidae,Dendrobates,tinctorius,Dendrobates tinctorius,"(Cuvier, 1797) ",Dendrobates tinctorius,,ACCEPTED,,,GBIF Backbone (catálogo Antioquia),2026-09-13,,9724339
COL_ANURA_0203,Anura,Dendrobatidae,Ectopoglossus,atopoglossus,Ectopoglossus atopoglossus,"(Grant, Humphrey & Myers, 1997) ",Ectopoglossus atopoglossus,,ACCEPTED,,,GBIF Backbone (catálogo Antioquia),2026-09-13,,10845498
COL_ANURA_0204,Anura,Dendrobatidae,Ectopoglossus,saxatilis,Ectopoglossus saxatilis,"Grant, Rada, Anganoy-Criollo, Batista, Dias, Jeckel, Machado & Rueda-Almonacid, 2017",Ectopoglossus saxatilis,,ACCEPTED,,604174,GBIF Backbone (catálogo Antioquia),2026-09-13,,10711265
COL_ANURA_0205,Anura,Dendrobatidae,Hyloxalus,abditaurantius,Hyloxalus abditaurantius,"(Silverstone, 1975) ",Hyloxalus abditaurantius,,ACCEPTED,,,GBIF Backbone (catálogo Antioquia),2026-09-13,,2429175
COL_ANURA_0206,Anura,Dendrobatidae,Hyloxalus,bocagei,Hyloxalus bocagei,"Jiménez de la Espada, 1870",Hyloxalus bocagei,,ACCEPTED,,,GBIF Backbone (catálogo Antioquia),2026-09-13,,2429163
COL_ANURA_0207,Anura,Dendrobatidae,Hyloxalus,chocoensis,Hyloxalus chocoensis,"Boulenger, 1912",Hyloxalus chocoensis,,ACCEPTED,,,GBIF Backbone (catálogo Antioquia),2026-09-13,,2429169
COL_ANURA_0208,Anura,Dendrobatidae,Hyloxalus,delatorreae,Hyloxalus delatorreae,"(Coloma, 1995) ",Hyloxalus delatorreae,,ACCEPTED,,,GBIF Backbone (catálogo Antioquia),2026-09-13,,2429264
COL_ANURA_0209,Anura,Dendrobatidae,Hyloxalus,excisus,Hyloxalus excisus,"(Rivero & Serna, 2000) ",Hyloxalus excisus,,ACCEPTED,,,GBIF Backbone (catálogo Antioquia),2026-09-13,,2429177
COL_ANURA_0210,Anura,Dendrobatidae,Hyloxalus,lehmanni,Hyloxalus lehmanni,"(Silverstone, 1971) ",Hyloxalus lehmanni,,ACCEPTED,Rana cohete de Lehmann,65695,GBIF Backbone (catálogo Antioquia),2026-09-13,,2429248
COL_ANURA_0211,Anura,Dendrobatidae,Hyloxalus,ramosi,Hyloxalus ramosi,"(Silverstone, 1971) ",Hyloxalus ramosi,,ACCEPTED,,65710,GBIF Backbone (catálogo Antioquia),2026-09-13,,2429215
COL_ANURA_0212,Anura,Dendrobatidae,Hyloxalus,subpunctatus,Hyloxalus subpunctatus,"(Cope, 1899) ",Hyloxalus subpunctatus,,ACCEPTED,,,GBIF Backbone (catálogo Antioquia),2026-09-13,,2429181
COL_ANURA_0213,Anura,Dendrobatidae,Hyloxalus,vergeli,Hyloxalus vergeli,"Hellmich, 1940",Hyloxalus vergeli,,ACCEPTED,,,GBIF Backbone (catálogo Antioquia),2026-09-13,,2429227
COL_ANURA_0214,Anura,Dendrobatidae,Leucostethus,brachistriatus,Leucostethus brachistriatus,"(Rivero & Serna, 1986) ",Leucostethus brachistriatus,,ACCEPTED,,,GBIF Backbone (catálogo Antioquia),2026-09-13,,10702577
COL_ANURA_0215,Anura,Dendrobatidae,Leucostethus,fraterdanieli,Leucostethus fraterdanieli,"(Silverstone, 1971) ",Leucostethus fraterdanieli,,ACCEPTED,Rana cohete silbadora,787625,GBIF Backbone (catálogo Antioquia),2026-09-13,,10678845
COL_ANURA_0216,Anura,Dendrobatidae,Leucostethus,jota,Leucostethus jota,"Marín-Castaño, Molina-Zuluaga & Restrepo, 2018",Leucostethus jota,,ACCEPTED,,787624,GBIF Backbone (catálogo Antioquia),2026-09-13,,10627543
COL_ANURA_0217,Anura,Dendrobatidae,Leucostethus,ramirezi,Leucostethus ramirezi,"(Rivero & Serna, 2000) ",Leucostethus ramirezi,,ACCEPTED,,788148,GBIF Backbone (catálogo Antioquia),2026-09-13,,10704401
COL_ANURA_0218,Anura,Dendrobatidae,Oophaga,andresi,Oophaga andresi,"Posso-Terranova & Andrés, 2018",Oophaga andresi,,ACCEPTED,,1176934,GBIF Backbone (catálogo Antioquia),2026-09-13,,10041465
COL_ANURA_0219,Anura,Dendrobatidae,Oophaga,histrionica,Oophaga histrionica,"(Berthold, 1845) ",Oophaga histrionica,,ACCEPTED,,,GBIF Backbone (catálogo Antioquia),2026-09-13,,2429137
COL_ANURA_0220,Anura,Dendrobatidae,Oophaga,solanensis,Oophaga solanensis,"Posso-Terranova & Andrés, 2018",Oophaga solanensis,,ACCEPTED,Rana Venenosa Arlequín Chocoana,1176933,GBIF Backbone (catálogo Antioquia),2026-09-13,,10643110
COL_ANURA_0221,Anura,Dendrobatidae,Phyllobates,aurotaenia,Phyllobates aurotaenia,"(Boulenger, 1913) ",Phyllobates aurotaenia,,ACCEPTED,,,GBIF Backbone (catálogo Antioquia),2026-09-13,,5218021
COL_ANURA_0222,Anura,Dendrobatidae,Phyllobates,terribilis,Phyllobates terribilis,"Myers, Daly & Malkin, 1978",Phyllobates terribilis,,ACCEPTED,Rana dorada venenosa,21217,GBIF Backbone (catálogo Antioquia),2026-09-13,,5218020
COL_ANURA_0223,Anura,Dendrobatidae,Silverstoneia,erasmios,Silverstoneia erasmios,"(Rivero & Serna, 2000) ",Silverstoneia erasmios,,ACCEPTED,,67184,GBIF Backbone (catálogo Antioquia),2026-09-13,,2429062
COL_ANURA_0224,Anura,Dendrobatidae,Silverstoneia,minutissima,Silverstoneia minutissima,"Grant & Myers, 2013",Silverstoneia minutissima,,ACCEPTED,,,GBIF Backbone (catálogo Antioquia),2026-09-13,,10801353
COL_ANURA_0225,Anura,Dendrobatidae,Silverstoneia,nubicola,Silverstoneia nubicola,"(Dunn, 1924) ",Silverstoneia nubicola,,ACCEPTED,,,GBIF Backbone (catálogo Antioquia),2026-09-13,,2429060
COL_ANURA_0226,Anura,Dicroglossidae,Hoplobatrachus,tigerinus,Hoplobatrachus tigerinus,"(Daudin, 1802) ",Hoplobatrachus tigerinus,,ACCEPTED,,,GBIF Backbone (catálogo Antioquia),2026-09-13,,2430380
COL_ANURA_0227,Anura,Eleutherodactylidae,Diasporus,anthrax,Diasporus anthrax,"(Lynch, 2001) ",Diasporus anthrax,,ACCEPTED,,65417,GBIF Backbone (catálogo Antioquia),2026-09-13,,2424016
COL_ANURA_0228,Anura,Eleutherodactylidae,Diasporus,diastema,Diasporus diastema,"(Cope, 1875) ",Diasporus diastema,,ACCEPTED,,,GBIF Backbone (catálogo Antioquia),2026-09-13,,2424012
COL_ANURA_0229,Anura,Eleutherodactylidae,Diasporus,gularis,Diasporus gularis,"(Boulenger, 1898) ",Diasporus gularis,,ACCEPTED,Rana naranja de Esmeraldas,65419,GBIF Backbone (catálogo Antioquia),2026-09-13,,2424022
COL_ANURA_0230,Anura,Eleutherodactylidae,Diasporus,quidditus,Diasporus quidditus,"(Lynch, 2001) ",Diasporus quidditus,,ACCEPTED,,,GBIF Backbone (catálogo Antioquia),2026-09-13,,2424020
COL_ANURA_0231,Anura,Eleutherodactylidae,Diasporus,tinker,Diasporus tinker,"(Lynch, 2001) ",Diasporus tinker,,ACCEPTED,,,GBIF Backbone (catálogo Antioquia),2026-09-13,,2424008
COL_ANURA_0232,Anura,Eleutherodactylidae,Eleutherodactylus,emiliae,Eleutherodactylus emiliae,"Dunn, 1926",Eleutherodactylus emiliae,,ACCEPTED,,,GBIF Backbone (catálogo Antioquia),2026-09-13,,2424200
COL_ANURA_0233,Anura,Eleutherodactylidae,Eleutherodactylus,johnstonei,Eleutherodactylus johnstonei,"Barbour, 1914",Eleutherodactylus johnstonei,,ACCEPTED,Coqui Antillano,22333,GBIF Backbone (catálogo Antioquia),2026-09-13,,2424120
COL_ANURA_0234,Anura,Hemiphractidae,Cryptobatrachus,fuhrmanni,Cryptobatrachus fuhrmanni,"(Peracca, 1914) ",Cryptobatrachus fuhrmanni,,ACCEPTED,,24398,GBIF Backbone (catálogo Antioquia),2026-09-13,,2430106
COL_ANURA_0235,Anura,Hemiphractidae,Gastrotheca,antomia,Gastrotheca antomia,"Ruiz-Carranza, Ardila-Robayo, Lynch & Restrepo-Toro, 1997",Gastrotheca antomia,,ACCEPTED,,,GBIF Backbone (catálogo Antioquia),2026-09-13,,5218196
COL_ANURA_0236,Anura,Hemiphractidae,Gastrotheca,argenteovirens,Gastrotheca argenteovirens,"(Boettger, 1892) ",Gastrotheca argenteovirens,,ACCEPTED,,,GBIF Backbone (catálogo Antioquia),2026-09-13,,5218189
COL_ANURA_0237,Anura,Hemiphractidae,Gastrotheca,bufona,Gastrotheca bufona,"Cochran & Goin, 1970",Gastrotheca bufona,,ACCEPTED,,,GBIF Backbone (catálogo Antioquia),2026-09-13,,5218174
COL_ANURA_0238,Anura,Hemiphractidae,Gastrotheca,dendronastes,Gastrotheca dendronastes,"Duellman, 1983",Gastrotheca dendronastes,,ACCEPTED,Rana marsupial del río Calima,24168,GBIF Backbone (catálogo Antioquia),2026-09-13,,5218150
COL_ANURA_0239,Anura,Hemiphractidae,Gastrotheca,dunni,Gastrotheca dunni,"Lutz, 1977",Gastrotheca dunni,,ACCEPTED,Rana Marsupial Norandina,24151,GBIF Backbone (catálogo Antioquia),2026-09-13,,5218202
COL_ANURA_0240,Anura,Hemiphractidae,Gastrotheca,guentheri,Gastrotheca guentheri,"(Boulenger, 1882) ",Gastrotheca guentheri,,ACCEPTED,,,GBIF Backbone (catálogo Antioquia),2026-09-13,,5218159
COL_ANURA_0241,Anura,Hemiphractidae,Gastrotheca,nicefori,Gastrotheca nicefori,"Gaige, 1933",Gastrotheca nicefori,,ACCEPTED,Rana Marsupial De Niceforo,24158,GBIF Backbone (catálogo Antioquia),2026-09-13,,5218187
COL_ANURA_0242,Anura,Hemiphractidae,Hemiphractus,fasciatus,Hemiphractus fasciatus,"Peters, 1862",Hemiphractus fasciatus,,ACCEPTED,,,GBIF Backbone (catálogo Antioquia),2026-09-13,,2429980
COL_ANURA_0243,Anura,Hylidae,Acris,crepitans,Acris crepitans,"Baird, 1854",Acris crepitans,,ACCEPTED,,,GBIF Backbone (catálogo Antioquia),2026-09-13,,2427616
COL_ANURA_0244,Anura,Hylidae,Boana,albomarginata,Boana albomarginata,"(Spix, 1824) ",Boana albomarginata,,ACCEPTED,,,GBIF Backbone (catálogo Antioquia),2026-09-13,,10782364
COL_ANURA_0245,Anura,Hylidae,Boana,crepitans,Boana crepitans,"(Wied-Neuwied, 1824) ",Boana crepitans,,ACCEPTED,,,GBIF Backbone (catálogo Antioquia),2026-09-13,,10697747
COL_ANURA_0246,Anura,Hylidae,Boana,pellucens,Boana pellucens,"(Werner, 1901) ",Boana pellucens,,ACCEPTED,,,GBIF Backbone (catálogo Antioquia),2026-09-13,,10834971
COL_ANURA_0247,Anura,Hylidae,Boana,picturata,Boana picturata,"(Boulenger, 1899) ",Boana picturata,,ACCEPTED,,,GBIF Backbone (catálogo Antioquia),2026-09-13,,10876427
COL_ANURA_0248,Anura,Hylidae,Boana,rubracyla,Boana rubracyla,"(Cochran & Goin, 1970) ",Boana rubracyla,,ACCEPTED,,,GBIF Backbone (catálogo Antioquia),2026-09-13,,10848485
COL_ANURA_0249,Anura,Hylidae,Boana,rufitela,Boana rufitela,"(Fouquette, 1961) ",Boana rufitela,,ACCEPTED,Rana Arborícola de La Zona del Canal,555152,GBIF Backbone (catálogo Antioquia),2026-09-13,,10883886
COL_ANURA_0250,Anura,Hylidae,Dendropsophus,carnifex,Dendropsophus carnifex,"(Duellman, 1969) ",Dendropsophus carnifex,,ACCEPTED,,,GBIF Backbone (catálogo Antioquia),2026-09-13,,2428500
COL_ANURA_0251,Anura,Hylidae,Dendropsophus,phlebodes,Dendropsophus phlebodes,"(Stejneger, 1906) ",Dendropsophus phlebodes,,ACCEPTED,,65387,GBIF Backbone (catálogo Antioquia),2026-09-13,,2428571
COL_ANURA_0252,Anura,Hylidae,Dendropsophus,subocularis,Dendropsophus subocularis,"(Dunn, 1934) ",Dendropsophus subocularis,,ACCEPTED,,65406,GBIF Backbone (catálogo Antioquia),2026-09-13,,2428477
COL_ANURA_0253,Anura,Hylidae,Ecnomiohyla,phantasmagoria,Ecnomiohyla phantasmagoria,"(Dunn, 1943) ",Ecnomiohyla phantasmagoria,,ACCEPTED,,,GBIF Backbone (catálogo Antioquia),2026-09-13,,2428655
COL_ANURA_0254,Anura,Hylidae,Hyloscirtus,antioquia,Hyloscirtus antioquia,"Rivera-Correa & Faivovich, 2013",Hyloscirtus antioquia,,ACCEPTED,Rana chocolate antioqueña,476704,GBIF Backbone (catálogo Antioquia),2026-09-13,,8855870
COL_ANURA_0255,Anura,Hylidae,Hyloscirtus,bogotensis,Hyloscirtus bogotensis,"(Peters, 1882) ",Hyloscirtus bogotensis,,ACCEPTED,,,GBIF Backbone (catálogo Antioquia),2026-09-13,,2428295
COL_ANURA_0256,Anura,Hylidae,Hyloscirtus,colymba,Hyloscirtus colymba,"(Dunn, 1931) ",Hyloscirtus colymba,,ACCEPTED,,,GBIF Backbone (catálogo Antioquia),2026-09-13,,2428319
COL_ANURA_0257,Anura,Hylidae,Hyloscirtus,larinopygion,Hyloscirtus larinopygion,"(Duellman, 1973) ",Hyloscirtus larinopygion,,ACCEPTED,Rana de torrente pastusa,65655,GBIF Backbone (catálogo Antioquia),2026-09-13,,2428323
COL_ANURA_0258,Anura,Hylidae,Pseudis,paradoxa,Pseudis paradoxa,"(Linnaeus, 1758) ",Pseudis paradoxa,,ACCEPTED,,,GBIF Backbone (catálogo Antioquia),2026-09-13,,2428380
COL_ANURA_0259,Anura,Hylidae,Scarthyla,vigilans,Scarthyla vigilans,"(Solano, 1971) ",Scarthyla vigilans,,ACCEPTED,Ranita Vigilante,67169,GBIF Backbone (catálogo Antioquia),2026-09-13,,2427370
COL_ANURA_0260,Anura,Hylidae,Scinax,boulengeri,Scinax boulengeri,"(Cope, 1887) ",Scinax boulengeri,,ACCEPTED,rana arboricola narizona de boulenger,24310,GBIF Backbone (catálogo Antioquia),2026-09-13,,5217853
COL_ANURA_0261,Anura,Hylidae,Scinax,caprarius,Scinax caprarius,"Acosta-Galvis, 2018",Scinax caprarius,,ACCEPTED,Scinax canto de cabra,787621,GBIF Backbone (catálogo Antioquia),2026-09-13,,10427403
COL_ANURA_0262,Anura,Hylidae,Scinax,elaeochroa,Scinax elaeochroa,"(Cope, 1875) ",Scinax elaeochroa,,ACCEPTED,rana arborícola hocico oliva,134631,GBIF Backbone (catálogo Antioquia),2026-09-13,,5217897
COL_ANURA_0263,Anura,Hylidae,Scinax,rostratus,Scinax rostratus,"(Peters, 1863) ",Scinax rostratus,,ACCEPTED,Ranita Rostral,24292,GBIF Backbone (catálogo Antioquia),2026-09-13,,5217865
COL_ANURA_0264,Anura,Hylidae,Scinax,sugillatus,Scinax sugillatus,"(Duellman, 1973) ",Scinax sugillatus,,ACCEPTED,,,GBIF Backbone (catálogo Antioquia),2026-09-13,,5217870
COL_ANURA_0265,Anura,Hylidae,Scinax,x-signatus,Scinax x-signatus,"(Spix, 1824) ",Scinax x-signatus,,ACCEPTED,,,GBIF Backbone (catálogo Antioquia),2026-09-13,,5217876
COL_ANURA_0266,Anura,Hylidae,Smilisca,phaeota,Smilisca phaeota,"(Cope, 1862) ",Smilisca phaeota,,ACCEPTED,rana arborícola enmascarada,24272,GBIF Backbone (catálogo Antioquia),2026-09-13,,2428683
COL_ANURA_0267,Anura,Hylidae,Smilisca,sila,Smilisca sila,"Duellman & Trueb, 1966",Smilisca sila,,ACCEPTED,rana arborícola ñata,24275,GBIF Backbone (catálogo Antioquia),2026-09-13,,2428688
COL_ANURA_0268,Anura,Hylidae,Smilisca,sordida,Smilisca sordida,"(Peters, 1863) ",Smilisca sordida,,ACCEPTED,,,GBIF Backbone (catálogo Antioquia),2026-09-13,,2428681
COL_ANURA_0269,Anura,Hylidae,Trachycephalus,macrotis,Trachycephalus macrotis,"(Andersson, 1945) ",Trachycephalus macrotis,,ACCEPTED,Rana Gomosa Grande,517297,GBIF Backbone (catálogo Antioquia),2026-09-13,,10732942
COL_ANURA_0270,Anura,Hylidae,Trachycephalus,typhonius,Trachycephalus typhonius,"(Linnaeus, 1758) ",Trachycephalus typhonius,,ACCEPTED,,,GBIF Backbone (catálogo Antioquia),2026-09-13,,9383706
COL_ANURA_0271,Anura,Hylidae,Trachycephalus,venulosus,Trachycephalus venulosus,"(Laurenti, 1768) ",Trachycephalus venulosus,,ACCEPTED,,,GBIF Backbone (catálogo Antioquia),2026-09-13,,5217960
COL_ANURA_0272,Anura,Leptodactylidae,Leptodactylus,bolivianus,Leptodactylus bolivianus,"Boulenger, 1898",Leptodactylus bolivianus,,ACCEPTED,,,GBIF Backbone (catálogo Antioquia),2026-09-13,,5217607
COL_ANURA_0273,Anura,Leptodactylidae,Leptodactylus,fragilis,Leptodactylus fragilis,"(Brocchi, 1877) ",Leptodactylus fragilis,,ACCEPTED,Rana de bigotes,22976,GBIF Backbone (catálogo Antioquia),2026-09-13,,5217587
COL_ANURA_0274,Anura,Leptodactylidae,Leptodactylus,fuscus,Leptodactylus fuscus,"(Schneider, 1799) ",Leptodactylus fuscus,,ACCEPTED,Rana Picuda,22973,GBIF Backbone (catálogo Antioquia),2026-09-13,,5217556
COL_ANURA_0275,Anura,Leptodactylidae,Leptodactylus,insularum,Leptodactylus insularum,"Barbour, 1906",Leptodactylus insularum,,ACCEPTED,Rana Caribeña,126247,GBIF Backbone (catálogo Antioquia),2026-09-13,,5217608
COL_ANURA_0276,Anura,Leptodactylidae,Leptodactylus,melanonotus,Leptodactylus melanonotus,"(Hallowell, 1861) ",Leptodactylus melanonotus,,ACCEPTED,Ranita hojarasca,22951,GBIF Backbone (catálogo Antioquia),2026-09-13,,5217525
COL_ANURA_0277,Anura,Leptodactylidae,Leptodactylus,mystacinus,Leptodactylus mystacinus,"(Burmeister, 1861) ",Leptodactylus mystacinus,,ACCEPTED,,,GBIF Backbone (catálogo Antioquia),2026-09-13,,5217574
COL_ANURA_0278,Anura,Leptodactylidae,Leptodactylus,pentadactylus,Leptodactylus pentadactylus,"(Laurenti, 1768) ",Leptodactylus pentadactylus,,ACCEPTED,,,GBIF Backbone (catálogo Antioquia),2026-09-13,,5217498
COL_ANURA_0279,Anura,Leptodactylidae,Leptodactylus,poecilochilus,Leptodactylus poecilochilus,"(Cope, 1862) ",Leptodactylus poecilochilus,,ACCEPTED,rana de labio turbo blanco,22977,GBIF Backbone (catálogo Antioquia),2026-09-13,,5217583
COL_ANURA_0280,Anura,Leptodactylidae,Leptodactylus,rhodomerus,Leptodactylus rhodomerus,"Heyer, 2005",Leptodactylus rhodomerus,,ACCEPTED,,,GBIF Backbone (catálogo Antioquia),2026-09-13,,5217549
COL_ANURA_0281,Anura,Leptodactylidae,Leptodactylus,savagei,Leptodactylus savagei,"Heyer, 2005",Leptodactylus savagei,,ACCEPTED,Rana de dedos delgados de Savage,65962,GBIF Backbone (catálogo Antioquia),2026-09-13,,5217534
COL_ANURA_0282,Anura,Leptodactylidae,Leptodactylus,ventrimaculatus,Leptodactylus ventrimaculatus,"Boulenger, 1902",Leptodactylus ventrimaculatus,,ACCEPTED,,,GBIF Backbone (catálogo Antioquia),2026-09-13,,5217555
COL_ANURA_0283,Anura,Leptodactylidae,Physalaemus,fischeri,Physalaemus fischeri,"(Boulenger, 1890) ",Physalaemus fischeri,,ACCEPTED,,,GBIF Backbone (catálogo Antioquia),2026-09-13,,2423583
COL_ANURA_0284,Anura,Leptodactylidae,Pleurodema,brachyops,Pleurodema brachyops,"(Cope, 1869) ",Pleurodema brachyops,,ACCEPTED,Sapito Lipón,23218,GBIF Backbone (catálogo Antioquia),2026-09-13,,2423470
COL_ANURA_0285,Anura,Leptodactylidae,Pseudopaludicola,pusilla,Pseudopaludicola pusilla,"(Ruthven, 1916) ",Pseudopaludicola pusilla,,ACCEPTED,Ranita Enana,23181,GBIF Backbone (catálogo Antioquia),2026-09-13,,2423515
COL_ANURA_0286,Anura,Microhylidae,Ctenophryne,aterrima,Ctenophryne aterrima,"(Günther, 1901) ",Ctenophryne aterrima,,ACCEPTED,Ranita hocicuda negra,476539,GBIF Backbone (catálogo Antioquia),2026-09-13,,9849293
COL_ANURA_0287,Anura,Microhylidae,Elachistocleis,panamensis,Elachistocleis panamensis,"(Dunn, Trapido & Evans, 1948) ",Elachistocleis panamensis,,ACCEPTED,Ranita termitera,476538,GBIF Backbone (catálogo Antioquia),2026-09-13,,10695765
COL_ANURA_0288,Anura,Microhylidae,Elachistocleis,pearsei,Elachistocleis pearsei,"(Ruthven, 1914) ",Elachistocleis pearsei,,ACCEPTED,Rana Pingüina,476537,GBIF Backbone (catálogo Antioquia),2026-09-13,,10804271
COL_ANURA_0289,Anura,Phyllomedusidae,Agalychnis,buckleyi,Agalychnis buckleyi,"(Boulenger, 1882) ",Agalychnis buckleyi,,ACCEPTED,,,GBIF Backbone (catálogo Antioquia),2026-09-13,,10832674
COL_ANURA_0290,Anura,Phyllomedusidae,Agalychnis,danieli,Agalychnis danieli,"(Ruiz-Carranza, Hernández-Camacho & Rueda-Almonacid, 1988) ",Agalychnis danieli,,ACCEPTED,,,GBIF Backbone (catálogo Antioquia),2026-09-13,,10848419
COL_ANURA_0291,Anura,Phyllomedusidae,Agalychnis,spurrelli,Agalychnis spurrelli,"Boulenger, 1913",Agalychnis spurrelli,,ACCEPTED,Rana Deslizadora,134927,GBIF Backbone (catálogo Antioquia),2026-09-13,,2428192
COL_ANURA_0292,Anura,Phyllomedusidae,Agalychnis,terranova,Agalychnis terranova,"Rivera-Correa, Duarte-Cubides, Rueda-Almonacid & Daza-R., 2013",Agalychnis terranova,,ACCEPTED,,476706,GBIF Backbone (catálogo Antioquia),2026-09-13,,8623336
COL_ANURA_0293,Anura,Phyllomedusidae,Callimedusa,perinesos,Callimedusa perinesos,"(Duellman, 1973) ",Callimedusa perinesos,,ACCEPTED,,,GBIF Backbone (catálogo Antioquia),2026-09-13,,10736342
COL_ANURA_0294,Anura,Phyllomedusidae,Phyllomedusa,bicolor,Phyllomedusa bicolor,"(Boddaert, 1772) ",Phyllomedusa bicolor,,ACCEPTED,Rana Lemur Gigante,23746,GBIF Backbone (catálogo Antioquia),2026-09-13,,2427977
COL_ANURA_0295,Anura,Pipidae,Pipa,myersi,Pipa myersi,"Trueb, 1984",Pipa myersi,,ACCEPTED,,25461,GBIF Backbone (catálogo Antioquia),2026-09-13,,2423967
COL_ANURA_0296,Anura,Ranidae,Lithobates,catesbeianus,Lithobates catesbeianus,"(Shaw, 1802) ",Lithobates catesbeianus,,ACCEPTED,Rana toro americana,65979,GBIF Backbone (catálogo Antioquia),2026-09-13,,2427091
COL_ANURA_0297,Anura,Ranidae,Lithobates,palmipes,Lithobates palmipes,"(Spix, 1824) ",Lithobates palmipes,,ACCEPTED,,,GBIF Backbone (catálogo Antioquia),2026-09-13,,2427080
COL_ANURA_0298,Anura,Ranidae,Lithobates,vaillanti,Lithobates vaillanti,"(Brocchi, 1877) ",Lithobates vaillanti,,ACCEPTED,Rana de Vaillant,66016,GBIF Backbone (catálogo Antioquia),2026-09-13,,2427082
COL_ANURA_0299,Anura,,Pristimantis,campesino,Pristimantis campesino,,Pristimantis campesino,,UNRESOLVED,,1423560,GBIF Backbone (catálogo Antioquia),2026-09-12,,
COL_ANURA_0300,Anura,,Pristimantis,cryptopictus,Pristimantis cryptopictus,,Pristimantis cryptopictus,,UNRESOLVED,,1363699,GBIF Backbone (catálogo Antioquia),2026-09-12,,
