"FileName","OriginalPath","Species","Familia","Genero","SHA256","Dataset"
"Rhinella_alata_086.jpg","Bufonidae\Rhinella\Rhinella alata\Rhinella_alata_086.jpg","Rhinella alata","Bufonidae","Rhinella","9c7c633faeb4fffbc49ff78ab8d14c7765407c1b998dc1bb4e9edc4b103d8f17","CALIBRATION"
"Rhinella_alata_087.jpg","Bufonidae\Rhinella\Rhinella alata\Rhinella_alata_087.jpg","Rhinella alata","Bufonidae","Rhinella","0b80768bdd6d3266d9fe2e08c3c04d22885d0a816ed5017e74e367527abc676b","CALIBRATION"
"Rhinella_alata_088.jpg","Bufonidae\Rhinella\Rhinella alata\Rhinella_alata_088.jpg","Rhinella alata","Bufonidae","Rhinella","1e9160ac036b7ae57f529b2a2bd2ee2fdb45636c3b461e020cff82f07cde842c","CALIBRATION"
"Rhinella_alata_089.jpg","Bufonidae\Rhinella\Rhinella alata\Rhinella_alata_089.jpg","Rhinella alata","Bufonidae","Rhinella","1a715c71da6819c9f4823df63f9555d466b9d8e3fa7a7ce9f5edbf1caf134abe","CALIBRATION"
"Rhinella_alata_090.jpg","Bufonidae\Rhinella\Rhinella alata\Rhinella_alata_090.jpg","Rhinella alata","Bufonidae","Rhinella","5007431534f62d55cb0e4af3659fe1594282a3b617de3bb31f6b8f4e1adddcac","CALIBRATION"
"Rhinella_alata_091.jpg","Bufonidae\Rhinella\Rhinella alata\Rhinella_alata_091.jpg","Rhinella alata","Bufonidae","Rhinella","d9c75136f0d5a5ea7f7c23581aa6471082a29f0f68d3c91f737379c9c20a3122","CALIBRATION"
"Rhinella_alata_092.jpg","Bufonidae\Rhinella\Rhinella alata\Rhinella_alata_092.jpg","Rhinella alata","Bufonidae","Rhinella","8bbcc419d5679a4cb054beb3e546a245c4ad8860cbc599317eed0f625c8637e7","CALIBRATION"
"Rhinella_alata_093.jpg","Bufonidae\Rhinella\Rhinella alata\Rhinella_alata_093.jpg","Rhinella alata","Bufonidae","Rhinella","13c6bb6ef482f8c9903e1ef394e08f6f4c15a2f617602762973aa78379fea861","CALIBRATION"
"Rhinella_alata_094.jpg","Bufonidae\Rhinella\Rhinella alata\Rhinella_alata_094.jpg","Rhinella alata","Bufonidae","Rhinella","8a0a089ef0e7291ffceaa0e5e3eb5d6ac4da6a14bf44601e6ee41c0b5e1d3257","CALIBRATION"
"Rhinella_alata_096.jpg","Bufonidae\Rhinella\Rhinella alata\Rhinella_alata_096.jpg","Rhinella alata","Bufonidae","Rhinella","c3255767304d4b3b3c9c8187ba8aa458d6a277332b0475b639d65218acefc0cd","CALIBRATION"
"Rhinella_alata_097.jpg","Bufonidae\Rhinella\Rhinella alata\Rhinella_alata_097.jpg","Rhinella alata","Bufonidae","Rhinella","0191610fc889f40ef56985f63dfa200996cf61c955857e12ec64e2a8f548d425","CALIBRATION"
"Rhinella_alata_098.jpg","Bufonidae\Rhinella\Rhinella alata\Rhinella_alata_098.jpg","Rhinella alata","Bufonidae","Rhinella","9e3c3d4e7ad9c5fa1c638bb07d1515cc9be36abb95fb4b7d8dbb3653fea7b7ba","CALIBRATION"
"Rhinella_alata_099.jpg","Bufonidae\Rhinella\Rhinella alata\Rhinella_alata_099.jpg","Rhinella alata","Bufonidae","Rhinella","f89463f8e6d8e8ca8ccce5877ecb73c80664c55820ba7a347efa1410e9484be4","CALIBRATION"
"Rhinella_alata_100.jpg","Bufonidae\Rhinella\Rhinella alata\Rhinella_alata_100.jpg","Rhinella alata","Bufonidae","Rhinella","6fd65e619b66fc006c4339b0ce849d19df86897d428519aabfc46831c9eac5c6","CALIBRATION"
"Rhinella_alata_102.jpg","Bufonidae\Rhinella\Rhinella alata\Rhinella_alata_102.jpg","Rhinella alata","Bufonidae","Rhinella","f48bad4204e38fcc3bfdf6ab7181cd16de9b79c82a9ca9c93c010af25a0c7d03","CALIBRATION"
"Rhinella_alata_103.jpg","Bufonidae\Rhinella\Rhinella alata\Rhinella_alata_103.jpg","Rhinella alata","Bufonidae","Rhinella","34817dc20aa523c3836cfeeccc64ecb64914825796a67f21a01da0b3fed0023d","CALIBRATION"
"Rhinella_alata_104.jpg","Bufonidae\Rhinella\Rhinella alata\Rhinella_alata_104.jpg","Rhinella alata","Bufonidae","Rhinella","8045db624582ab8904f29ac666248f85c66ef9961aad972536e2cb406133b9be","CALIBRATION"
"Rhinella_alata_105.jpg","Bufonidae\Rhinella\Rhinella alata\Rhinella_alata_105.jpg","Rhinella alata","Bufonidae","Rhinella","9974cdae23696fda2692c3bd02e5420c8b5f404808fae1309fc64dff89395f5a","CALIBRATION"
"Rhinella_alata_106.jpg","Bufonidae\Rhinella\Rhinella alata\Rhinella_alata_106.jpg","Rhinella alata","Bufonidae","Rhinella","173447729358eadcd6dc08032f370f65fc43745ce9e01d4fef76000f1a41d052","CALIBRATION"
"Rhinella_alata_107.jpg","Bufonidae\Rhinella\Rhinella alata\Rhinella_alata_107.jpg","Rhinella alata","Bufonidae","Rhinella","e789864370cb0075234a458796a857512ed3e00b98e61aa57706db58e12c407c","CALIBRATION"
"Rhinella_alata_109.jpg","Bufonidae\Rhinella\Rhinella alata\Rhinella_alata_109.jpg","Rhinella alata","Bufonidae","Rhinella","3fd051866d3136fd441ae2fcaae5645595e251d6d74583adf5d2e6018379f785","CALIBRATION"
"Rhinella_horribilis_069.jpg","Bufonidae\Rhinella\Rhinella horribilis\Rhinella_horribilis_069.jpg","Rhinella horribilis","Bufonidae","Rhinella","319bbef98523010c75cc16249e68fde00458420452bb0f9e0d0087e5ec6b7a41","CALIBRATION"
"Rhinella_horribilis_070.jpg","Bufonidae\Rhinella\Rhinella horribilis\Rhinella_horribilis_070.jpg","Rhinella horribilis","Bufonidae","Rhinella","febda67a9df1c19c5dc47d39bfd1dde1308d25b78a2613ae73f3d931ac132269","CALIBRATION"
"Rhinella_horribilis_071.jpg","Bufonidae\Rhinella\Rhinella horribilis\Rhinella_horribilis_071.jpg","Rhinella horribilis","Bufonidae","Rhinella","20198879ba23d1570a21f70bb57d146ca85fc2fccb1ce435b5e46f02093661a5","CALIBRATION"
"Rhinella_horribilis_072.jpg","Bufonidae\Rhinella\Rhinella horribilis\Rhinella_horribilis_072.jpg","Rhinella horribilis","Bufonidae","Rhinella","91ffa2424a5d2c1dc8672b861ffd714b25eac9d2e1efda6c67658f934e64dbac","CALIBRATION"
"Rhinella_horribilis_073.jpg","Bufonidae\Rhinella\Rhinella horribilis\Rhinella_horribilis_073.jpg","Rhinella horribilis","Bufonidae","Rhinella","1048e5fe7320dc3a27b0cec1dec44b2d676e45d1efbe558c00c8990563e3f7a8","CALIBRATION"
"Rhinella_horribilis_074.jpg","Bufonidae\Rhinella\Rhinella horribilis\Rhinella_horribilis_074.jpg","Rhinella horribilis","Bufonidae","Rhinella","6f048c3ddf41d12ae34423385abb9164f8b78051208f765ae716603fd6b180d1","CALIBRATION"
"Rhinella_horribilis_075.jpg","Bufonidae\Rhinella\Rhinella horribilis\Rhinella_horribilis_075.jpg","Rhinella horribilis","Bufonidae","Rhinella","0cafa51020ab211a50147b1a774955b2eb929ac19261fe1ddca5a8701f20ec7c","CALIBRATION"
"Rhinella_horribilis_076.jpg","Bufonidae\Rhinella\Rhinella horribilis\Rhinella_horribilis_076.jpg","Rhinella horribilis","Bufonidae","Rhinella","841ae75f34e7928e151a03412ca1c61aae349d5ec2c9495107947cde5d7cf224","CALIBRATION"
"Rhinella_horribilis_077.jpg","Bufonidae\Rhinella\Rhinella horribilis\Rhinella_horribilis_077.jpg","Rhinella horribilis","Bufonidae","Rhinella","ebeb86af303a1410c62e719c068a0fa3a24fe4119fc75eb5a7bcb70b441a910c","CALIBRATION"
"Rhinella_horribilis_078.jpg","Bufonidae\Rhinella\Rhinella horribilis\Rhinella_horribilis_078.jpg","Rhinella horribilis","Bufonidae","Rhinella","e216cc3ee82e7c2c3e5e80ac9f51ec55a4014a129b16a294982d5210a4b21f4c","CALIBRATION"
"Rhinella_horribilis_079.jpg","Bufonidae\Rhinella\Rhinella horribilis\Rhinella_horribilis_079.jpg","Rhinella horribilis","Bufonidae","Rhinella","2d21650c096735449f03dadc4b7633ceed094ab49474c2f1474b29236178465a","CALIBRATION"
"Rhinella_horribilis_080.jpg","Bufonidae\Rhinella\Rhinella horribilis\Rhinella_horribilis_080.jpg","Rhinella horribilis","Bufonidae","Rhinella","5f7ac96de2657066bc6c8b1b9972d7baac46c749ed64f64bd1e5a1123f2482ed","CALIBRATION"
"Rhinella_horribilis_081.jpg","Bufonidae\Rhinella\Rhinella horribilis\Rhinella_horribilis_081.jpg","Rhinella horribilis","Bufonidae","Rhinella","331992b04355694a23c39f04c393a45487b6a588635f3fbf1a85092325955227","CALIBRATION"
"Rhinella_horribilis_082.jpg","Bufonidae\Rhinella\Rhinella horribilis\Rhinella_horribilis_082.jpg","Rhinella horribilis","Bufonidae","Rhinella","728dfe8614fa410f5f685e6f5956db1a211af82972c8ae2acc18b834e9b341aa","CALIBRATION"
"Rhinella_horribilis_083.jpg","Bufonidae\Rhinella\Rhinella horribilis\Rhinella_horribilis_083.jpg","Rhinella horribilis","Bufonidae","Rhinella","51f282eea864066b2748a2c7dce3d938aa622e2bf35dd6db928846ddae8ca6cb","CALIBRATION"
"Pristimantis_acanthinus_081.jpg","Craugastoridae\Pristimantis\Pristimantis acanthinus\Pristimantis_acanthinus_081.jpg","Pristimantis acanthinus","Craugastoridae","Pristimantis","269c0833b47deebe1afa28808f03d0c5e4960e3b7880368957fae09fee9f76ca","CALIBRATION"
"Pristimantis_acanthinus_082.jpg","Craugastoridae\Pristimantis\Pristimantis acanthinus\Pristimantis_acanthinus_082.jpg","Pristimantis acanthinus","Craugastoridae","Pristimantis","754c5de0a751a15d163c96d254e2044dfde76a39fd0cbaebd39b6fbd71fce693","CALIBRATION"
"Pristimantis_acanthinus_083.jpg","Craugastoridae\Pristimantis\Pristimantis acanthinus\Pristimantis_acanthinus_083.jpg","Pristimantis acanthinus","Craugastoridae","Pristimantis","861d83d4ce5ccb157f37f02dafb07620ed3295cd6222f1ec6e98b46542b81162","CALIBRATION"
"Pristimantis_acanthinus_084.jpg","Craugastoridae\Pristimantis\Pristimantis acanthinus\Pristimantis_acanthinus_084.jpg","Pristimantis acanthinus","Craugastoridae","Pristimantis","846db92d41c10c61482c713be636c31657e64daec8d153e6faaad4233a2627d2","CALIBRATION"
"Pristimantis_acanthinus_085.jpg","Craugastoridae\Pristimantis\Pristimantis acanthinus\Pristimantis_acanthinus_085.jpg","Pristimantis acanthinus","Craugastoridae","Pristimantis","17f49ac383566e584d02f04fb11bc7e149178e7c15330ee7945a8e66c7b9b211","CALIBRATION"
"Pristimantis_acanthinus_086.jpg","Craugastoridae\Pristimantis\Pristimantis acanthinus\Pristimantis_acanthinus_086.jpg","Pristimantis acanthinus","Craugastoridae","Pristimantis","9ed66182752f69bbec2df9a8d23c3d2b8e0b476a99e70c4c8a1bb9de8de2545c","CALIBRATION"
"Pristimantis_acanthinus_087.jpg","Craugastoridae\Pristimantis\Pristimantis acanthinus\Pristimantis_acanthinus_087.jpg","Pristimantis acanthinus","Craugastoridae","Pristimantis","1ba0bb90bc8f8ce0f0c64e0fa9005b83a914790431e71d579d7c45f831d1a1a4","CALIBRATION"
"Pristimantis_acanthinus_088.jpg","Craugastoridae\Pristimantis\Pristimantis acanthinus\Pristimantis_acanthinus_088.jpg","Pristimantis acanthinus","Craugastoridae","Pristimantis","883ba94ce15ac978b4f09e5d95848e3e102ee379e7d33e67cc20365e25290603","CALIBRATION"
"Pristimantis_acanthinus_089.jpg","Craugastoridae\Pristimantis\Pristimantis acanthinus\Pristimantis_acanthinus_089.jpg","Pristimantis acanthinus","Craugastoridae","Pristimantis","65ba513387106b9207f2b0dcad351522d5750e8e067ae08b0a1309e81a9db21f","CALIBRATION"
"Pristimantis_acanthinus_090.jpg","Craugastoridae\Pristimantis\Pristimantis acanthinus\Pristimantis_acanthinus_090.jpg","Pristimantis acanthinus","Craugastoridae","Pristimantis","aaf6f0390ea92a7ecca3103083b294ef3d689c55990d1bdfcbd7f08336a195d0","CALIBRATION"
"Pristimantis_acanthinus_091.jpg","Craugastoridae\Pristimantis\Pristimantis acanthinus\Pristimantis_acanthinus_091.jpg","Pristimantis acanthinus","Craugastoridae","Pristimantis","adb138754a7669e4c02cac52f35a602bf2e4b10b9cb52bab5819d94aa78c6a5a","CALIBRATION"
"Pristimantis_acanthinus_092.jpg","Craugastoridae\Pristimantis\Pristimantis acanthinus\Pristimantis_acanthinus_092.jpg","Pristimantis acanthinus","Craugastoridae","Pristimantis","c870c60e7e7a2d1d93153a6f87bfe18d98aa3cc28d311217f7669d428ed11fc4","CALIBRATION"
"Pristimantis_acanthinus_093.jpg","Craugastoridae\Pristimantis\Pristimantis acanthinus\Pristimantis_acanthinus_093.jpg","Pristimantis acanthinus","Craugastoridae","Pristimantis","c8247b927600b44f6a7af48ba984551172210da0cafa4fe8a6a18d9913b91dbe","CALIBRATION"
"Pristimantis_acanthinus_094.jpg","Craugastoridae\Pristimantis\Pristimantis acanthinus\Pristimantis_acanthinus_094.jpg","Pristimantis acanthinus","Craugastoridae","Pristimantis","b8a329f0b31bdc640c8e21e41659419ed27fedf0694bbcc8aff55d195d5bf680","CALIBRATION"
"Pristimantis_acanthinus_095.jpg","Craugastoridae\Pristimantis\Pristimantis acanthinus\Pristimantis_acanthinus_095.jpg","Pristimantis acanthinus","Craugastoridae","Pristimantis","ae64a5aaaf568ce5c27c0f32754b3030c2b10499e60f9aeeb3e97ecbb6f8b157","CALIBRATION"
"Pristimantis_acanthinus_096.jpg","Craugastoridae\Pristimantis\Pristimantis acanthinus\Pristimantis_acanthinus_096.jpg","Pristimantis acanthinus","Craugastoridae","Pristimantis","8bea9c8af3a8547c87ee9388f36394b59f6527edc284fcc379d794afb79f6b11","CALIBRATION"
"Pristimantis_acanthinus_097.jpg","Craugastoridae\Pristimantis\Pristimantis acanthinus\Pristimantis_acanthinus_097.jpg","Pristimantis acanthinus","Craugastoridae","Pristimantis","1aa31e4111397b873b1289b8e686e75c20562edefb25a865d002d62aa5655a53","CALIBRATION"
"Pristimantis_acanthinus_098.jpg","Craugastoridae\Pristimantis\Pristimantis acanthinus\Pristimantis_acanthinus_098.jpg","Pristimantis acanthinus","Craugastoridae","Pristimantis","acf0450abe96cb2374560bc5969488238352bb8d4f36626d030bbb96e4c7b798","CALIBRATION"
"Pristimantis_acanthinus_099.jpg","Craugastoridae\Pristimantis\Pristimantis acanthinus\Pristimantis_acanthinus_099.jpg","Pristimantis acanthinus","Craugastoridae","Pristimantis","dc1b6fd82c0d0f08c8c015ddfa33b82b503d7df8311809b819c367a582d53286","CALIBRATION"
"Pristimantis_acanthinus_100.jpg","Craugastoridae\Pristimantis\Pristimantis acanthinus\Pristimantis_acanthinus_100.jpg","Pristimantis acanthinus","Craugastoridae","Pristimantis","5110a0d8980536a7710f550b108384bcf095694cff82ffb4832edea8d8cbf0e4","CALIBRATION"
"Pristimantis_paisa_084.jpg","Craugastoridae\Pristimantis\Pristimantis paisa\Pristimantis_paisa_084.jpg","Pristimantis paisa","Craugastoridae","Pristimantis","b5c9480af679070ac298e9fa8d0d3dd0c546367939add5b4db6939d154cf6c24","CALIBRATION"
"Pristimantis_paisa_085.jpg","Craugastoridae\Pristimantis\Pristimantis paisa\Pristimantis_paisa_085.jpg","Pristimantis paisa","Craugastoridae","Pristimantis","d784d37127fef81e1c864e700b641e64eb381d8f34d83728f47a8dc8195e9fdc","CALIBRATION"
"Pristimantis_paisa_086.jpg","Craugastoridae\Pristimantis\Pristimantis paisa\Pristimantis_paisa_086.jpg","Pristimantis paisa","Craugastoridae","Pristimantis","3ff57a6bc6ead506dd474f65e00c811fd0c6ac994256b293a53139b6735ebda6","CALIBRATION"
"Pristimantis_paisa_087.jpg","Craugastoridae\Pristimantis\Pristimantis paisa\Pristimantis_paisa_087.jpg","Pristimantis paisa","Craugastoridae","Pristimantis","f914f8bf2bd3440517cdeb42285d660862e779613dc0a553524ce91ca6003a66","CALIBRATION"
"Pristimantis_paisa_088.jpg","Craugastoridae\Pristimantis\Pristimantis paisa\Pristimantis_paisa_088.jpg","Pristimantis paisa","Craugastoridae","Pristimantis","935922747ffc72bf75e56cee3a971f05d526801d4b8d20654497d790c7e66d78","CALIBRATION"
"Pristimantis_paisa_089.jpg","Craugastoridae\Pristimantis\Pristimantis paisa\Pristimantis_paisa_089.jpg","Pristimantis paisa","Craugastoridae","Pristimantis","89adad9653842d64627d7af7bcf086684ac0443a0fc0a3ba61ebe0d6d5932089","CALIBRATION"
"Pristimantis_paisa_090.jpg","Craugastoridae\Pristimantis\Pristimantis paisa\Pristimantis_paisa_090.jpg","Pristimantis paisa","Craugastoridae","Pristimantis","0a25c7fe51154c882dc5df7df488da2623e207c2acd64a00d8d7a6683d697ca6","CALIBRATION"
"Pristimantis_paisa_091.jpg","Craugastoridae\Pristimantis\Pristimantis paisa\Pristimantis_paisa_091.jpg","Pristimantis paisa","Craugastoridae","Pristimantis","f31b082473d83c22d0a867fc9858f8305ba8887a4900119e767849d861644548","CALIBRATION"
"Pristimantis_paisa_092.jpg","Craugastoridae\Pristimantis\Pristimantis paisa\Pristimantis_paisa_092.jpg","Pristimantis paisa","Craugastoridae","Pristimantis","a038c8b6cf138e1fd1ac280d7063ddab6ded1e1d05284cba8860bcb00a8f1c24","CALIBRATION"
"Pristimantis_paisa_093.jpeg","Craugastoridae\Pristimantis\Pristimantis paisa\Pristimantis_paisa_093.jpeg","Pristimantis paisa","Craugastoridae","Pristimantis","dca9fe14e59b6bfebcde9f48ba10a03b710bf7e70cc4408b542a7be993ac725a","CALIBRATION"
"Pristimantis_paisa_094.jpg","Craugastoridae\Pristimantis\Pristimantis paisa\Pristimantis_paisa_094.jpg","Pristimantis paisa","Craugastoridae","Pristimantis","8b80a1def498a0ce96d85d0e7437f189c6ff2c032cc2e59898f081100fc5842e","CALIBRATION"
"Pristimantis_paisa_095.jpg","Craugastoridae\Pristimantis\Pristimantis paisa\Pristimantis_paisa_095.jpg","Pristimantis paisa","Craugastoridae","Pristimantis","1a76aef6bccf83d4734bd2904862f1d43e4f810778c5e8b58a889a3e63dc9088","CALIBRATION"
"Pristimantis_paisa_096.jpeg","Craugastoridae\Pristimantis\Pristimantis paisa\Pristimantis_paisa_096.jpeg","Pristimantis paisa","Craugastoridae","Pristimantis","c60372d3f18fe5a325734de29b3af50a7ea952c55fa3ceddea7b8214d9004675","CALIBRATION"
"Pristimantis_paisa_097.jpeg","Craugastoridae\Pristimantis\Pristimantis paisa\Pristimantis_paisa_097.jpeg","Pristimantis paisa","Craugastoridae","Pristimantis","c3902c9eab64a9729d939ca3d36faa50b27d3630f1c58ee20699991f1eb0c8d3","CALIBRATION"
"Pristimantis_paisa_098.jpeg","Craugastoridae\Pristimantis\Pristimantis paisa\Pristimantis_paisa_098.jpeg","Pristimantis paisa","Craugastoridae","Pristimantis","e8bab5b2bc8e780c92f2a2bcc5089464855d0443ce871895f85385f5eae681ec","CALIBRATION"
"Pristimantis_paisa_099.jpg","Craugastoridae\Pristimantis\Pristimantis paisa\Pristimantis_paisa_099.jpg","Pristimantis paisa","Craugastoridae","Pristimantis","040ad85ed668d423c64ab021d47d47b94e72a4daf810abaf9097f012de67b379","CALIBRATION"
"Pristimantis_paisa_100.jpg","Craugastoridae\Pristimantis\Pristimantis paisa\Pristimantis_paisa_100.jpg","Pristimantis paisa","Craugastoridae","Pristimantis","38ec084f5f9990210994133440ed4b6aff5ed15c3e8fd78e4802f0498cdecb37","CALIBRATION"
"Pristimantis_paisa_101.jpg","Craugastoridae\Pristimantis\Pristimantis paisa\Pristimantis_paisa_101.jpg","Pristimantis paisa","Craugastoridae","Pristimantis","d14ea67b42fa6232823b21d2ba6a6ab6fdf5110c0456a7905200f497059b4071","CALIBRATION"
"Pristimantis_paisa_102.jpeg","Craugastoridae\Pristimantis\Pristimantis paisa\Pristimantis_paisa_102.jpeg","Pristimantis paisa","Craugastoridae","Pristimantis","fb509ba8452984cccbbfa5bda62b2fd9586a327779301e6e83c62be95882ceef","CALIBRATION"
"Pristimantis_paisa_103.jpg","Craugastoridae\Pristimantis\Pristimantis paisa\Pristimantis_paisa_103.jpg","Pristimantis paisa","Craugastoridae","Pristimantis","78d6c7f92d1366e0216dbbea133c7b3a8a402b1bc23231508d2f2cd0a81c6962","CALIBRATION"
"Pristimantis_penelopus_081.jpg","Craugastoridae\Pristimantis\Pristimantis penelopus\Pristimantis_penelopus_081.jpg","Pristimantis penelopus","Craugastoridae","Pristimantis","ac31ba8d17f5b4c8a531035fe6320c5ed8921c8622db4a8e97dda43b80dfca13","CALIBRATION"
"Pristimantis_penelopus_082.jpg","Craugastoridae\Pristimantis\Pristimantis penelopus\Pristimantis_penelopus_082.jpg","Pristimantis penelopus","Craugastoridae","Pristimantis","16edc371d49c92191e5fb5cae7b86fa13fd6262e8e305b3c098d70a86bced986","CALIBRATION"
"Pristimantis_penelopus_083.jpg","Craugastoridae\Pristimantis\Pristimantis penelopus\Pristimantis_penelopus_083.jpg","Pristimantis penelopus","Craugastoridae","Pristimantis","5b43e7ef4f55d2cf9282f678fba9acf24e514813a8cd23a5dec4c8e8e4a018f8","CALIBRATION"
"Pristimantis_penelopus_084.jpg","Craugastoridae\Pristimantis\Pristimantis penelopus\Pristimantis_penelopus_084.jpg","Pristimantis penelopus","Craugastoridae","Pristimantis","6e4e7238d300d2413794fd8eb99d84467293114b2dfe62a258011384594844a2","CALIBRATION"
"Pristimantis_penelopus_086.jpg","Craugastoridae\Pristimantis\Pristimantis penelopus\Pristimantis_penelopus_086.jpg","Pristimantis penelopus","Craugastoridae","Pristimantis","cf6a57c55d979baab9d444e37125decf2546bcae4604ccc7ccd63869de11f0e7","CALIBRATION"
"Pristimantis_penelopus_087.jpg","Craugastoridae\Pristimantis\Pristimantis penelopus\Pristimantis_penelopus_087.jpg","Pristimantis penelopus","Craugastoridae","Pristimantis","88f2d200947933c4536fd4152be17c7f9e028a7d851ed6031b4a1b328d3bb445","CALIBRATION"
"Pristimantis_penelopus_088.jpg","Craugastoridae\Pristimantis\Pristimantis penelopus\Pristimantis_penelopus_088.jpg","Pristimantis penelopus","Craugastoridae","Pristimantis","d3e4bf82ac8521a598c6b14d2c744cc52837ec1e85f568182e14fbba3f5aa2cc","CALIBRATION"
"Pristimantis_penelopus_089.jpg","Craugastoridae\Pristimantis\Pristimantis penelopus\Pristimantis_penelopus_089.jpg","Pristimantis penelopus","Craugastoridae","Pristimantis","0e6bdc366166627a3955d99976243b228a84504a6c9aaa58dc1dc10bcfdb6605","CALIBRATION"
"Pristimantis_penelopus_090.jpeg","Craugastoridae\Pristimantis\Pristimantis penelopus\Pristimantis_penelopus_090.jpeg","Pristimantis penelopus","Craugastoridae","Pristimantis","fa5969ded80615d9188b3480ec9e922dd0e47169c98174d210b11615c3daeeaf","CALIBRATION"
"Pristimantis_penelopus_091.jpeg","Craugastoridae\Pristimantis\Pristimantis penelopus\Pristimantis_penelopus_091.jpeg","Pristimantis penelopus","Craugastoridae","Pristimantis","e601214475365ff48a53375b71e7b125a61324fd3b4099e36f6c0f850c7a5817","CALIBRATION"
"Pristimantis_penelopus_092.jpeg","Craugastoridae\Pristimantis\Pristimantis penelopus\Pristimantis_penelopus_092.jpeg","Pristimantis penelopus","Craugastoridae","Pristimantis","7081546dc72ece2053f170166eb4b3de5ba002883e8130e61ea9d635398b0964","CALIBRATION"
"Pristimantis_penelopus_093.jpg","Craugastoridae\Pristimantis\Pristimantis penelopus\Pristimantis_penelopus_093.jpg","Pristimantis penelopus","Craugastoridae","Pristimantis","2488704912788b371b4ef192336122e915edf2b7eec034bec428fd1fd73d5327","CALIBRATION"
"Pristimantis_penelopus_095.jpg","Craugastoridae\Pristimantis\Pristimantis penelopus\Pristimantis_penelopus_095.jpg","Pristimantis penelopus","Craugastoridae","Pristimantis","bb4e34dfdffd194846b0dad1c0bb96311bc73029742e0df157050e600d3b996a","CALIBRATION"
"Pristimantis_penelopus_096.jpg","Craugastoridae\Pristimantis\Pristimantis penelopus\Pristimantis_penelopus_096.jpg","Pristimantis penelopus","Craugastoridae","Pristimantis","0acad48e6df57563b1a907f6731f699a2ce397d96a9e3f7f22396472c7293b8d","CALIBRATION"
"Pristimantis_penelopus_097.jpeg","Craugastoridae\Pristimantis\Pristimantis penelopus\Pristimantis_penelopus_097.jpeg","Pristimantis penelopus","Craugastoridae","Pristimantis","0b4d011d2a64b31edd35ce5c5a1add9edd5fc0d811b8456499e7f08e980b7be9","CALIBRATION"
"Pristimantis_penelopus_098.jpg","Craugastoridae\Pristimantis\Pristimantis penelopus\Pristimantis_penelopus_098.jpg","Pristimantis penelopus","Craugastoridae","Pristimantis","a93b7800e9781967c5a51c6b4a4b20c6b8398cee3c18209b624f3fe4baaa0b8f","CALIBRATION"
"Pristimantis_penelopus_099.png","Craugastoridae\Pristimantis\Pristimantis penelopus\Pristimantis_penelopus_099.png","Pristimantis penelopus","Craugastoridae","Pristimantis","c31692dcca5f7cf8d6e479f562da33ba7430f94479bb3b6af4558fcf86e9eb94","CALIBRATION"
"Dendrobates_truncatus_076.jpg","Dendrobatidae\Dendrobates\Dendrobates truncatus\Dendrobates_truncatus_076.jpg","Dendrobates truncatus","Dendrobatidae","Dendrobates","8bb5c0809beaf38e0b40e3562e56b98a190b94de2f1e390c7681179bed49a291","CALIBRATION"
"Dendrobates_truncatus_077.jpg","Dendrobatidae\Dendrobates\Dendrobates truncatus\Dendrobates_truncatus_077.jpg","Dendrobates truncatus","Dendrobatidae","Dendrobates","ddceffcea5bcbfc2d13aaed7b72d40aabf34321cf14584fbb9583c138679f360","CALIBRATION"
"Dendrobates_truncatus_081.jpg","Dendrobatidae\Dendrobates\Dendrobates truncatus\Dendrobates_truncatus_081.jpg","Dendrobates truncatus","Dendrobatidae","Dendrobates","306f36529a451cfafb49b6bf700f4e0f4d616e375ecabc01e70bc82af073f9ec","CALIBRATION"
"Dendrobates_truncatus_082.jpg","Dendrobatidae\Dendrobates\Dendrobates truncatus\Dendrobates_truncatus_082.jpg","Dendrobates truncatus","Dendrobatidae","Dendrobates","d9376d8ead91373a7b7542b2f1b9e41b5ec75429703e7f7377d5d66754c5baa1","CALIBRATION"
"Dendrobates_truncatus_085.jpg","Dendrobatidae\Dendrobates\Dendrobates truncatus\Dendrobates_truncatus_085.jpg","Dendrobates truncatus","Dendrobatidae","Dendrobates","5c81beb66f16da3ba681832d5ef957c6283343a9294c8c44604fd719a673eb54","CALIBRATION"
"Dendrobates_truncatus_087.jpg","Dendrobatidae\Dendrobates\Dendrobates truncatus\Dendrobates_truncatus_087.jpg","Dendrobates truncatus","Dendrobatidae","Dendrobates","3c20938266df578bb016448c747fb637008c826c2f1de46863d733e2f09184aa","CALIBRATION"
"Dendrobates_truncatus_088.jpg","Dendrobatidae\Dendrobates\Dendrobates truncatus\Dendrobates_truncatus_088.jpg","Dendrobates truncatus","Dendrobatidae","Dendrobates","d2e26cb4119d5823b57ce7cf44ab4ae17b8c5eb43ae2f94347d9c914a71b6e71","CALIBRATION"
"Dendrobates_truncatus_089.jpg","Dendrobatidae\Dendrobates\Dendrobates truncatus\Dendrobates_truncatus_089.jpg","Dendrobates truncatus","Dendrobatidae","Dendrobates","3e30126bf4c78c15407fbd9fe7d0636a3fbdc7de9baffc97923186ba5873aee4","CALIBRATION"
"Dendrobates_truncatus_090.jpg","Dendrobatidae\Dendrobates\Dendrobates truncatus\Dendrobates_truncatus_090.jpg","Dendrobates truncatus","Dendrobatidae","Dendrobates","229359d5850ebdbef112b617a9125962f7cada42be3f386cab22b5683d3f8f91","CALIBRATION"
"Dendrobates_truncatus_091.jpg","Dendrobatidae\Dendrobates\Dendrobates truncatus\Dendrobates_truncatus_091.jpg","Dendrobates truncatus","Dendrobatidae","Dendrobates","ad08157f2043ce5de1c29b8fee28e479d5dbbeaf5674c287c5de07591596e691","CALIBRATION"
"Dendrobates_truncatus_092.jpg","Dendrobatidae\Dendrobates\Dendrobates truncatus\Dendrobates_truncatus_092.jpg","Dendrobates truncatus","Dendrobatidae","Dendrobates","0098c8c325fc7e706085803fe66f56fd3858021437f267c39e62ae0a7ea73dfb","CALIBRATION"
"Dendrobates_truncatus_099.jpg","Dendrobatidae\Dendrobates\Dendrobates truncatus\Dendrobates_truncatus_099.jpg","Dendrobates truncatus","Dendrobatidae","Dendrobates","fc53d0479f2d8929e30f7d800cbae8203945d018b2737f638c54b21ce52f1d3e","CALIBRATION"
"Dendrobates_truncatus_100.jpg","Dendrobatidae\Dendrobates\Dendrobates truncatus\Dendrobates_truncatus_100.jpg","Dendrobates truncatus","Dendrobatidae","Dendrobates","737410ec401a922c18d75197c08da588702929c2ba5bcc64e8c4a730af23ec55","CALIBRATION"
"Dendrobates_truncatus_101.jpg","Dendrobatidae\Dendrobates\Dendrobates truncatus\Dendrobates_truncatus_101.jpg","Dendrobates truncatus","Dendrobatidae","Dendrobates","350efd4b27f4270ca824bdf0ce21d8d6ad96c930b1ec91405cc934d375ed8e2d","CALIBRATION"
"Dendrobates_truncatus_102.jpg","Dendrobatidae\Dendrobates\Dendrobates truncatus\Dendrobates_truncatus_102.jpg","Dendrobates truncatus","Dendrobatidae","Dendrobates","65e17c55285e72cfd017f4c03023f52a779c5ff518312db052d471611ab2857a","CALIBRATION"
"Dendrobates_truncatus_103.jpg","Dendrobatidae\Dendrobates\Dendrobates truncatus\Dendrobates_truncatus_103.jpg","Dendrobates truncatus","Dendrobatidae","Dendrobates","01ad12379d1f26ab487505b163be5f1817cae265804a4f9c178818f25895220d","CALIBRATION"
"Dendrobates_truncatus_104.jpg","Dendrobatidae\Dendrobates\Dendrobates truncatus\Dendrobates_truncatus_104.jpg","Dendrobates truncatus","Dendrobatidae","Dendrobates","f19b2a988f71bf3137f7cf9a4bfa50ba7093c44470cc1f3ff1acc4fa9fd55dde","CALIBRATION"
"Dendrobates_truncatus_106.jpg","Dendrobatidae\Dendrobates\Dendrobates truncatus\Dendrobates_truncatus_106.jpg","Dendrobates truncatus","Dendrobatidae","Dendrobates","a8758711b620d43b9a2ecbe4709800a37c80f4d649563ecd1e7d2ce88e55fb9f","CALIBRATION"
"Leucostethus_fraterdanieli_085.jpg","Dendrobatidae\Leucostethus\Leucostethus fraterdanieli\Leucostethus_fraterdanieli_085.jpg","Leucostethus fraterdanieli","Dendrobatidae","Leucostethus","aa7b9d48e7e5c76d63a38fb422ca7ca3a6f2662958bfb9af66b5ab066bc72a5a","CALIBRATION"
"Leucostethus_fraterdanieli_086.jpg","Dendrobatidae\Leucostethus\Leucostethus fraterdanieli\Leucostethus_fraterdanieli_086.jpg","Leucostethus fraterdanieli","Dendrobatidae","Leucostethus","77f0371a855d1b2b36a0e0fffeb9f874eab567d27da0641a8ef5c36c8fd23fb3","CALIBRATION"
"Leucostethus_fraterdanieli_087.jpg","Dendrobatidae\Leucostethus\Leucostethus fraterdanieli\Leucostethus_fraterdanieli_087.jpg","Leucostethus fraterdanieli","Dendrobatidae","Leucostethus","69c3433cd6ec7585e0ebb1d5703917b158782175fc81503167727b6cca391e3f","CALIBRATION"
"Leucostethus_fraterdanieli_088.jpg","Dendrobatidae\Leucostethus\Leucostethus fraterdanieli\Leucostethus_fraterdanieli_088.jpg","Leucostethus fraterdanieli","Dendrobatidae","Leucostethus","40d75ea63eaa3dde3e153b023ebe5bbcddeda1aca2f26ecb70506047bc69cb91","CALIBRATION"
"Leucostethus_fraterdanieli_089.jpg","Dendrobatidae\Leucostethus\Leucostethus fraterdanieli\Leucostethus_fraterdanieli_089.jpg","Leucostethus fraterdanieli","Dendrobatidae","Leucostethus","76a30e2df1b2dbd64e8f52fd6e912adebf7e54bcb73351200eb6a9485ae0fd9a","CALIBRATION"
"Leucostethus_fraterdanieli_090.jpg","Dendrobatidae\Leucostethus\Leucostethus fraterdanieli\Leucostethus_fraterdanieli_090.jpg","Leucostethus fraterdanieli","Dendrobatidae","Leucostethus","0bd346ab9a97a8713620775e105b2cd8472c61a72993a5380625525b5908e745","CALIBRATION"
"Leucostethus_fraterdanieli_091.jpg","Dendrobatidae\Leucostethus\Leucostethus fraterdanieli\Leucostethus_fraterdanieli_091.jpg","Leucostethus fraterdanieli","Dendrobatidae","Leucostethus","41a987c5c97e3f0b4b601bbdf21b7d37e7533f1023db51e1028624b628c9bc23","CALIBRATION"
"Leucostethus_fraterdanieli_092.jpg","Dendrobatidae\Leucostethus\Leucostethus fraterdanieli\Leucostethus_fraterdanieli_092.jpg","Leucostethus fraterdanieli","Dendrobatidae","Leucostethus","c55f0adbc994b937bc683879b5eaf3ab6680a1755cd3c20b91b58fd59cf45198","CALIBRATION"
"Leucostethus_fraterdanieli_093.jpg","Dendrobatidae\Leucostethus\Leucostethus fraterdanieli\Leucostethus_fraterdanieli_093.jpg","Leucostethus fraterdanieli","Dendrobatidae","Leucostethus","8b657634f46aaec74670309b7d044aa52d21418e5e471ec18bed38bebcc502d0","CALIBRATION"
"Leucostethus_fraterdanieli_094.jpg","Dendrobatidae\Leucostethus\Leucostethus fraterdanieli\Leucostethus_fraterdanieli_094.jpg","Leucostethus fraterdanieli","Dendrobatidae","Leucostethus","7cb7ff7932ca37c7cdca7a373bfc7893ebb47f256b9c20053f14db6803606baa","CALIBRATION"
"Leucostethus_fraterdanieli_095.jpg","Dendrobatidae\Leucostethus\Leucostethus fraterdanieli\Leucostethus_fraterdanieli_095.jpg","Leucostethus fraterdanieli","Dendrobatidae","Leucostethus","10a5d499038b725c0e59ed3530c3391e125d68e9a81ecbbef2e2739dfcb1c4a1","CALIBRATION"
"Leucostethus_fraterdanieli_096.jpg","Dendrobatidae\Leucostethus\Leucostethus fraterdanieli\Leucostethus_fraterdanieli_096.jpg","Leucostethus fraterdanieli","Dendrobatidae","Leucostethus","e85e1523093a5574d20036a1beef21fc14b9fa5658453df5098408f3db9259a6","CALIBRATION"
"Leucostethus_fraterdanieli_097.jpg","Dendrobatidae\Leucostethus\Leucostethus fraterdanieli\Leucostethus_fraterdanieli_097.jpg","Leucostethus fraterdanieli","Dendrobatidae","Leucostethus","f6832afc0da9a3928fdf83c1c4fb11e5be7fc255aee9712e650f53e28cc1a844","CALIBRATION"
"Leucostethus_fraterdanieli_098.jpg","Dendrobatidae\Leucostethus\Leucostethus fraterdanieli\Leucostethus_fraterdanieli_098.jpg","Leucostethus fraterdanieli","Dendrobatidae","Leucostethus","7cf0717ff28aecd2b49008020c3d753bcf2c22cfe835a9a67b7bb8d88634519b","CALIBRATION"
"Leucostethus_fraterdanieli_099.jpg","Dendrobatidae\Leucostethus\Leucostethus fraterdanieli\Leucostethus_fraterdanieli_099.jpg","Leucostethus fraterdanieli","Dendrobatidae","Leucostethus","43963ba533915abde1707686055ec32bc3d7ced05a4d822cdfd34c8a3d0153ce","CALIBRATION"
"Leucostethus_fraterdanieli_100.jpg","Dendrobatidae\Leucostethus\Leucostethus fraterdanieli\Leucostethus_fraterdanieli_100.jpg","Leucostethus fraterdanieli","Dendrobatidae","Leucostethus","69c3433cd6ec7585e0ebb1d5703917b158782175fc81503167727b6cca391e3f","CALIBRATION"
"Leucostethus_fraterdanieli_101.jpg","Dendrobatidae\Leucostethus\Leucostethus fraterdanieli\Leucostethus_fraterdanieli_101.jpg","Leucostethus fraterdanieli","Dendrobatidae","Leucostethus","7c3d800dd71d2c00b0d490d20e8425b570028a0385cc3f3faa8b3ffa6b6fdc5c","CALIBRATION"
"Leucostethus_fraterdanieli_102.jpg","Dendrobatidae\Leucostethus\Leucostethus fraterdanieli\Leucostethus_fraterdanieli_102.jpg","Leucostethus fraterdanieli","Dendrobatidae","Leucostethus","db2732b97af7979c2891a334df5e58e79a131e7aa0cbf3396b152b6fae5564ae","CALIBRATION"
"Leucostethus_fraterdanieli_103.jpg","Dendrobatidae\Leucostethus\Leucostethus fraterdanieli\Leucostethus_fraterdanieli_103.jpg","Leucostethus fraterdanieli","Dendrobatidae","Leucostethus","02629427c18c0fe67b6b4b67cdf31a8759c1fe9a076db867b2464c5fa1cd9a93","CALIBRATION"
"Leucostethus_fraterdanieli_104.jpg","Dendrobatidae\Leucostethus\Leucostethus fraterdanieli\Leucostethus_fraterdanieli_104.jpg","Leucostethus fraterdanieli","Dendrobatidae","Leucostethus","9be42772372fe91413c0338abecb93141e4f29aeba7feb2a68a31e113e6a2fd1","CALIBRATION"
"Leucostethus_fraterdanieli_105.jpg","Dendrobatidae\Leucostethus\Leucostethus fraterdanieli\Leucostethus_fraterdanieli_105.jpg","Leucostethus fraterdanieli","Dendrobatidae","Leucostethus","8430128a995915d6cffc2d35aee9380d99b06bc44273d7c53c0887af36f62005","CALIBRATION"
"Dendropsophus_bogerti_081.jpg","Hylidae\Dendropsophus\Dendropsophus bogerti\Dendropsophus_bogerti_081.jpg","Dendropsophus bogerti","Hylidae","Dendropsophus","9b876ececec5b05bce7d373afe519efa1418e666cdeab3d886dbf6ad6d03cad2","CALIBRATION"
"Dendropsophus_bogerti_082.jpg","Hylidae\Dendropsophus\Dendropsophus bogerti\Dendropsophus_bogerti_082.jpg","Dendropsophus bogerti","Hylidae","Dendropsophus","f2d47f1bc63f5228d66f8f4e6390cf302044b4f3b0d0b2e5063105f2e0624702","CALIBRATION"
"Dendropsophus_bogerti_083.jpg","Hylidae\Dendropsophus\Dendropsophus bogerti\Dendropsophus_bogerti_083.jpg","Dendropsophus bogerti","Hylidae","Dendropsophus","a60d82275140d5afbf69e9282e8b83446417f085c11c28dec93d7dfc786b43a1","CALIBRATION"
"Dendropsophus_bogerti_084.jpg","Hylidae\Dendropsophus\Dendropsophus bogerti\Dendropsophus_bogerti_084.jpg","Dendropsophus bogerti","Hylidae","Dendropsophus","35b18ee72dd689a3bc869032ea4da785a7e5a3557835b5aadb46e43e12656e5a","CALIBRATION"
"Dendropsophus_bogerti_085.jpg","Hylidae\Dendropsophus\Dendropsophus bogerti\Dendropsophus_bogerti_085.jpg","Dendropsophus bogerti","Hylidae","Dendropsophus","26a652d82e3ba3111f87352b42986646e283a4251338d608e3095ad22f3b3ccb","CALIBRATION"
"Dendropsophus_bogerti_086.jpg","Hylidae\Dendropsophus\Dendropsophus bogerti\Dendropsophus_bogerti_086.jpg","Dendropsophus bogerti","Hylidae","Dendropsophus","0f9d2bef36201201ea18b44a671762f7982e6182cd0cfbff6d7d5739f430ede9","CALIBRATION"
"Dendropsophus_bogerti_087.jpg","Hylidae\Dendropsophus\Dendropsophus bogerti\Dendropsophus_bogerti_087.jpg","Dendropsophus bogerti","Hylidae","Dendropsophus","75d591221f320f610173ce3e872095831dc1846336b33fcff2734e81b4c0a14e","CALIBRATION"
"Dendropsophus_bogerti_088.jpg","Hylidae\Dendropsophus\Dendropsophus bogerti\Dendropsophus_bogerti_088.jpg","Dendropsophus bogerti","Hylidae","Dendropsophus","d1c71c16172b22de3a51238512113b1fb8e80cda61d62457ef042d5f082d2e8b","CALIBRATION"
"Dendropsophus_bogerti_089.jpg","Hylidae\Dendropsophus\Dendropsophus bogerti\Dendropsophus_bogerti_089.jpg","Dendropsophus bogerti","Hylidae","Dendropsophus","c225b6148cca7aceee671009ed450d1f4ac6ddc99f2a5fbde74485d9e39aec2f","CALIBRATION"
"Dendropsophus_bogerti_090.jpg","Hylidae\Dendropsophus\Dendropsophus bogerti\Dendropsophus_bogerti_090.jpg","Dendropsophus bogerti","Hylidae","Dendropsophus","f13cdc06e91607772c1c377d2a8fd10a3f082f7aa11d23177a031a8d93f5a9e1","CALIBRATION"
"Dendropsophus_bogerti_091.jpg","Hylidae\Dendropsophus\Dendropsophus bogerti\Dendropsophus_bogerti_091.jpg","Dendropsophus bogerti","Hylidae","Dendropsophus","3983cbac63dbebf826517af356b3e1c0e278097b46ec7ad7b944f8b458834886","CALIBRATION"
"Dendropsophus_bogerti_092.jpg","Hylidae\Dendropsophus\Dendropsophus bogerti\Dendropsophus_bogerti_092.jpg","Dendropsophus bogerti","Hylidae","Dendropsophus","5b552ccfb6fb443fc7bf063cb37eae8197f98d8ecdc291d2649fc5ab492bd586","CALIBRATION"
"Dendropsophus_bogerti_093.jpg","Hylidae\Dendropsophus\Dendropsophus bogerti\Dendropsophus_bogerti_093.jpg","Dendropsophus bogerti","Hylidae","Dendropsophus","4600b3df83efab90853d7263ebc0a115277d6bb88c3853d6c3bea917da66b66c","CALIBRATION"
"Dendropsophus_bogerti_094.jpg","Hylidae\Dendropsophus\Dendropsophus bogerti\Dendropsophus_bogerti_094.jpg","Dendropsophus bogerti","Hylidae","Dendropsophus","0b7c76f23dad5cc8b777c7ecfd7471c67117e529bea48bcade47b94368678c9d","CALIBRATION"
"Dendropsophus_bogerti_095.jpg","Hylidae\Dendropsophus\Dendropsophus bogerti\Dendropsophus_bogerti_095.jpg","Dendropsophus bogerti","Hylidae","Dendropsophus","6bcc5e02d2e84e985976142fcae3c0759d7b265d4ce3a4103c28c80d4d34bb47","CALIBRATION"
"Dendropsophus_bogerti_096.jpg","Hylidae\Dendropsophus\Dendropsophus bogerti\Dendropsophus_bogerti_096.jpg","Dendropsophus bogerti","Hylidae","Dendropsophus","b3a9bef8e177c87bd0b93961dc14da9a5139df1bda195afb3846a7c28db82303","CALIBRATION"
"Dendropsophus_bogerti_097.jpg","Hylidae\Dendropsophus\Dendropsophus bogerti\Dendropsophus_bogerti_097.jpg","Dendropsophus bogerti","Hylidae","Dendropsophus","b9720781e892a68373b49858f3529b5c2f837dbadb62c8ad76215442a6725d16","CALIBRATION"
"Dendropsophus_bogerti_098.jpg","Hylidae\Dendropsophus\Dendropsophus bogerti\Dendropsophus_bogerti_098.jpg","Dendropsophus bogerti","Hylidae","Dendropsophus","9ae1735cb76cb612543bad224f11f5ab838b22c5aea9c9935ec6034da028a569","CALIBRATION"
"Dendropsophus_bogerti_103.jpg","Hylidae\Dendropsophus\Dendropsophus bogerti\Dendropsophus_bogerti_103.jpg","Dendropsophus bogerti","Hylidae","Dendropsophus","1f1801c5ad9f392de301b5954ef422ed44cfb071fc185cef713413b152207f1f","CALIBRATION"
"Dendropsophus_bogerti_104.png","Hylidae\Dendropsophus\Dendropsophus bogerti\Dendropsophus_bogerti_104.png","Dendropsophus bogerti","Hylidae","Dendropsophus","ab75d2018a4d835a9f0a4b215d3863bfc46ac1b84f589d06eedb50112f084a31","CALIBRATION"
"Dendropsophus_microcephalus_082.jpg","Hylidae\Dendropsophus\Dendropsophus microcephalus\Dendropsophus_microcephalus_082.jpg","Dendropsophus microcephalus","Hylidae","Dendropsophus","b70de24a8f4879a40beb609a31293087aed446da3e7576199e679f2766898f57","CALIBRATION"
"Dendropsophus_microcephalus_083.jpg","Hylidae\Dendropsophus\Dendropsophus microcephalus\Dendropsophus_microcephalus_083.jpg","Dendropsophus microcephalus","Hylidae","Dendropsophus","52844ad0d984f0c1040357b82820ff33c9bf6f9e9cffcc18d679e9e8f17cc91b","CALIBRATION"
"Dendropsophus_microcephalus_084.jpg","Hylidae\Dendropsophus\Dendropsophus microcephalus\Dendropsophus_microcephalus_084.jpg","Dendropsophus microcephalus","Hylidae","Dendropsophus","538076c30c95de45ca1f100ae0ddfe40377dcc2c0bc6c8ca76d427c0b27a4617","CALIBRATION"
"Dendropsophus_microcephalus_085.jpg","Hylidae\Dendropsophus\Dendropsophus microcephalus\Dendropsophus_microcephalus_085.jpg","Dendropsophus microcephalus","Hylidae","Dendropsophus","6f6483160364bf520c7d8a7643ec4f6e32a8f0fd44ccfe7a99c7e00cf2da85e5","CALIBRATION"
"Dendropsophus_microcephalus_086.jpg","Hylidae\Dendropsophus\Dendropsophus microcephalus\Dendropsophus_microcephalus_086.jpg","Dendropsophus microcephalus","Hylidae","Dendropsophus","b7d78ef40c4d0f0a10bc4d1fac721298989bfcecbebf3703408e5f88a3bcb03c","CALIBRATION"
"Dendropsophus_microcephalus_087.jpg","Hylidae\Dendropsophus\Dendropsophus microcephalus\Dendropsophus_microcephalus_087.jpg","Dendropsophus microcephalus","Hylidae","Dendropsophus","ab05c719b5abd363887e70819ec21eb6882a924ac52ae018a2c52b5c0d812a7e","CALIBRATION"
"Dendropsophus_microcephalus_088.jpg","Hylidae\Dendropsophus\Dendropsophus microcephalus\Dendropsophus_microcephalus_088.jpg","Dendropsophus microcephalus","Hylidae","Dendropsophus","4b8e82d807cf04f47c4d61ade142bf8a7515cac5dc28f2f9c96639428ff90aea","CALIBRATION"
"Dendropsophus_microcephalus_089.jpg","Hylidae\Dendropsophus\Dendropsophus microcephalus\Dendropsophus_microcephalus_089.jpg","Dendropsophus microcephalus","Hylidae","Dendropsophus","89d4eba4c47af417b4b3cd2032ef75084f021f6942bd609d9518fde6e4336ec2","CALIBRATION"
"Dendropsophus_microcephalus_090.jpg","Hylidae\Dendropsophus\Dendropsophus microcephalus\Dendropsophus_microcephalus_090.jpg","Dendropsophus microcephalus","Hylidae","Dendropsophus","a1bd93241d87fc7969283746273e53db59acebcbcbfcd0952ab6d994002bc432","CALIBRATION"
"Dendropsophus_microcephalus_091.jpg","Hylidae\Dendropsophus\Dendropsophus microcephalus\Dendropsophus_microcephalus_091.jpg","Dendropsophus microcephalus","Hylidae","Dendropsophus","a1bd93241d87fc7969283746273e53db59acebcbcbfcd0952ab6d994002bc432","CALIBRATION"
"Dendropsophus_microcephalus_092.jpg","Hylidae\Dendropsophus\Dendropsophus microcephalus\Dendropsophus_microcephalus_092.jpg","Dendropsophus microcephalus","Hylidae","Dendropsophus","82089e7519ecd05c586efd5ccf1f47096bf9b1ceba38dc975ea7e0823709e80c","CALIBRATION"
"Dendropsophus_microcephalus_093.jpg","Hylidae\Dendropsophus\Dendropsophus microcephalus\Dendropsophus_microcephalus_093.jpg","Dendropsophus microcephalus","Hylidae","Dendropsophus","f3e6f09a9344f46be1313fb638728bf2dde9863b81b606d7a6f026a03c5e55a9","CALIBRATION"
"Dendropsophus_microcephalus_094.jpg","Hylidae\Dendropsophus\Dendropsophus microcephalus\Dendropsophus_microcephalus_094.jpg","Dendropsophus microcephalus","Hylidae","Dendropsophus","5e568a3200c1df32af231f10de0cec248beed1a06573774fd7585a7229d3104c","CALIBRATION"
"Dendropsophus_microcephalus_095.jpg","Hylidae\Dendropsophus\Dendropsophus microcephalus\Dendropsophus_microcephalus_095.jpg","Dendropsophus microcephalus","Hylidae","Dendropsophus","cdf55ca94748e286f9fd190bfec77fe897425f79a94d2551eb8bf15521731e54","CALIBRATION"
"Dendropsophus_microcephalus_096.jpg","Hylidae\Dendropsophus\Dendropsophus microcephalus\Dendropsophus_microcephalus_096.jpg","Dendropsophus microcephalus","Hylidae","Dendropsophus","d06b69ef1241250b3824fd948c1ce3728e0aa48d2e1d142d1928d889f5aca59c","CALIBRATION"
"Dendropsophus_microcephalus_097.jpg","Hylidae\Dendropsophus\Dendropsophus microcephalus\Dendropsophus_microcephalus_097.jpg","Dendropsophus microcephalus","Hylidae","Dendropsophus","e34c5e68a55a3cd2ade8e3d4af00112fe5f1e5e12883520bc2b13dfdf1283991","CALIBRATION"
"Dendropsophus_microcephalus_098.jpg","Hylidae\Dendropsophus\Dendropsophus microcephalus\Dendropsophus_microcephalus_098.jpg","Dendropsophus microcephalus","Hylidae","Dendropsophus","933b8b98c0b5540dfae0641789992ddd919f2fdfb379484a034424efcb934968","CALIBRATION"
"Dendropsophus_microcephalus_099.png","Hylidae\Dendropsophus\Dendropsophus microcephalus\Dendropsophus_microcephalus_099.png","Dendropsophus microcephalus","Hylidae","Dendropsophus","670bee5d254a002aa531a2054336786ce5996c229970316cc31397722db049f4","CALIBRATION"
"Dendropsophus_microcephalus_106.jpg","Hylidae\Dendropsophus\Dendropsophus microcephalus\Dendropsophus_microcephalus_106.jpg","Dendropsophus microcephalus","Hylidae","Dendropsophus","d8511257431bc8ac8dc6593c8793b1b20636f200c893ac1f0f28ab69214ec720","CALIBRATION"
"Dendropsophus_microcephalus_107.png","Hylidae\Dendropsophus\Dendropsophus microcephalus\Dendropsophus_microcephalus_107.png","Dendropsophus microcephalus","Hylidae","Dendropsophus","8c6711e636262e7178b4ce4163b464ecacca9c573a9d7aa5ff5551efea5693a7","CALIBRATION"
"Hyloscirtus_palmeri_085.jpg","Hylidae\Hyloscirtus\Hyloscirtus palmeri\Hyloscirtus_palmeri_085.jpg","Hyloscirtus palmeri","Hylidae","Hyloscirtus","7251829d4bb961c5167d4a2ef7bbc6442c5ec1a0d075ccd81979488642fd88ed","CALIBRATION"
"Hyloscirtus_palmeri_086.jpg","Hylidae\Hyloscirtus\Hyloscirtus palmeri\Hyloscirtus_palmeri_086.jpg","Hyloscirtus palmeri","Hylidae","Hyloscirtus","a9360a887f6cbf6bd71ef4111a51dd0260f204632bb8afcb1cab8fe914c483e9","CALIBRATION"
"Hyloscirtus_palmeri_087.jpg","Hylidae\Hyloscirtus\Hyloscirtus palmeri\Hyloscirtus_palmeri_087.jpg","Hyloscirtus palmeri","Hylidae","Hyloscirtus","a89a8abc0c69b8933c3cbb96f6acb154ae488b0a5941b655224f9693c92e6692","CALIBRATION"
"Hyloscirtus_palmeri_088.jpg","Hylidae\Hyloscirtus\Hyloscirtus palmeri\Hyloscirtus_palmeri_088.jpg","Hyloscirtus palmeri","Hylidae","Hyloscirtus","253c667efd6203624cdb41f88b62be351fa0692f021a65f9d4542e621ee74095","CALIBRATION"
"Hyloscirtus_palmeri_089.jpg","Hylidae\Hyloscirtus\Hyloscirtus palmeri\Hyloscirtus_palmeri_089.jpg","Hyloscirtus palmeri","Hylidae","Hyloscirtus","7035326632c2cc7758d3dfdf49b23319b43b301205da0fd1e4486a9ee6f130b9","CALIBRATION"
"Hyloscirtus_palmeri_090.jpg","Hylidae\Hyloscirtus\Hyloscirtus palmeri\Hyloscirtus_palmeri_090.jpg","Hyloscirtus palmeri","Hylidae","Hyloscirtus","30e8ea6053e4780e697248b1218eced5c8d03546dd31f789b5d72a86da05f3a0","CALIBRATION"
"Hyloscirtus_palmeri_091.jpg","Hylidae\Hyloscirtus\Hyloscirtus palmeri\Hyloscirtus_palmeri_091.jpg","Hyloscirtus palmeri","Hylidae","Hyloscirtus","99a459cafd8e4b7d808a3ebd7562014ac9057171835b0b965bb1adfb4ac3e265","CALIBRATION"
"Hyloscirtus_palmeri_092.jpg","Hylidae\Hyloscirtus\Hyloscirtus palmeri\Hyloscirtus_palmeri_092.jpg","Hyloscirtus palmeri","Hylidae","Hyloscirtus","ea114033e5a2c7c2495e7e9bda28355264426c8247cbdeae809515ed5eb2bc93","CALIBRATION"
"Hyloscirtus_palmeri_093.jpg","Hylidae\Hyloscirtus\Hyloscirtus palmeri\Hyloscirtus_palmeri_093.jpg","Hyloscirtus palmeri","Hylidae","Hyloscirtus","c7d76018c9846d9891782447d2f80fcdac82e05971b7ae1d27fe05de9f5afaea","CALIBRATION"
"Hyloscirtus_palmeri_094.jpg","Hylidae\Hyloscirtus\Hyloscirtus palmeri\Hyloscirtus_palmeri_094.jpg","Hyloscirtus palmeri","Hylidae","Hyloscirtus","b2a7897c4ececcac1758d45acc08d1947e994579c8434b10c4805f494c6c32c9","CALIBRATION"
"Hyloscirtus_palmeri_095.jpg","Hylidae\Hyloscirtus\Hyloscirtus palmeri\Hyloscirtus_palmeri_095.jpg","Hyloscirtus palmeri","Hylidae","Hyloscirtus","83a7daee0eaa4e924da8cd6ce0d4d8a493b50ff9a5ec94b0a4ba629fdde9766d","CALIBRATION"
"Hyloscirtus_palmeri_096.jpg","Hylidae\Hyloscirtus\Hyloscirtus palmeri\Hyloscirtus_palmeri_096.jpg","Hyloscirtus palmeri","Hylidae","Hyloscirtus","2badfeecb21bd6ec5683e488a90e4b894c622133ae46d6b9b67a3a05da8edf9e","CALIBRATION"
"Hyloscirtus_palmeri_097.jpg","Hylidae\Hyloscirtus\Hyloscirtus palmeri\Hyloscirtus_palmeri_097.jpg","Hyloscirtus palmeri","Hylidae","Hyloscirtus","e4e4b41ae8b5652620fe3e5da759d729ff734860c6c9398529c637534013d4e3","CALIBRATION"
"Hyloscirtus_palmeri_098.jpg","Hylidae\Hyloscirtus\Hyloscirtus palmeri\Hyloscirtus_palmeri_098.jpg","Hyloscirtus palmeri","Hylidae","Hyloscirtus","e22cb7f63a1b91d0cf806aa83bff7a8da4c2555d56debc7ab40204c3cb9b14c5","CALIBRATION"
"Hyloscirtus_palmeri_099.jpg","Hylidae\Hyloscirtus\Hyloscirtus palmeri\Hyloscirtus_palmeri_099.jpg","Hyloscirtus palmeri","Hylidae","Hyloscirtus","1771f6c1ac193268836284f7c7448bfe2b8b0cfdc33a096d2f98fb5a6c24dc17","CALIBRATION"
"Hyloscirtus_palmeri_100.jpg","Hylidae\Hyloscirtus\Hyloscirtus palmeri\Hyloscirtus_palmeri_100.jpg","Hyloscirtus palmeri","Hylidae","Hyloscirtus","8efd1f8814dbb93fc75f4e1594c898eacf2fbf4be2daee0e6128c9cfd093b72f","CALIBRATION"
"Hyloscirtus_palmeri_101.jpg","Hylidae\Hyloscirtus\Hyloscirtus palmeri\Hyloscirtus_palmeri_101.jpg","Hyloscirtus palmeri","Hylidae","Hyloscirtus","bc9a8d5b4654912c0bc8c17f4c66a5b0a102036d9d1d41e98635395bcc1f51a3","CALIBRATION"
"Hyloscirtus_palmeri_102.jpg","Hylidae\Hyloscirtus\Hyloscirtus palmeri\Hyloscirtus_palmeri_102.jpg","Hyloscirtus palmeri","Hylidae","Hyloscirtus","eac6d6e4588fb30e921773219bf7584532fcd6c692215a6e83d0d0012e025634","CALIBRATION"
"Hyloscirtus_palmeri_103.jpg","Hylidae\Hyloscirtus\Hyloscirtus palmeri\Hyloscirtus_palmeri_103.jpg","Hyloscirtus palmeri","Hylidae","Hyloscirtus","b40407c835760b1f12f02554eed06e4ce59b8ed089e8b74ebbd5e7f799639600","CALIBRATION"
"Hyloscirtus_palmeri_104.jpg","Hylidae\Hyloscirtus\Hyloscirtus palmeri\Hyloscirtus_palmeri_104.jpg","Hyloscirtus palmeri","Hylidae","Hyloscirtus","e293ed9bd70f6a6f566a82f7d91881afbd1aeda08beae2fc653e111c68133e5c","CALIBRATION"
