scientific_name,common_name_es,municipalities,total_observations,municipality_names
Rhinella horribilis,Sapo gigante,95,1110,Alejandria; Amaga; Amalfi; Andes; Angelopolis; Angostura; Anori; Apartado; Arboletes; Argelia; Armenia; Barbosa; Bello; Briceno; Buritica; Caceres; Caldas; Campamento; Canasgordas; Caracoli; Caramanta; Carepa; Carolina; Caucasia; Chigorodo; Cisneros; Ciudad Bolivar; Cocorna; Concepcion; Copacabana; Dabeiba; Donmatias; El Bagre; El Carmen De Viboral; El Santuario; Envigado; Fredonia; Frontino; Giraldo; Girardota; Gomez Plata; Granada; Guadalupe; Guarne; Guatape; Itagui; Jardin; La Ceja; La Estrella; La Union; Maceo; Marinilla; Medellin; Mutata; Narino; Necocli; Olaya; Penol; Puerto Berrio; Puerto Nare; Puerto Triunfo; Remedios; Retiro; Rionegro; Sabanalarga; Sabaneta; San Carlos; San Francisco; San Jeronimo; San Juan De Uraba; San Luis; San Pedro De Los Milagros; San Rafael; San Roque; San Vicente Ferrer; Santa Barbara; Santa Fe De Antioquia; Santa Rosa De Osos; Santo Domingo; Segovia; Sonson; Sopetran; Tamesis; Taraza; Titiribi; Toledo; Turbo; Uramita; Urrao; Valdivia; Valparaiso; Venecia; Yarumal; Yolombo; Yondo
Boana pugnax,Rana Platanera de ojos tornasol,45,199,Amaga; Anori; Anza; Apartado; Arboletes; Barbosa; Bello; Carepa; Caucasia; Chigorodo; Cocorna; Copacabana; Donmatias; Ebejico; El Bagre; Gomez Plata; Hispania; Jerico; La Estrella; La Pintada; Medellin; Mutata; Necocli; Puerto Berrio; Puerto Nare; Puerto Triunfo; Remedios; Retiro; San Francisco; San Jeronimo; San Roque; Santa Fe De Antioquia; Santa Rosa De Osos; Santo Domingo; Segovia; Sonson; Sopetran; Tamesis; Toledo; Turbo; Valparaiso; Venecia; Yolombo; Yondo; Zaragoza
Dendrobates truncatus,Rana venenosa de rayas amarillas,44,303,Alejandria; Amalfi; Anori; Anza; Apartado; Briceno; Caracoli; Carepa; Chigorodo; Cocorna; Dabeiba; El Bagre; El Carmen De Viboral; Granada; Guadalupe; Ituango; Maceo; Medellin; Mutata; Narino; Necocli; Peque; Puerto Berrio; Puerto Nare; Puerto Triunfo; Remedios; Sabanalarga; San Carlos; San Francisco; San Luis; San Rafael; San Roque; Santa Fe De Antioquia; Segovia; Sonson; Sopetran; Toledo; Turbo; Uramita; Valdivia; Yali; Yolombo; Yondo; Zaragoza
Smilisca phaeota,rana arborícola enmascarada,41,235,Alejandria; Amalfi; Anori; Apartado; Barbosa; Briceno; Campamento; Caracoli; Carepa; Chigorodo; Cocorna; Copacabana; Donmatias; El Carmen De Viboral; Frontino; Gomez Plata; Granada; Guadalupe; Guatape; Maceo; Mutata; Puerto Nare; Remedios; Rionegro; San Carlos; San Francisco; San Luis; San Rafael; San Roque; Santa Rosa De Osos; Santo Domingo; Segovia; Sonson; Taraza; Turbo; Urrao; Vegachi; Yali; Yarumal; Yolombo; Yondo
Boana platanera,Rana Platanera de Ojos Pálidos,37,116,Alejandria; Amaga; Amalfi; Arboletes; Argelia; Caceres; Caucasia; Chigorodo; Cocorna; Donmatias; El Carmen De Viboral; Envigado; Granada; Jerico; La Pintada; Maceo; Necocli; Puerto Nare; Puerto Triunfo; San Carlos; San Jeronimo; San Luis; San Rafael; San Roque; Santa Barbara; Santa Fe De Antioquia; Santo Domingo; Segovia; Sonson; Sopetran; Tamesis; Turbo; Vegachi; Venecia; Yali; Yolombo; Yondo
Rhinella alata,Sapo del Obispo,35,259,Alejandria; Amalfi; Anori; Argelia; Barbosa; Bello; Briceno; Carepa; Carolina; Caucasia; Cocorna; Copacabana; Donmatias; El Carmen De Viboral; Gomez Plata; Granada; Guatape; Mutata; Puerto Nare; Puerto Triunfo; Remedios; San Carlos; San Francisco; San Luis; San Rafael; San Roque; Santa Rosa De Osos; Santo Domingo; Segovia; Sonson; Turbo; Vegachi; Yali; Yolombo; Yondo
Dendropsophus bogerti,Ranita de pantano,34,379,Angelopolis; Anori; Anza; Bello; Belmira; Caldas; Copacabana; El Carmen De Viboral; El Santuario; Envigado; Fredonia; Girardota; Granada; Guarne; Guatape; Itagui; Jardin; La Ceja; La Estrella; La Union; Marinilla; Medellin; Montebello; Retiro; Rionegro; Sabaneta; San Carlos; San Pedro De Los Milagros; San Vicente Ferrer; Santa Rosa De Osos; Titiribi; Urrao; Venecia; Yarumal
Leucostethus fraterdanieli,Rana cohete silbadora,28,88,Alejandria; Angostura; Anori; Barbosa; Betulia; Caicedo; Caldas; Campamento; Caramanta; Carolina; Concepcion; Copacabana; Donmatias; El Carmen De Viboral; El Santuario; Envigado; Gomez Plata; Guadalupe; Guarne; Jardin; Medellin; Rionegro; Sabanalarga; Sabaneta; San Vicente Ferrer; Santa Rosa De Osos; Tamesis; Yarumal
Pristimantis achatinus,Cutín común de occidente,28,248,Amaga; Andes; Angelopolis; Barbosa; Bello; Betania; Caldas; Ciudad Bolivar; Copacabana; Ebejico; Envigado; Fredonia; Itagui; Jardin; La Ceja; La Estrella; Medellin; Mutata; Pueblorrico; Retiro; Sabaneta; San Jeronimo; San Vicente Ferrer; Santa Barbara; Sonson; Tamesis; Urrao; Venecia
Boana boans,Rana gladiadora,28,112,Alejandria; Anori; Apartado; Briceno; Caldas; Caracoli; Chigorodo; Cocorna; El Carmen De Viboral; Gomez Plata; Ituango; Maceo; Mutata; Necocli; Puerto Berrio; Puerto Triunfo; San Carlos; San Francisco; San Jeronimo; San Luis; San Rafael; San Roque; Santa Rosa De Osos; Segovia; Sonson; Toledo; Yali; Yolombo
Engystomops pustulosus,Ranita túngara,28,160,Anori; Apartado; Buritica; Caceres; Caracoli; Carepa; Caucasia; Chigorodo; Dabeiba; Maceo; Mutata; Necocli; Puerto Berrio; Puerto Nare; Puerto Triunfo; Remedios; San Carlos; San Francisco; San Luis; San Rafael; San Roque; Segovia; Sonson; Toledo; Turbo; Vegachi; Yondo; Zaragoza
Pristimantis paisa,Cutín paisa,25,119,Alejandria; Anori; Argelia; Barbosa; Bello; Caldas; Copacabana; El Carmen De Viboral; El Santuario; Envigado; Girardota; Granada; Guarne; La Ceja; La Union; Marinilla; Medellin; Retiro; Rionegro; Sabaneta; San Pedro De Los Milagros; San Vicente Ferrer; Santa Rosa De Osos; Sonson; Valdivia
Dendropsophus ebraccatus,Rana arbórea amarillenta,24,88,Amalfi; Apartado; Arboletes; Briceno; Caceres; Carepa; Chigorodo; Gomez Plata; Maceo; Mutata; Necocli; Puerto Berrio; Puerto Nare; Puerto Triunfo; Remedios; San Carlos; San Francisco; San Rafael; San Roque; Santa Rosa De Osos; Sonson; Turbo; Yolombo; Yondo
Pristimantis gaigei,,23,121,Anori; Barbosa; Caracoli; Cocorna; Donmatias; El Carmen De Viboral; Gomez Plata; Granada; Maceo; Puerto Berrio; Puerto Nare; Remedios; San Carlos; San Francisco; San Luis; San Rafael; San Roque; Segovia; Sonson; Vegachi; Yarumal; Yolombo; Yondo
Phyllomedusa venusta,,22,83,Alejandria; Anori; Apartado; Carepa; Chigorodo; Cocorna; El Bagre; Gomez Plata; Maceo; Necocli; San Carlos; San Luis; San Rafael; San Roque; Santa Rosa De Osos; Santo Domingo; Sonson; Turbo; Vegachi; Yali; Yolombo; Zaragoza
Pristimantis penelopus,Rana De Ingles Negras Y Amarillas,20,46,Alejandria; Amalfi; Angostura; Anori; Barbosa; Briceno; Cocorna; Donmatias; Frontino; Gomez Plata; Maceo; San Carlos; San Rafael; San Roque; Santa Rosa De Osos; Santo Domingo; Urrao; Yali; Yarumal; Yolombo
Leptodactylus fragilis,Rana de bigotes,20,40,Alejandria; Amaga; Apartado; Cocorna; Donmatias; El Carmen De Viboral; Granada; Necocli; Puerto Nare; Remedios; San Carlos; San Jeronimo; San Rafael; San Roque; Santo Domingo; Segovia; Sonson; Turbo; Valparaiso; Yondo
Pristimantis taeniatus,,19,37,Alejandria; Amalfi; Campamento; Caramanta; Cocorna; Copacabana; El Carmen De Viboral; Frontino; Gomez Plata; Maceo; Remedios; San Carlos; San Luis; San Rafael; San Roque; Santa Rosa De Osos; Santo Domingo; Segovia; Yarumal
Dendropsophus microcephalus,Rana de árbol amarilla,19,53,Apartado; Carepa; Chigorodo; El Bagre; Gomez Plata; Maceo; Mutata; Necocli; Puerto Nare; Puerto Triunfo; San Roque; Santa Rosa De Osos; Segovia; Sonson; Taraza; Turbo; Vegachi; Yolombo; Yondo
Craugastor raniformis,Rana chivita,19,69,Anori; Apartado; Briceno; Carepa; Chigorodo; Cocorna; Maceo; Mutata; Puerto Berrio; Puerto Nare; Remedios; San Francisco; San Juan De Uraba; Sonson; Turbo; Urrao; Vegachi; Yali; Zaragoza
Hyloscirtus palmeri,Rana de torrente de Palmer,18,49,Alejandria; Anori; Briceno; Campamento; Cocorna; El Carmen De Viboral; Frontino; Maceo; Mutata; Puerto Nare; San Carlos; San Francisco; San Luis; San Rafael; Sonson; Toledo; Urrao; Yarumal
Espadarana prosoblepon,rana de vidrio esmeralda,18,50,Alejandria; Amalfi; Anori; Carolina; Cocorna; Donmatias; El Carmen De Viboral; Frontino; Maceo; Mutata; San Carlos; San Luis; San Rafael; Santa Rosa De Osos; Sonson; Urrao; Yarumal; Yolombo
Rhinella humboldti,,18,77,Apartado; Caceres; Carepa; Chigorodo; Mutata; Necocli; Puerto Berrio; Puerto Nare; Puerto Triunfo; San Carlos; Santa Fe De Antioquia; Segovia; Sonson; Sopetran; Taraza; Turbo; Yondo; Zaragoza
Leptodactylus fuscus,Rana Picuda,18,37,Alejandria; Apartado; Bello; Carepa; Chigorodo; Cocorna; El Bagre; Gomez Plata; Mutata; Necocli; Puerto Nare; San Carlos; San Rafael; San Roque; Santa Rosa De Osos; Santo Domingo; Sonson; Yali
Elachistocleis pearsei,Rana Pingüina,18,31,Amaga; Amalfi; Apartado; Carepa; Caucasia; Chigorodo; Fredonia; La Pintada; Mutata; Necocli; Puerto Berrio; Puerto Nare; Salgar; Segovia; Sonson; Sopetran; Turbo; Yondo
Leptodactylus colombiensis,,17,23,Anori; Barbosa; Cocorna; Concepcion; Copacabana; Donmatias; Gomez Plata; Granada; Guadalupe; Remedios; San Carlos; San Rafael; San Roque; Santa Rosa De Osos; Santo Domingo; Yali; Yolombo
Scinax rostratus,Ranita Rostral,17,41,Anori; Cocorna; El Bagre; El Carmen De Viboral; Gomez Plata; Maceo; Puerto Nare; Remedios; San Francisco; San Luis; San Rafael; San Roque; Santa Rosa De Osos; Sonson; Turbo; Yolombo; Yondo
Lithobates vaillanti,Rana de Vaillant,17,31,Amalfi; Apartado; Caracoli; Dabeiba; Frontino; Gomez Plata; Maceo; Mutata; Puerto Berrio; Puerto Nare; Remedios; Segovia; Sonson; Urrao; Yali; Yondo; Zaragoza
Craugastor metriosistus,Rana Duende del Magdalena Medio,16,106,Alejandria; Amalfi; Cocorna; El Carmen De Viboral; Granada; Maceo; Puerto Nare; Puerto Triunfo; Remedios; San Carlos; San Francisco; San Luis; San Rafael; Segovia; Sonson; Yali
Rhaebo haematiticus,sapo hojarasquero,15,96,Amalfi; Apartado; Caracoli; Dabeiba; El Carmen De Viboral; Frontino; Ituango; Mutata; Puerto Nare; Puerto Triunfo; San Carlos; San Francisco; San Luis; San Rafael; Sonson
Scinax caprarius,Scinax canto de cabra,15,48,Alejandria; Caracoli; Cocorna; El Carmen De Viboral; Gomez Plata; Maceo; San Carlos; San Rafael; San Roque; Santa Rosa De Osos; Santo Domingo; Sonson; Valdivia; Yali; Yarumal
Leptodactylus insularum,Rana Caribeña,14,49,Anza; Apartado; Carepa; Caucasia; Chigorodo; Maceo; Mutata; Necocli; Olaya; San Roque; Segovia; Sonson; Turbo; Yondo
Rheobates pseudopalmatus,,14,22,Alejandria; Amalfi; Anori; Barbosa; Caracoli; Cocorna; Gomez Plata; Maceo; Puerto Berrio; San Carlos; San Rafael; Santa Rosa De Osos; Santo Domingo; Valdivia
Leptodactylus savagei,Rana de dedos delgados de Savage,14,31,Anori; Apartado; Caceres; Caracoli; Carepa; Chigorodo; Ituango; Remedios; San Francisco; San Luis; San Rafael; Sonson; Turbo; Yondo
Trachycephalus macrotis,Rana Gomosa Grande,13,41,Apartado; Arboletes; Carepa; Fredonia; Liborina; Necocli; Puerto Berrio; Puerto Triunfo; Sonson; Tamesis; Turbo; Valparaiso; Yondo
Lithobates catesbeianus,Rana toro americana,11,15,Ebejico; Fredonia; Jerico; La Pintada; Salgar; Santa Fe De Antioquia; Sopetran; Tamesis; Tarso; Valparaiso; Venecia
Boana rosenbergi,rana arbórea de gladiadora,10,19,Anori; Apartado; Dabeiba; Maceo; Mutata; Necocli; Puerto Nare; Remedios; Segovia; Vegachi
Pristimantis erythropleura,Rana De Ingle Roja,10,28,Abriaqui; Andes; Anori; Ciudad Bolivar; El Carmen De Viboral; Frontino; Jardin; Tamesis; Urrao; Valdivia
Scarthyla vigilans,Ranita Vigilante,9,13,Apartado; Caucasia; Necocli; Puerto Berrio; Puerto Nare; Puerto Triunfo; Sonson; Turbo; Yondo
Pristimantis permixtus,Rana De Muslos Naranja,9,36,Bello; Belmira; Medellin; Olaya; San Pedro De Los Milagros; Santa Rosa De Osos; Sonson; Toledo; Yarumal
Dendropsophus columbianus,Ranita de pantano Colombiana,9,34,Andes; Anza; Caramanta; Ciudad Bolivar; Jardin; Jerico; Pueblorrico; Tamesis; Urrao
Scinax ruber,Ranita Listada,8,9,Caucasia; Cocorna; Copacabana; Maceo; Medellin; Puerto Nare; San Vicente Ferrer; Sonson
Pristimantis viejas,,8,17,Alejandria; Anori; Cocorna; El Carmen De Viboral; Granada; San Rafael; Santo Domingo; Yarumal
Gastrotheca nicefori,Rana Marsupial De Niceforo,8,13,Caldas; Ciudad Bolivar; Copacabana; Envigado; Jardin; Medellin; Tamesis; Urrao
Smilisca sila,rana arborícola ñata,7,13,Amalfi; Anori; Apartado; Briceno; Chigorodo; Mutata; San Roque
Hyalinobatrachium aureoguttatum,rana de cristal de manchas doradas,6,12,Amalfi; Cocorna; El Carmen De Viboral; Frontino; Mutata; San Luis
Elachistocleis panamensis,Ranita termitera,6,8,Apartado; Carepa; Puerto Nare; Puerto Triunfo; Turbo; Yondo
Dendropsophus subocularis,,5,5,Amalfi; Anori; San Rafael; San Roque; Yali
Colostethus inguinalis,,5,19,Apartado; Chigorodo; Mutata; Puerto Nare; Zaragoza
Nymphargus grandisonae,Rana de cristal sarampiona,5,9,Frontino; Granada; Jardin; Urrao; Valdivia
Centrolene savagei,Rana de cristal de labios blancos,5,7,El Carmen De Viboral; Envigado; Medellin; Rionegro; Salgar
Hyloscirtus larinopygion,Rana de torrente pastusa,5,11,Andes; Canasgordas; Ciudad Bolivar; Jardin; Urrao
Scinax boulengeri,rana arboricola narizona de boulenger,5,16,Apartado; Carepa; Chigorodo; Mutata; Necocli
Colostethus pratti,,4,7,Anori; Donmatias; Gomez Plata; Santo Domingo
Pristimantis w-nigrum,Cualita,4,6,Caldas; Giraldo; Medellin; Tamesis
Andinobates fulguritus,Rana Venenosa andina Verde/Amarilla,4,12,Apartado; Carepa; Chigorodo; Turbo
Allobates niputidea,Rana Nodriza Niputidea,4,7,Amalfi; San Rafael; Yondo; Zaragoza
Pristimantis jaguensis,,4,5,Anori; Mutata; Valdivia; Yarumal
Diasporus gularis,Rana naranja de Esmeraldas,4,5,Amalfi; Mutata; Urrao; Yolombo
Leptodactylus poecilochilus,rana de labio turbo blanco,4,10,Apartado; Carepa; Mutata; Turbo
Cryptobatrachus fuhrmanni,,3,3,Caracoli; Gomez Plata; Maceo
Gastrotheca dunni,Rana Marsupial Norandina,3,9,Belmira; Santa Rosa De Osos; Yarumal
Pleurodema brachyops,Sapito Lipón,3,8,Apartado; Caucasia; Necocli
Pristimantis cryptopictus,,3,4,El Carmen De Viboral; Envigado; Santa Rosa De Osos
Boana rufitela,Rana Arborícola de La Zona del Canal,3,9,Frontino; Mutata; Urrao
Pristimantis campesino,,3,8,Alejandria; Anori; Santo Domingo
Pseudopaludicola pusilla,Ranita Enana,3,4,Caucasia; Yondo; Zaragoza
Nymphargus pijao,,3,7,Andes; Ciudad Bolivar; Jardin
Leucostethus jota,,2,2,Granada; San Carlos
Agalychnis spurrelli,Rana Deslizadora,2,5,Mutata; Necocli
Eleutherodactylus johnstonei,Coqui Antillano,2,21,Envigado; Medellin
Craugastor opimus,,2,4,Remedios; Segovia
Pristimantis zorro,,2,2,Alejandria; Amalfi
Dendropsophus norandinus,,2,3,Concepcion; El Carmen De Viboral
Dendropsophus phlebodes,,2,2,Chigorodo; Turbo
Pristimantis palmeri,,2,2,Andes; Anori
Dendrobates auratus,rana venenosa verdinegra,2,3,Canasgordas; Turbo
Teratohyla spinosa,Rana de cristal de Espinosa,2,3,Chigorodo; Mutata
Pristimantis uranobates,,1,1,Olaya
Pristimantis ferwerdai,,1,7,Jardin
Leucostethus dysprosium,,1,1,Urrao
Espadarana andina,Ranita De Cristal Andina,1,1,Valdivia
Niceforonia mantipus,Rana Terrestre De Dedos Angostos,1,1,Bello
Allobates talamancae,rana cohete rayado,1,1,Mutata
Pristimantis acatallelus,,1,2,Jardin
Ectopoglossus saxatilis,,1,1,Mutata
Pristimantis thectopternus,Rana De Espolon,1,1,Jardin
Rheobates palmatus,,1,1,Sabanalarga
Rhinella paraguas,,1,1,Jardin
Nymphargus ignotus,,1,2,Frontino
Pristimantis brevifrons,,1,1,Jardin
Scinax elaeochroa,rana arborícola hocico oliva,1,1,Apartado
Pristimantis piceus,,1,1,Belmira
Pristimantis carylae,,1,1,Jardin
Ctenophryne aterrima,Ranita hocicuda negra,1,1,San Carlos
Hyalinobatrachium chirripoi,Rana de cristal de Costa Rica,1,1,Sonson
Craugastor fitzingeri,Ranita Común de Lluvia,1,1,Mutata
