zone_id,cell_lat,cell_lon,species_in_cell,records_in_cell
ZONE_005,5.75,-75.0,47,116
ZONE_005,5.75,-74.75,38,182
ZONE_005,6.0,-75.0,60,436
ZONE_005,6.0,-74.75,49,480
ZONE_005,6.0,-74.5,28,96
ZONE_005,6.25,-75.25,60,236
ZONE_005,6.25,-75.0,65,643
ZONE_005,6.25,-74.75,50,434
ZONE_005,6.25,-74.5,22,191
ZONE_005,6.5,-75.25,54,553
ZONE_005,6.5,-75.0,45,225
ZONE_005,6.5,-74.75,52,373
ZONE_005,6.5,-74.5,23,92
ZONE_005,6.75,-75.25,46,260
ZONE_005,6.75,-75.0,48,151
ZONE_005,6.75,-74.75,28,50
ZONE_005,6.75,-74.5,12,16
ZONE_005,6.75,-74.25,28,167
ZONE_005,7.0,-75.5,81,258
ZONE_005,7.0,-75.25,48,270
ZONE_005,7.0,-75.0,58,380
ZONE_005,7.0,-74.75,32,103
ZONE_005,7.0,-74.5,24,32
ZONE_005,7.25,-76.5,50,325
ZONE_005,7.25,-75.75,7,14
ZONE_005,7.25,-75.5,39,294
ZONE_005,7.25,-75.25,11,19
ZONE_005,7.25,-75.0,25,31
ZONE_005,7.25,-74.75,21,44
ZONE_005,7.25,-74.5,7,11
ZONE_005,7.5,-76.75,24,12
ZONE_005,7.5,-76.5,29,87
ZONE_005,7.5,-75.5,20,0
ZONE_005,7.5,-75.25,27,62
ZONE_005,7.5,-75.0,25,23
ZONE_005,7.5,-74.75,19,21
ZONE_005,7.75,-77.0,6,4
ZONE_005,7.75,-76.75,45,288
ZONE_005,7.75,-76.5,37,144
ZONE_005,7.75,-75.25,5,1
ZONE_005,7.75,-75.0,17,49
ZONE_005,7.75,-74.75,29,23
ZONE_005,8.0,-76.75,33,309
ZONE_005,8.0,-76.5,30,107
ZONE_005,8.0,-75.25,27,318
ZONE_005,8.0,-75.0,7,7
ZONE_005,8.0,-74.75,9,311
ZONE_005,8.25,-76.75,12,32
ZONE_005,8.25,-76.5,11,23
ZONE_005,8.5,-76.75,26,128
ZONE_005,8.5,-76.5,16,105
ZONE_005,8.75,-76.75,7,11
ZONE_005,8.75,-76.5,6,8
ZONE_006,5.5,-75.25,35,19
ZONE_006,5.75,-75.75,33,371
ZONE_006,5.75,-75.5,26,73
ZONE_006,5.75,-75.25,80,362
ZONE_006,6.0,-75.75,30,195
ZONE_006,6.0,-75.5,43,316
ZONE_006,6.0,-75.25,55,382
ZONE_006,6.25,-76.0,25,60
ZONE_006,6.25,-75.75,32,467
ZONE_006,6.25,-75.5,53,845
ZONE_006,6.5,-76.0,30,275
ZONE_006,6.5,-75.75,52,215
ZONE_006,6.5,-75.5,28,101
ZONE_006,6.75,-76.0,24,79
ZONE_006,6.75,-75.75,60,455
ZONE_006,6.75,-75.5,28,294
ZONE_006,7.0,-75.75,45,312
ZONE_006,7.0,-74.0,6,2
ZONE_001,5.5,-76.0,36,138
ZONE_001,5.5,-75.75,26,139
ZONE_001,5.75,-76.0,30,193
ZONE_001,6.0,-76.25,5,5
ZONE_001,6.0,-76.0,13,15
ZONE_001,6.25,-76.25,29,34
ZONE_001,6.5,-76.25,62,276
ZONE_002,6.75,-76.25,66,227
ZONE_002,7.0,-76.5,40,207
ZONE_002,7.0,-76.25,20,89
ZONE_002,7.0,-76.0,5,9
ZONE_003,6.5,-76.5,24,7
ZONE_003,6.75,-76.5,42,220
ZONE_004,7.25,-76.25,13,20
