taxon_id,scientific_name,accepted_name,family,genus,species_epithet,authorship,taxonomic_status,gbif_species_key,input_names,records_valid,records_by_source,records_by_batch,cells_occupied,gbif_facet_count_department,gbif_count_colombia,department_share,occurrence_evidence,flags,visual_status,visual_exclusion_reason,visual_data_status,photos_curated,individuals_curated,in_previous_visual_package
COL_ANURA_0001,Rheobates palmatus,Rheobates palmatus,Aromobatidae,Rheobates,palmatus,"(Werner, 1899) ",ACCEPTED,2426202,Rheobates palmatus,36,"{""inaturalist"": 1, ""gbif"": 35}","{""base"": 36}",9,105,1207,0.087,OCCURRENCE_CONFIRMED,,VISUAL_ENABLED,,DATA_SUFFICIENT,70,45,True
COL_ANURA_0002,Rhinella alata,Rhinella alata,Bufonidae,Rhinella,alata,"(Thominot, 1884) ",ACCEPTED,5216905,Rhinella alata,302,"{""inaturalist"": 267, ""gbif"": 35}","{""base"": 302}",28,362,1048,0.3454,OCCURRENCE_CONFIRMED,,VISUAL_ENABLED,,DATA_SUFFICIENT,90,55,True
COL_ANURA_0003,Rhinella horribilis,Rhinella horribilis,Bufonidae,Rhinella,horribilis,"(Wiegmann, 1833) ",ACCEPTED,10892611,Rhinella horribilis,1590,"{""inaturalist"": 1131, ""gbif"": 459}","{""base"": 1590}",72,4929,7825,0.6299,OCCURRENCE_CONFIRMED,,VISUAL_ENABLED,,DATA_SUFFICIENT,100,65,True
COL_ANURA_0004,Rhinella margaritifera,Rhinella margaritifera,Bufonidae,Rhinella,margaritifera,"(Laurenti, 1768) ",ACCEPTED,5216969,Rhinella margaritifera,122,"{""gbif"": 122}","{""base"": 122}",25,288,1627,0.177,OCCURRENCE_CONFIRMED,,VISUAL_ENABLED,,DATA_SUFFICIENT,159,104,False
COL_ANURA_0005,Sachatamia electrops,Sachatamia electrops,Centrolenidae,Sachatamia,electrops,"Rada, Jeckel, Caorsi, Barrientos, Rivera-Correa & Grant, 2017",ACCEPTED,10842940,Sachatamia electrops,7,"{""inaturalist"": 7}","{""base"": 7}",5,95,95,1.0,OCCURRENCE_CONFIRMED,,VISUAL_EXCLUDED_REVIEW,excluida_del_entrenamiento_por_integridad_de_datos,DATA_LIMITED,41,20,True
COL_ANURA_0006,Craugastor raniformis,Craugastor raniformis,Craugastoridae,Craugastor,raniformis,"(Boulenger, 1896) ",ACCEPTED,2430739,Craugastor raniformis,301,"{""inaturalist"": 77, ""gbif"": 224}","{""base"": 301}",39,1582,2643,0.5986,OCCURRENCE_CONFIRMED,,VISUAL_ENABLED,,DATA_SUFFICIENT,298,175,True
COL_ANURA_0007,Pristimantis achatinus,Pristimantis achatinus,Craugastoridae,Pristimantis,achatinus,"(Boulenger, 1898) ",ACCEPTED,2425166,Pristimantis achatinus,606,"{""inaturalist"": 252, ""gbif"": 354}","{""base"": 606}",20,1267,3446,0.3677,OCCURRENCE_CONFIRMED,,VISUAL_ENABLED,,DATA_SUFFICIENT,1902,967,True
COL_ANURA_0008,Pristimantis bogotensis,Pristimantis bogotensis,Craugastoridae,Pristimantis,bogotensis,"(Peters, 1863) ",ACCEPTED,2425020,Pristimantis bogotensis,1,"{""gbif"": 1}","{""complemento_faceta"": 1}",1,1,1719,0.0006,OCCURRENCE_MARGINAL,DOUBTFUL_OCCURRENCE; EPITHET_SHARED_ACROSS_GENERA,VISUAL_EXCLUDED_REVIEW,presencia_dudosa_en_departamento,DATA_SUFFICIENT,143,55,False
COL_ANURA_0009,Pristimantis erythropleura,Pristimantis erythropleura,Craugastoridae,Pristimantis,erythropleura,"(Boulenger, 1896) ",ACCEPTED,2425144,Pristimantis erythropleura,192,"{""inaturalist"": 37, ""gbif"": 155}","{""base"": 192}",20,389,1770,0.2198,OCCURRENCE_CONFIRMED,,VISUAL_ENABLED,,DATA_SUFFICIENT,136,86,True
COL_ANURA_0010,Pristimantis gaigei,Pristimantis gaigei,Craugastoridae,Pristimantis,gaigei,"(Dunn, 1931) ",ACCEPTED,2425649,Pristimantis gaigei,210,"{""inaturalist"": 135, ""gbif"": 75}","{""base"": 210}",29,528,1008,0.5238,OCCURRENCE_CONFIRMED,,VISUAL_ENABLED,,DATA_SUFFICIENT,89,54,True
COL_ANURA_0011,Pristimantis paisa,Pristimantis paisa,Craugastoridae,Pristimantis,paisa,"(Lynch & Ardila-Robayo, 1999) ",ACCEPTED,2425047,Pristimantis paisa,384,"{""inaturalist"": 148, ""gbif"": 236}","{""base"": 384}",21,804,863,0.9316,OCCURRENCE_CONFIRMED,,VISUAL_ENABLED,,DATA_SUFFICIENT,170,103,True
COL_ANURA_0012,Pristimantis palmeri,Pristimantis palmeri,Craugastoridae,Pristimantis,palmeri,"(Boulenger, 1912) ",ACCEPTED,2425033,Pristimantis palmeri,9,"{""inaturalist"": 2, ""gbif"": 7}","{""base"": 9}",3,9,2087,0.0043,OCCURRENCE_CONFIRMED,EPITHET_SHARED_ACROSS_GENERA,VISUAL_ENABLED,,DATA_SUFFICIENT,100,57,True
COL_ANURA_0013,Pristimantis penelopus,Pristimantis penelopus,Craugastoridae,Pristimantis,penelopus,"(Lynch & Rueda-Almonacid, 1999) ",ACCEPTED,2425662,Pristimantis penelopus,203,"{""inaturalist"": 60, ""gbif"": 143}","{""base"": 203}",23,552,746,0.7399,OCCURRENCE_CONFIRMED,,VISUAL_ENABLED,,DATA_SUFFICIENT,156,80,True
COL_ANURA_0014,Pristimantis permixtus,Pristimantis permixtus,Craugastoridae,Pristimantis,permixtus,"(Lynch, Ruiz-Carranza & Ardila-Robayo, 1994) ",ACCEPTED,2425577,Pristimantis permixtus,365,"{""inaturalist"": 61, ""gbif"": 304}","{""base"": 365}",16,503,1692,0.2973,OCCURRENCE_CONFIRMED,,VISUAL_ENABLED,,DATA_SUFFICIENT,111,60,True
COL_ANURA_0015,Pristimantis taeniatus,Pristimantis taeniatus,Craugastoridae,Pristimantis,taeniatus,"(Boulenger, 1912) ",ACCEPTED,2425333,Pristimantis taeniatus,249,"{""inaturalist"": 40, ""gbif"": 209}","{""base"": 249}",30,806,1561,0.5163,OCCURRENCE_CONFIRMED,,VISUAL_ENABLED,,DATA_SUFFICIENT,160,105,True
COL_ANURA_0016,Pristimantis thectopternus,Pristimantis thectopternus,Craugastoridae,Pristimantis,thectopternus,"(Lynch, 1975) ",ACCEPTED,2425150,Pristimantis thectopternus,32,"{""inaturalist"": 1, ""gbif"": 31}","{""base"": 32}",5,33,483,0.0683,OCCURRENCE_CONFIRMED,,VISUAL_ENABLED,,DATA_SUFFICIENT,80,56,True
COL_ANURA_0018,Dendrobates truncatus,Dendrobates truncatus,Dendrobatidae,Dendrobates,truncatus,"(Cope, 1861) ",ACCEPTED,5218029,Dendrobates truncatus,757,"{""inaturalist"": 327, ""gbif"": 430}","{""base"": 757}",51,15617,17724,0.8811,OCCURRENCE_CONFIRMED,,VISUAL_ENABLED,,DATA_SUFFICIENT,1809,984,True
COL_ANURA_0020,Boana boans,Boana boans,Hylidae,Boana,boans,"(Linnaeus, 1758) ",ACCEPTED,9911852,Boana boans,227,"{""inaturalist"": 126, ""gbif"": 101}","{""base"": 227}",33,683,1527,0.4473,OCCURRENCE_CONFIRMED,,VISUAL_ENABLED,,DATA_SUFFICIENT,145,84,True
COL_ANURA_0023,Boana platanera,Boana platanera,Hylidae,Boana,platanera,"Escalona, Marca, Castellanos, Fouquet, Crawford, Rojas-Runjaic, Giaretta, Señaris & Castroviejo-Fisher, 2021",ACCEPTED,11203160,Boana platanera,122,"{""inaturalist"": 121, ""gbif"": 1}","{""base"": 122}",29,143,2069,0.0691,OCCURRENCE_CONFIRMED,,VISUAL_ENABLED,,DATA_SUFFICIENT,150,80,True
COL_ANURA_0024,Boana pugnax,Boana pugnax,Hylidae,Boana,pugnax,"(Schmidt, 1857) ",ACCEPTED,10820559,Boana pugnax,411,"{""inaturalist"": 203, ""gbif"": 208}","{""base"": 411}",47,675,3487,0.1936,OCCURRENCE_CONFIRMED,,VISUAL_ENABLED,,DATA_SUFFICIENT,148,75,True
COL_ANURA_0026,Boana rosenbergi,Boana rosenbergi,Hylidae,Boana,rosenbergi,"(Boulenger, 1898) ",ACCEPTED,10826642,Boana rosenbergi,31,"{""inaturalist"": 19, ""gbif"": 12}","{""base"": 31}",16,22,179,0.1229,OCCURRENCE_CONFIRMED,,VISUAL_ENABLED,,DATA_SUFFICIENT,148,65,True
COL_ANURA_0027,Boana xerophylla,Boana xerophylla,Hylidae,Boana,xerophylla,"(Duméril & Bibron, 1841) ",ACCEPTED,10493617,Boana xerophylla,169,"{""gbif"": 169}","{""base"": 169}",5,401,1948,0.2059,OCCURRENCE_CONFIRMED,,VISUAL_ENABLED,,DATA_SUFFICIENT,100,55,False
COL_ANURA_0028,Dendropsophus bogerti,Dendropsophus bogerti,Hylidae,Dendropsophus,bogerti,"(Cochran & Goin, 1970) ",ACCEPTED,2428491,Dendropsophus bogerti,660,"{""inaturalist"": 408, ""gbif"": 252}","{""base"": 660}",23,961,975,0.9856,OCCURRENCE_CONFIRMED,,VISUAL_ENABLED,,DATA_SUFFICIENT,948,484,True
COL_ANURA_0029,Dendropsophus columbianus,Dendropsophus columbianus,Hylidae,Dendropsophus,columbianus,"(Boettger, 1892) ",ACCEPTED,2428577,Dendropsophus columbianus,86,"{""inaturalist"": 35, ""gbif"": 51}","{""base"": 86}",11,94,1362,0.069,OCCURRENCE_CONFIRMED,,VISUAL_ENABLED,,DATA_SUFFICIENT,146,76,True
COL_ANURA_0030,Dendropsophus ebraccatus,Dendropsophus ebraccatus,Hylidae,Dendropsophus,ebraccatus,"(Cope, 1874) ",ACCEPTED,2428420,Dendropsophus ebraccatus,137,"{""inaturalist"": 94, ""gbif"": 43}","{""base"": 137}",26,142,352,0.4034,OCCURRENCE_CONFIRMED,,VISUAL_ENABLED,,DATA_SUFFICIENT,148,74,True
COL_ANURA_0032,Dendropsophus microcephalus,Dendropsophus microcephalus,Hylidae,Dendropsophus,microcephalus,"(Cope, 1886) ",ACCEPTED,2428504,Dendropsophus microcephalus,245,"{""inaturalist"": 58, ""gbif"": 187}","{""base"": 245}",31,394,3719,0.1059,OCCURRENCE_CONFIRMED,,VISUAL_ENABLED,,DATA_SUFFICIENT,713,426,True
COL_ANURA_0033,Dendropsophus molitor,Dendropsophus molitor,Hylidae,Dendropsophus,molitor,"(Schmidt, 1857) ",ACCEPTED,10704158,Dendropsophus molitor,1,"{""gbif"": 1}","{""complemento_faceta"": 1}",1,2,2486,0.0008,OCCURRENCE_MARGINAL,DOUBTFUL_OCCURRENCE,VISUAL_EXCLUDED_REVIEW,presencia_dudosa_en_departamento,DATA_SUFFICIENT,150,96,False
COL_ANURA_0034,Dendropsophus norandinus,Dendropsophus norandinus,Hylidae,Dendropsophus,norandinus,"Rivera-Correa & Gutiérrez-Cárdenas, 2012",ACCEPTED,8632705,Dendropsophus norandinus,33,"{""inaturalist"": 9, ""gbif"": 24}","{""base"": 33}",8,75,81,0.9259,OCCURRENCE_CONFIRMED,,VISUAL_ENABLED,,DATA_LIMITED,26,11,True
COL_ANURA_0037,Hyloscirtus palmeri,Hyloscirtus palmeri,Hylidae,Hyloscirtus,palmeri,"(Boulenger, 1908) ",ACCEPTED,2428325,Hyloscirtus palmeri,102,"{""inaturalist"": 57, ""gbif"": 45}","{""base"": 102}",25,144,297,0.4848,OCCURRENCE_CONFIRMED,EPITHET_SHARED_ACROSS_GENERA,VISUAL_ENABLED,,DATA_SUFFICIENT,178,94,True
COL_ANURA_0038,Scinax ruber,Scinax ruber,Hylidae,Scinax,ruber,"(Laurenti, 1768) ",ACCEPTED,5217952,Scinax ruber,70,"{""inaturalist"": 10, ""gbif"": 60}","{""base"": 70}",22,231,2952,0.0783,OCCURRENCE_CONFIRMED,,VISUAL_ENABLED,,DATA_SUFFICIENT,125,95,True
COL_ANURA_0039,Engystomops pustulosus,Engystomops pustulosus,Leptodactylidae,Engystomops,pustulosus,"(Cope, 1864) ",ACCEPTED,2423497,Engystomops pustulosus,440,"{""inaturalist"": 182, ""gbif"": 258}","{""base"": 440}",46,2991,12903,0.2318,OCCURRENCE_CONFIRMED,,VISUAL_ENABLED,,DATA_SUFFICIENT,1718,979,True
COL_ANURA_0040,Leptodactylus colombiensis,Leptodactylus colombiensis,Leptodactylidae,Leptodactylus,colombiensis,"Heyer, 1994",ACCEPTED,5217567,Leptodactylus colombiensis,136,"{""inaturalist"": 25, ""gbif"": 111}","{""base"": 136}",19,423,2110,0.2005,OCCURRENCE_CONFIRMED,,VISUAL_ENABLED,,DATA_SUFFICIENT,206,95,True
COL_ANURA_0041,Phyllomedusa tarsius,Phyllomedusa tarsius,Phyllomedusidae,Phyllomedusa,tarsius,"(Cope, 1868) ",ACCEPTED,2427983,Phyllomedusa tarsius,2,"{""gbif"": 2}","{""complemento_faceta"": 2}",2,2,88,0.0227,OCCURRENCE_PROBABLE,DOUBTFUL_OCCURRENCE,VISUAL_EXCLUDED_REVIEW,presencia_dudosa_en_departamento,DATA_SUFFICIENT,97,45,False
COL_ANURA_0042,Phyllomedusa venusta,Phyllomedusa venusta,Phyllomedusidae,Phyllomedusa,venusta,"Duellman & Trueb, 1967",ACCEPTED,2427981,Phyllomedusa venusta,138,"{""inaturalist"": 111, ""gbif"": 27}","{""base"": 138}",27,126,460,0.2739,OCCURRENCE_CONFIRMED,,VISUAL_ENABLED,,DATA_SUFFICIENT,150,79,True
COL_ANURA_0044,Allobates brunneus,Allobates brunneus,Aromobatidae,Allobates,brunneus,"(Cope, 1887) ",ACCEPTED,2426329,Allobates brunneus,2,"{""gbif"": 2}","{""base"": 2}",1,9,37,0.2432,OCCURRENCE_PROBABLE,,CATALOG_ONLY,,NO_VISUAL_DATA,0,0,False
COL_ANURA_0045,Allobates niputidea,Allobates niputidea,Aromobatidae,Allobates,niputidea,"Grant, Acosta-Galvis & Rada, 2007",ACCEPTED,2426283,Allobates niputidea,19,"{""inaturalist"": 7, ""gbif"": 12}","{""base"": 19}",9,16,197,0.0812,OCCURRENCE_CONFIRMED,,CATALOG_ONLY,,NO_VISUAL_DATA,0,0,False
COL_ANURA_0046,Allobates talamancae,Allobates talamancae,Aromobatidae,Allobates,talamancae,"(Cope, 1875) ",ACCEPTED,2426296,Allobates talamancae,6,"{""inaturalist"": 1, ""gbif"": 5}","{""base"": 6}",2,5,132,0.0379,OCCURRENCE_CONFIRMED,,CATALOG_ONLY,,NO_VISUAL_DATA,0,0,False
COL_ANURA_0047,Rheobates pseudopalmatus,Rheobates pseudopalmatus,Aromobatidae,Rheobates,pseudopalmatus,"(Rivero & Serna, 2000) ",ACCEPTED,2426200,Rheobates pseudopalmatus,35,"{""inaturalist"": 26, ""gbif"": 9}","{""base"": 35}",11,95,103,0.9223,OCCURRENCE_CONFIRMED,,CATALOG_ONLY,,NO_VISUAL_DATA,0,0,False
COL_ANURA_0048,Atelopus carauta,Atelopus carauta,Bufonidae,Atelopus,carauta,"Ruiz-Carranza & Hernández-Camacho, 1978",ACCEPTED,5216630,Atelopus carauta,9,"{""gbif"": 9}","{""complemento_faceta"": 9}",2,9,9,1.0,OCCURRENCE_CONFIRMED,,CATALOG_ONLY,,NO_VISUAL_DATA,0,0,False
COL_ANURA_0049,Atelopus nicefori,Atelopus nicefori,Bufonidae,Atelopus,nicefori,"Rivero, 1963",ACCEPTED,5216660,Atelopus nicefori,31,"{""gbif"": 31}","{""base"": 31}",2,41,41,1.0,OCCURRENCE_CONFIRMED,EPITHET_SHARED_ACROSS_GENERA,CATALOG_ONLY,,NO_VISUAL_DATA,0,0,False
COL_ANURA_0050,Atelopus nocturnus,Atelopus nocturnus,Bufonidae,Atelopus,nocturnus,"Bravo-Valencia & Rivera-Correa, 2011",ACCEPTED,8298659,Atelopus nocturnus,10,"{""inaturalist"": 2, ""gbif"": 8}","{""base"": 10}",2,10,10,1.0,OCCURRENCE_CONFIRMED,,CATALOG_ONLY,,NO_VISUAL_DATA,0,0,False
COL_ANURA_0051,Atelopus sanjosei,Atelopus sanjosei,Bufonidae,Atelopus,sanjosei,"Rivero & Serna, 1989",ACCEPTED,5216700,Atelopus sanjosei,2,"{""gbif"": 2}","{""complemento_faceta"": 2}",1,2,2,1.0,OCCURRENCE_PROBABLE,SINGLE_NATIONAL_RECORD,CATALOG_ONLY,,NO_VISUAL_DATA,0,0,False
COL_ANURA_0052,Atelopus sernai,Atelopus sernai,Bufonidae,Atelopus,sernai,"Ruiz-Carranza & Osorno-Muñoz, 1994",ACCEPTED,5216683,Atelopus sernai,17,"{""gbif"": 17}","{""base"": 17}",2,28,28,1.0,OCCURRENCE_CONFIRMED,,CATALOG_ONLY,,NO_VISUAL_DATA,0,0,False
COL_ANURA_0053,Atelopus sonsonensis,Atelopus sonsonensis,Bufonidae,Atelopus,sonsonensis,"Vélez-Rodriguez & Ruiz-Carranza, 1997",ACCEPTED,5216635,Atelopus sonsonensis,20,"{""gbif"": 20}","{""complemento_faceta"": 20}",1,20,20,1.0,OCCURRENCE_CONFIRMED,,CATALOG_ONLY,,NO_VISUAL_DATA,0,0,False
COL_ANURA_0054,Bufo bufo,Bufo bufo,Bufonidae,Bufo,bufo,"(Linnaeus, 1758) ",ACCEPTED,5217160,Bufo bufo,1,"{""gbif"": 1}","{""complemento_faceta"": 1}",1,1,4,0.25,OCCURRENCE_MARGINAL,,CATALOG_ONLY,,NO_VISUAL_DATA,0,0,False
COL_ANURA_0055,Incilius coniferus,Incilius coniferus,Bufonidae,Incilius,coniferus,"(Cope, 1862) ",ACCEPTED,2422413,Incilius coniferus,14,"{""gbif"": 14}","{""base"": 14}",1,14,34,0.4118,OCCURRENCE_CONFIRMED,,CATALOG_ONLY,,NO_VISUAL_DATA,0,0,False
COL_ANURA_0056,Osornophryne percrassa,Osornophryne percrassa,Bufonidae,Osornophryne,percrassa,"Ruiz-Carranza & Hernández-Camacho, 1976",ACCEPTED,2422192,Osornophryne percrassa,1,"{""gbif"": 1}","{""complemento_faceta"": 1}",1,1,157,0.0064,OCCURRENCE_MARGINAL,DOUBTFUL_OCCURRENCE,CATALOG_ONLY,,NO_VISUAL_DATA,0,0,False
COL_ANURA_0057,Rhaebo blombergi,Rhaebo blombergi,Bufonidae,Rhaebo,blombergi,"(Myers & Funkhouser, 1951) ",ACCEPTED,2423153,Rhaebo blombergi,1,"{""gbif"": 1}","{""complemento_faceta"": 1}",1,1,71,0.0141,OCCURRENCE_MARGINAL,DOUBTFUL_OCCURRENCE,CATALOG_ONLY,,NO_VISUAL_DATA,0,0,False
COL_ANURA_0058,Rhaebo haematiticus,Rhaebo haematiticus,Bufonidae,Rhaebo,haematiticus,"(Cope, 1862) ",ACCEPTED,2423160,Rhaebo haematiticus,169,"{""inaturalist"": 106, ""gbif"": 63}","{""base"": 169}",25,181,714,0.2535,OCCURRENCE_CONFIRMED,,CATALOG_ONLY,,NO_VISUAL_DATA,0,0,False
COL_ANURA_0059,Rhaebo lynchi,Rhaebo lynchi,Bufonidae,Rhaebo,lynchi,"Mueses-Cisneros, 2007",ACCEPTED,2423155,Rhaebo lynchi,1,"{""inaturalist"": 1}","{""base"": 1}",1,1,2,0.5,OCCURRENCE_MARGINAL,SINGLE_NATIONAL_RECORD,CATALOG_ONLY,,NO_VISUAL_DATA,0,0,False
COL_ANURA_0060,Rhinella acrolopha,Rhinella acrolopha,Bufonidae,Rhinella,acrolopha,"(Trueb, 1971) ",ACCEPTED,5216977,Rhinella acrolopha,1,"{""gbif"": 1}","{""complemento_faceta"": 1}",1,1,8,0.125,OCCURRENCE_MARGINAL,,CATALOG_ONLY,,NO_VISUAL_DATA,0,0,False
COL_ANURA_0061,Rhinella granulosa,Rhinella granulosa,Bufonidae,Rhinella,granulosa,"(Spix, 1824) ",ACCEPTED,5216900,Rhinella granulosa,23,"{""gbif"": 23}","{""base"": 23}",7,34,695,0.0489,OCCURRENCE_CONFIRMED,,CATALOG_ONLY,,NO_VISUAL_DATA,0,0,False
COL_ANURA_0062,Rhinella humboldti,Rhinella humboldti,Bufonidae,Rhinella,humboldti,"(Gallardo, 1965) ",ACCEPTED,8813908,Rhinella humboldti,133,"{""inaturalist"": 77, ""gbif"": 56}","{""base"": 133}",24,207,3870,0.0535,OCCURRENCE_CONFIRMED,,CATALOG_ONLY,,NO_VISUAL_DATA,0,0,False
COL_ANURA_0063,Rhinella lindae,Rhinella lindae,Bufonidae,Rhinella,lindae,"(Rivero & Castaño, 1990) ",ACCEPTED,5216926,Rhinella lindae,1,"{""gbif"": 1}","{""base"": 1}",1,1,1,1.0,OCCURRENCE_MARGINAL,SINGLE_NATIONAL_RECORD,CATALOG_ONLY,,NO_VISUAL_DATA,0,0,False
COL_ANURA_0064,Rhinella macrorhina,Rhinella macrorhina,Bufonidae,Rhinella,macrorhina,"(Trueb, 1971) ",ACCEPTED,5216896,Rhinella macrorhina,120,"{""inaturalist"": 49, ""gbif"": 71}","{""base"": 120}",15,243,256,0.9492,OCCURRENCE_CONFIRMED,,CATALOG_ONLY,,NO_VISUAL_DATA,0,0,False
COL_ANURA_0065,Rhinella marina,Rhinella marina,Bufonidae,Rhinella,marina,"(Linnaeus, 1758) ",ACCEPTED,5216933,Rhinella marina,153,"{""gbif"": 153}","{""base"": 153}",22,905,3993,0.2266,OCCURRENCE_CONFIRMED,,CATALOG_ONLY,,NO_VISUAL_DATA,0,0,False
COL_ANURA_0066,Rhinella nicefori,Rhinella nicefori,Bufonidae,Rhinella,nicefori,"(Cochran & Goin, 1970) ",ACCEPTED,5216987,Rhinella nicefori,92,"{""inaturalist"": 54, ""gbif"": 38}","{""base"": 92}",9,84,84,1.0,OCCURRENCE_CONFIRMED,EPITHET_SHARED_ACROSS_GENERA,CATALOG_ONLY,,NO_VISUAL_DATA,0,0,False
COL_ANURA_0067,Rhinella paraguas,Rhinella paraguas,Bufonidae,Rhinella,paraguas,"Grant & Bolívar-Garcías, 2014",ACCEPTED,8975557,Rhinella paraguas,1,"{""inaturalist"": 1}","{""base"": 1}",1,1,14,0.0714,OCCURRENCE_MARGINAL,,CATALOG_ONLY,,NO_VISUAL_DATA,0,0,False
COL_ANURA_0068,Rhinella rostrata,Rhinella rostrata,Bufonidae,Rhinella,rostrata,"(Noble, 1920) ",ACCEPTED,5216841,Rhinella rostrata,11,"{""inaturalist"": 9, ""gbif"": 2}","{""base"": 11}",3,11,11,1.0,OCCURRENCE_CONFIRMED,,CATALOG_ONLY,,NO_VISUAL_DATA,0,0,False
COL_ANURA_0069,Rhinella ruizi,Rhinella ruizi,Bufonidae,Rhinella,ruizi,"(Grant, 2000) ",ACCEPTED,5216904,Rhinella ruizi,94,"{""inaturalist"": 33, ""gbif"": 61}","{""base"": 94}",10,91,91,1.0,OCCURRENCE_CONFIRMED,EPITHET_SHARED_ACROSS_GENERA,CATALOG_ONLY,,NO_VISUAL_DATA,0,0,False
COL_ANURA_0070,Rhinella sternosignata,Rhinella sternosignata,Bufonidae,Rhinella,sternosignata,"(Günther, 1858) ",ACCEPTED,5216863,Rhinella sternosignata,2,"{""gbif"": 2}","{""base"": 2}",1,29,255,0.1137,OCCURRENCE_PROBABLE,,CATALOG_ONLY,,NO_VISUAL_DATA,0,0,False
COL_ANURA_0071,Rhinella tenrec,Rhinella tenrec,Bufonidae,Rhinella,tenrec,"(Lynch & Renjifo, 1990) ",ACCEPTED,5216927,Rhinella tenrec,15,"{""inaturalist"": 8, ""gbif"": 7}","{""base"": 15}",5,18,25,0.72,OCCURRENCE_CONFIRMED,,CATALOG_ONLY,,NO_VISUAL_DATA,0,0,False
COL_ANURA_0072,Centrolene antioquiense,Centrolene antioquiense,Centrolenidae,Centrolene,antioquiense,"(Noble, 1920) ",ACCEPTED,2429458,Centrolene antioquiense; Centrolene antioquiensis,23,"{""inaturalist"": 17, ""gbif"": 6}","{""base"": 23}",10,33,60,0.55,OCCURRENCE_CONFIRMED,SYNONYMS_MERGED,CATALOG_ONLY,,NO_VISUAL_DATA,0,0,False
COL_ANURA_0073,Centrolene buckleyi,Centrolene buckleyi,Centrolenidae,Centrolene,buckleyi,"(Boulenger, 1882) ",ACCEPTED,2429486,Centrolene buckleyi,22,"{""inaturalist"": 12, ""gbif"": 10}","{""base"": 22}",10,76,176,0.4318,OCCURRENCE_CONFIRMED,EPITHET_SHARED_ACROSS_GENERA,CATALOG_ONLY,,NO_VISUAL_DATA,0,0,False
COL_ANURA_0074,Centrolene geckoideum,Centrolene geckoideum,Centrolenidae,Centrolene,geckoideum,"Jiménez de la Espada, 1872",ACCEPTED,2429462,Centrolene geckoideum,2,"{""gbif"": 2}","{""complemento_faceta"": 2}",1,2,27,0.0741,OCCURRENCE_PROBABLE,,CATALOG_ONLY,,NO_VISUAL_DATA,0,0,False
COL_ANURA_0075,Centrolene peristictum,Centrolene peristictum,Centrolenidae,Centrolene,peristictum,"(Lynch & Duellman, 1973) ",ACCEPTED,2429461,Centrolene peristictum,1,"{""gbif"": 1}","{""complemento_faceta"": 1}",1,1,21,0.0476,OCCURRENCE_MARGINAL,,CATALOG_ONLY,,NO_VISUAL_DATA,0,0,False
COL_ANURA_0076,Centrolene quindianum,Centrolene quindianum,Centrolenidae,Centrolene,quindianum,"Ruiz-Carranza & Lynch, 1995",ACCEPTED,2429503,Centrolene quindianum,8,"{""inaturalist"": 2, ""gbif"": 6}","{""base"": 8}",2,10,124,0.0806,OCCURRENCE_CONFIRMED,,CATALOG_ONLY,,NO_VISUAL_DATA,0,0,False
COL_ANURA_0077,Centrolene robledoi,Centrolene robledoi,Centrolenidae,Centrolene,robledoi,"Ruiz-Carranza & Lynch, 1995",ACCEPTED,2429489,Centrolene robledoi,51,"{""gbif"": 51}","{""base"": 51}",4,94,121,0.7769,OCCURRENCE_CONFIRMED,,CATALOG_ONLY,,NO_VISUAL_DATA,0,0,False
COL_ANURA_0078,Centrolene savagei,Centrolene savagei,Centrolenidae,Centrolene,savagei,"(Ruiz-Carranza & Lynch, 1991) ",ACCEPTED,9032203,Centrolene savagei,15,"{""inaturalist"": 10, ""gbif"": 5}","{""base"": 15}",7,26,261,0.0996,OCCURRENCE_CONFIRMED,EPITHET_SHARED_ACROSS_GENERA,CATALOG_ONLY,,NO_VISUAL_DATA,0,0,False
COL_ANURA_0079,Cochranella euknemos,Cochranella euknemos,Centrolenidae,Cochranella,euknemos,"(Savage & Starrett, 1967) ",ACCEPTED,2429405,Cochranella euknemos,1,"{""gbif"": 1}","{""base"": 1}",1,13,69,0.1884,OCCURRENCE_MARGINAL,,CATALOG_ONLY,,NO_VISUAL_DATA,0,0,False
COL_ANURA_0080,Cochranella megista,Cochranella megista,Centrolenidae,Cochranella,megista,"(Rivero, 1985) ",ACCEPTED,2429394,Cochranella megista,1,"{""gbif"": 1}","{""base"": 1}",1,4,11,0.3636,OCCURRENCE_MARGINAL,,CATALOG_ONLY,,NO_VISUAL_DATA,0,0,False
COL_ANURA_0081,Cochranella ramirezi,Cochranella ramirezi,Centrolenidae,Cochranella,ramirezi,"Ruiz-Carranza & Lynch, 1991",ACCEPTED,2429444,Cochranella ramirezi,1,"{""inaturalist"": 1}","{""base"": 1}",1,4,9,0.4444,OCCURRENCE_MARGINAL,EPITHET_SHARED_ACROSS_GENERA,CATALOG_ONLY,,NO_VISUAL_DATA,0,0,False
COL_ANURA_0082,Cochranella resplendens,Cochranella resplendens,Centrolenidae,Cochranella,resplendens,"(Lynch & Duellman, 1973) ",ACCEPTED,2429424,Cochranella resplendens,11,"{""gbif"": 11}","{""complemento_faceta"": 11}",1,11,16,0.6875,OCCURRENCE_CONFIRMED,,CATALOG_ONLY,,NO_VISUAL_DATA,0,0,False
COL_ANURA_0083,Espadarana andina,Espadarana andina,Centrolenidae,Espadarana,andina,"(Rivero, 1968) ",ACCEPTED,8864382,Espadarana andina,3,"{""inaturalist"": 1, ""gbif"": 2}","{""base"": 3}",2,3,160,0.0187,OCCURRENCE_PROBABLE,DOUBTFUL_OCCURRENCE,CATALOG_ONLY,,NO_VISUAL_DATA,0,0,False
COL_ANURA_0084,Espadarana prosoblepon,Espadarana prosoblepon,Centrolenidae,Espadarana,prosoblepon,"(Boettger, 1892) ",ACCEPTED,9132909,Espadarana prosoblepon,172,"{""inaturalist"": 79, ""gbif"": 93}","{""base"": 172}",27,267,745,0.3584,OCCURRENCE_CONFIRMED,,CATALOG_ONLY,,NO_VISUAL_DATA,0,0,False
COL_ANURA_0085,Hyalinobatrachium aureoguttatum,Hyalinobatrachium aureoguttatum,Centrolenidae,Hyalinobatrachium,aureoguttatum,"(Barrera-Rodriguez & Ruiz-Carranza, 1989) ",ACCEPTED,2429299,Hyalinobatrachium aureoguttatum,32,"{""inaturalist"": 23, ""gbif"": 9}","{""base"": 32}",10,27,149,0.1812,OCCURRENCE_CONFIRMED,,CATALOG_ONLY,,NO_VISUAL_DATA,0,0,False
COL_ANURA_0086,Hyalinobatrachium chirripoi,Hyalinobatrachium chirripoi,Centrolenidae,Hyalinobatrachium,chirripoi,"(Taylor, 1958) ",ACCEPTED,2429320,Hyalinobatrachium chirripoi,2,"{""inaturalist"": 2}","{""base"": 2}",2,2,65,0.0308,OCCURRENCE_PROBABLE,,CATALOG_ONLY,,NO_VISUAL_DATA,0,0,False
COL_ANURA_0087,Hyalinobatrachium colymbiphyllum,Hyalinobatrachium colymbiphyllum,Centrolenidae,Hyalinobatrachium,colymbiphyllum,"(Taylor, 1949) ",ACCEPTED,2429306,Hyalinobatrachium colymbiphyllum,68,"{""gbif"": 68}","{""base"": 68}",5,72,135,0.5333,OCCURRENCE_CONFIRMED,,CATALOG_ONLY,,NO_VISUAL_DATA,0,0,False
COL_ANURA_0088,Hyalinobatrachium fleischmanni,Hyalinobatrachium fleischmanni,Centrolenidae,Hyalinobatrachium,fleischmanni,"(Boettger, 1893) ",ACCEPTED,2429316,Hyalinobatrachium fleischmanni,27,"{""gbif"": 27}","{""base"": 27}",10,101,257,0.393,OCCURRENCE_CONFIRMED,,CATALOG_ONLY,,NO_VISUAL_DATA,0,0,False
COL_ANURA_0089,Hyalinobatrachium tatayoi,Hyalinobatrachium tatayoi,Centrolenidae,Hyalinobatrachium,tatayoi,"Castroviejo-Fisher, Ayarzagüena & Vilà, 2007",ACCEPTED,2429327,Hyalinobatrachium tatayoi,63,"{""inaturalist"": 53, ""gbif"": 10}","{""base"": 63}",16,61,332,0.1837,OCCURRENCE_CONFIRMED,,CATALOG_ONLY,,NO_VISUAL_DATA,0,0,False
COL_ANURA_0090,Hyalinobatrachium valerioi,Hyalinobatrachium valerioi,Centrolenidae,Hyalinobatrachium,valerioi,"(Dunn, 1931) ",ACCEPTED,2429295,Hyalinobatrachium valerioi,2,"{""gbif"": 2}","{""base"": 2}",1,2,39,0.0513,OCCURRENCE_PROBABLE,,CATALOG_ONLY,,NO_VISUAL_DATA,0,0,False
COL_ANURA_0091,Nymphargus chami,Nymphargus chami,Centrolenidae,Nymphargus,chami,"(Ruiz-Carranza & Lynch, 1995) ",ACCEPTED,2429361,Nymphargus chami,1,"{""inaturalist"": 1}","{""base"": 1}",1,2,12,0.1667,OCCURRENCE_MARGINAL,,CATALOG_ONLY,,NO_VISUAL_DATA,0,0,False
COL_ANURA_0092,Nymphargus grandisonae,Nymphargus grandisonae,Centrolenidae,Nymphargus,grandisonae,"(Cochran & Goin, 1970) ",ACCEPTED,10699072,Nymphargus grandisonae,43,"{""inaturalist"": 19, ""gbif"": 24}","{""base"": 43}",8,43,209,0.2057,OCCURRENCE_CONFIRMED,,CATALOG_ONLY,,NO_VISUAL_DATA,0,0,False
COL_ANURA_0093,Nymphargus griffithsi,Nymphargus griffithsi,Centrolenidae,Nymphargus,griffithsi,"(Goin, 1961) ",ACCEPTED,2429350,Nymphargus griffithsi,23,"{""gbif"": 23}","{""base"": 23}",2,124,320,0.3875,OCCURRENCE_CONFIRMED,,CATALOG_ONLY,,NO_VISUAL_DATA,0,0,False
COL_ANURA_0094,Nymphargus ignotus,Nymphargus ignotus,Centrolenidae,Nymphargus,ignotus,"(Lynch, 1990) ",ACCEPTED,2429387,Nymphargus ignotus,3,"{""inaturalist"": 2, ""gbif"": 1}","{""base"": 3}",2,49,296,0.1655,OCCURRENCE_PROBABLE,,CATALOG_ONLY,,NO_VISUAL_DATA,0,0,False
COL_ANURA_0095,Nymphargus luminosus,Nymphargus luminosus,Centrolenidae,Nymphargus,luminosus,"(Ruiz-Carranza & Lynch, 1995) ",ACCEPTED,2429352,Nymphargus luminosus,5,"{""inaturalist"": 5}","{""base"": 5}",2,0,0,,OCCURRENCE_CONFIRMED,,CATALOG_ONLY,,NO_VISUAL_DATA,0,0,False
COL_ANURA_0096,Nymphargus pijao,Nymphargus pijao,Centrolenidae,Nymphargus,pijao,"Montilla, Arcila-Pérez, Toro-Gómez, Vargas-Salinas & Rada, 2023",ACCEPTED,12242447,Nymphargus pijao,10,"{""inaturalist"": 9, ""gbif"": 1}","{""base"": 10}",4,17,85,0.2,OCCURRENCE_CONFIRMED,,CATALOG_ONLY,,NO_VISUAL_DATA,0,0,False
COL_ANURA_0097,Nymphargus prasinus,Nymphargus prasinus,Centrolenidae,Nymphargus,prasinus,"(Duellman, 1981) ",ACCEPTED,2429342,Nymphargus prasinus,3,"{""gbif"": 3}","{""base"": 3}",1,19,23,0.8261,OCCURRENCE_PROBABLE,,CATALOG_ONLY,,NO_VISUAL_DATA,0,0,False
COL_ANURA_0098,Nymphargus rosada,Nymphargus rosada,Centrolenidae,Nymphargus,rosada,"(Ruiz-Carranza & Lynch, 1997) ",ACCEPTED,2429379,Nymphargus rosada,22,"{""inaturalist"": 9, ""gbif"": 13}","{""base"": 22}",5,38,73,0.5205,OCCURRENCE_CONFIRMED,,CATALOG_ONLY,,NO_VISUAL_DATA,0,0,False
COL_ANURA_0099,Nymphargus spilotus,Nymphargus spilotus,Centrolenidae,Nymphargus,spilotus,"(Ruiz-Carranza & Lynch, 1997) ",ACCEPTED,2429383,Nymphargus spilotus,0,{},{},0,1,21,0.0476,UNVERIFIED_PRESENCE,FACET_ONLY_NO_VALID_RECORD; PRESENCE_ARTIFACT_LIKELY,CATALOG_ONLY,,NO_VISUAL_DATA,0,0,False
COL_ANURA_0100,Rulyrana susatamai,Rulyrana susatamai,Centrolenidae,Rulyrana,susatamai,"(Ruiz-Carranza & Lynch, 1995) ",ACCEPTED,10705579,Rulyrana susatamai,55,"{""inaturalist"": 43, ""gbif"": 12}","{""base"": 55}",18,94,137,0.6861,OCCURRENCE_CONFIRMED,,CATALOG_ONLY,,NO_VISUAL_DATA,0,0,False
COL_ANURA_0101,Sachatamia ilex,Sachatamia ilex,Centrolenidae,Sachatamia,ilex,"(Savage, 1967) ",ACCEPTED,9987236,Sachatamia ilex,17,"{""gbif"": 17}","{""base"": 17}",4,29,108,0.2685,OCCURRENCE_CONFIRMED,,CATALOG_ONLY,,NO_VISUAL_DATA,0,0,False
COL_ANURA_0102,Sachatamia punctulata,Sachatamia punctulata,Centrolenidae,Sachatamia,punctulata,"(Ruiz-Carranza & Lynch, 1995) ",ACCEPTED,10739522,Sachatamia punctulata,23,"{""inaturalist"": 20, ""gbif"": 3}","{""base"": 23}",8,39,79,0.4937,OCCURRENCE_CONFIRMED,,CATALOG_ONLY,,NO_VISUAL_DATA,0,0,False
COL_ANURA_0103,Teratohyla pulverata,Teratohyla pulverata,Centrolenidae,Teratohyla,pulverata,"(Peters, 1873) ",ACCEPTED,10825626,Teratohyla pulverata,1,"{""inaturalist"": 1}","{""base"": 1}",1,1,31,0.0323,OCCURRENCE_MARGINAL,,CATALOG_ONLY,,NO_VISUAL_DATA,0,0,False
COL_ANURA_0104,Teratohyla spinosa,Teratohyla spinosa,Centrolenidae,Teratohyla,spinosa,"(Taylor, 1949) ",ACCEPTED,2429432,Teratohyla spinosa,3,"{""inaturalist"": 3}","{""base"": 3}",2,23,107,0.215,OCCURRENCE_PROBABLE,,CATALOG_ONLY,,NO_VISUAL_DATA,0,0,False
COL_ANURA_0105,Atopophrynus syntomopus,Atopophrynus syntomopus,Craugastoridae,Atopophrynus,syntomopus,"Lynch & Ruiz-Carranza, 1982",ACCEPTED,2426021,Atopophrynus syntomopus,2,"{""gbif"": 2}","{""complemento_faceta"": 2}",1,2,2,1.0,OCCURRENCE_PROBABLE,SINGLE_NATIONAL_RECORD,CATALOG_ONLY,,NO_VISUAL_DATA,0,0,False
COL_ANURA_0106,Craugastor fitzingeri,Craugastor fitzingeri,Craugastoridae,Craugastor,fitzingeri,"(Schmidt, 1857) ",ACCEPTED,2430621,Craugastor fitzingeri,46,"{""inaturalist"": 1, ""gbif"": 45}","{""base"": 46}",7,75,511,0.1468,OCCURRENCE_CONFIRMED,,CATALOG_ONLY,,NO_VISUAL_DATA,0,0,False
COL_ANURA_0107,Craugastor gollmeri,Craugastor gollmeri,Craugastoridae,Craugastor,gollmeri,"(Peters, 1863) ",ACCEPTED,2430828,Craugastor gollmeri,6,"{""gbif"": 6}","{""base"": 6}",1,7,16,0.4375,OCCURRENCE_CONFIRMED,,CATALOG_ONLY,,NO_VISUAL_DATA,0,0,False
COL_ANURA_0108,Craugastor longirostris,Craugastor longirostris,Craugastoridae,Craugastor,longirostris,"(Boulenger, 1898) ",ACCEPTED,2430747,Craugastor longirostris,38,"{""gbif"": 38}","{""base"": 38}",16,64,596,0.1074,OCCURRENCE_CONFIRMED,,CATALOG_ONLY,,NO_VISUAL_DATA,0,0,False
COL_ANURA_0109,Craugastor metriosistus,Craugastor metriosistus,Craugastoridae,Craugastor,metriosistus,"Ospina-Sarria, Angarita-Sierra & Pedroza-Banda, 2015",ACCEPTED,10819374,Craugastor metriosistus,118,"{""inaturalist"": 114, ""gbif"": 4}","{""base"": 118}",15,154,993,0.1551,OCCURRENCE_CONFIRMED,,CATALOG_ONLY,,NO_VISUAL_DATA,0,0,False
COL_ANURA_0110,Craugastor opimus,Craugastor opimus,Craugastoridae,Craugastor,opimus,"(Savage & Myers, 2002) ",ACCEPTED,2430821,Craugastor opimus,4,"{""inaturalist"": 4}","{""base"": 4}",2,2,14,0.1429,OCCURRENCE_PROBABLE,,CATALOG_ONLY,,NO_VISUAL_DATA,0,0,False
COL_ANURA_0111,Niceforonia adenobrachia,Niceforonia adenobrachia,Craugastoridae,Niceforonia,adenobrachia,"(Ardila-Robayo, Ruiz-Carranza & Barrera-Rodriguez, 1996) ",ACCEPTED,2425875,Niceforonia adenobrachia,2,"{""gbif"": 2}","{""complemento_faceta"": 2}",1,2,15,0.1333,OCCURRENCE_PROBABLE,,CATALOG_ONLY,,NO_VISUAL_DATA,0,0,False
COL_ANURA_0112,Niceforonia babax,Niceforonia babax,Craugastoridae,Niceforonia,babax,"(Lynch, 1989) ",ACCEPTED,10823656,Niceforonia babax,1,"{""gbif"": 1}","{""base"": 1}",1,5,15,0.3333,OCCURRENCE_MARGINAL,,CATALOG_ONLY,,NO_VISUAL_DATA,0,0,False
COL_ANURA_0113,Niceforonia latens,Niceforonia latens,Craugastoridae,Niceforonia,latens,"(Lynch, 1989) ",ACCEPTED,10884670,Niceforonia latens,2,"{""inaturalist"": 1, ""gbif"": 1}","{""base"": 2}",1,5,19,0.2632,OCCURRENCE_PROBABLE,,CATALOG_ONLY,,NO_VISUAL_DATA,0,0,False
COL_ANURA_0114,Niceforonia mantipus,Niceforonia mantipus,Craugastoridae,Niceforonia,mantipus,"(Boulenger, 1908) ",ACCEPTED,10874928,Niceforonia mantipus,17,"{""inaturalist"": 2, ""gbif"": 15}","{""base"": 17}",6,60,290,0.2069,OCCURRENCE_CONFIRMED,,CATALOG_ONLY,,NO_VISUAL_DATA,0,0,False
COL_ANURA_0115,Pristimantis acatallelus,Pristimantis acatallelus,Craugastoridae,Pristimantis,acatallelus,"(Lynch & Ruiz-Carranza, 1983) ",ACCEPTED,2425204,Pristimantis acatallelus,10,"{""inaturalist"": 4, ""gbif"": 6}","{""base"": 10}",3,46,239,0.1925,OCCURRENCE_CONFIRMED,,CATALOG_ONLY,,NO_VISUAL_DATA,0,0,False
COL_ANURA_0116,Pristimantis actinolaimus,Pristimantis actinolaimus,Craugastoridae,Pristimantis,actinolaimus,"(Lynch & Rueda-Almonacid, 1998) ",ACCEPTED,2425097,Pristimantis actinolaimus,0,{},{},0,1,52,0.0192,UNVERIFIED_PRESENCE,DOUBTFUL_OCCURRENCE; FACET_ONLY_NO_VALID_RECORD; PRESENCE_ARTIFACT_LIKELY,CATALOG_ONLY,,NO_VISUAL_DATA,0,0,False
COL_ANURA_0117,Pristimantis aemulatus,Pristimantis aemulatus,Craugastoridae,Pristimantis,aemulatus,"(Ruiz-Carranza, Lynch & Ardila-Robayo, 1997) ",ACCEPTED,2425014,Pristimantis aemulatus,7,"{""gbif"": 7}","{""complemento_faceta"": 7}",1,7,7,1.0,OCCURRENCE_CONFIRMED,,CATALOG_ONLY,,NO_VISUAL_DATA,0,0,False
COL_ANURA_0118,Pristimantis aurantiguttatus,Pristimantis aurantiguttatus,Craugastoridae,Pristimantis,aurantiguttatus,"(Ruiz-Carranza, Lynch & Ardila-Robayo, 1997) ",ACCEPTED,2425418,Pristimantis aurantiguttatus,3,"{""gbif"": 3}","{""base"": 3}",2,21,21,1.0,OCCURRENCE_PROBABLE,,CATALOG_ONLY,,NO_VISUAL_DATA,0,0,False
COL_ANURA_0119,Pristimantis baiotis,Pristimantis baiotis,Craugastoridae,Pristimantis,baiotis,"(Lynch, 1998) ",ACCEPTED,2425295,Pristimantis baiotis,1,"{""gbif"": 1}","{""base"": 1}",1,4,4,1.0,OCCURRENCE_MARGINAL,,CATALOG_ONLY,,NO_VISUAL_DATA,0,0,False
COL_ANURA_0120,Pristimantis bellona,Pristimantis bellona,Craugastoridae,Pristimantis,bellona,"(Lynch, 1992) ",ACCEPTED,2425160,Pristimantis bellona,32,"{""gbif"": 32}","{""complemento_faceta"": 32}",2,32,32,1.0,OCCURRENCE_CONFIRMED,,CATALOG_ONLY,,NO_VISUAL_DATA,0,0,False
COL_ANURA_0121,Pristimantis bernali,Pristimantis bernali,Craugastoridae,Pristimantis,bernali,"(Lynch, 1986) ",ACCEPTED,2425142,Pristimantis bernali,3,"{""gbif"": 3}","{""complemento_faceta"": 3}",1,3,3,1.0,OCCURRENCE_PROBABLE,,CATALOG_ONLY,,NO_VISUAL_DATA,0,0,False
COL_ANURA_0122,Pristimantis bicolor,Pristimantis bicolor,Craugastoridae,Pristimantis,bicolor,"(Rueda-Almonacid & Lynch, 1983) ",ACCEPTED,2425126,Pristimantis bicolor,1,"{""gbif"": 1}","{""complemento_faceta"": 1}",1,1,211,0.0047,OCCURRENCE_MARGINAL,DOUBTFUL_OCCURRENCE; EPITHET_SHARED_ACROSS_GENERA,CATALOG_ONLY,,NO_VISUAL_DATA,0,0,False
COL_ANURA_0123,Pristimantis boulengeri,Pristimantis boulengeri,Craugastoridae,Pristimantis,boulengeri,"(Lynch, 1981) ",ACCEPTED,2425004,Pristimantis boulengeri,4,"{""gbif"": 4}","{""base"": 4}",2,12,476,0.0252,OCCURRENCE_PROBABLE,DOUBTFUL_OCCURRENCE; EPITHET_SHARED_ACROSS_GENERA,CATALOG_ONLY,,NO_VISUAL_DATA,0,0,False
COL_ANURA_0124,Pristimantis brevifrons,Pristimantis brevifrons,Craugastoridae,Pristimantis,brevifrons,"(Lynch, 1981) ",ACCEPTED,2424988,Pristimantis brevifrons,7,"{""inaturalist"": 1, ""gbif"": 6}","{""base"": 7}",2,61,324,0.1883,OCCURRENCE_CONFIRMED,,CATALOG_ONLY,,NO_VISUAL_DATA,0,0,False
COL_ANURA_0125,Pristimantis cabrerai,Pristimantis cabrerai,Craugastoridae,Pristimantis,cabrerai,"(Cochran & Goin, 1970) ",ACCEPTED,2425752,Pristimantis cabrerai,2,"{""gbif"": 2}","{""complemento_faceta"": 2}",1,2,20,0.1,OCCURRENCE_PROBABLE,,CATALOG_ONLY,,NO_VISUAL_DATA,0,0,False
COL_ANURA_0126,Pristimantis calcaratus,Pristimantis calcaratus,Craugastoridae,Pristimantis,calcaratus,"(Boulenger, 1908) ",ACCEPTED,2425674,Pristimantis calcaratus,2,"{""gbif"": 2}","{""base"": 2}",1,2,234,0.0085,OCCURRENCE_PROBABLE,DOUBTFUL_OCCURRENCE,CATALOG_ONLY,,NO_VISUAL_DATA,0,0,False
COL_ANURA_0127,Pristimantis caprifer,Pristimantis caprifer,Craugastoridae,Pristimantis,caprifer,"(Lynch, 1977) ",ACCEPTED,2425560,Pristimantis caprifer,1,"{""gbif"": 1}","{""base"": 1}",1,5,23,0.2174,OCCURRENCE_MARGINAL,,CATALOG_ONLY,,NO_VISUAL_DATA,0,0,False
COL_ANURA_0128,Pristimantis carylae,Pristimantis carylae,Craugastoridae,Pristimantis,carylae,"Rivera-Correa, González-Durán, Saldarriaga-Gómez & Duarte-Marín, 2021",ACCEPTED,12175355,Pristimantis carylae,6,"{""inaturalist"": 4, ""gbif"": 2}","{""base"": 6}",2,6,24,0.25,OCCURRENCE_CONFIRMED,,CATALOG_ONLY,,NO_VISUAL_DATA,0,0,False
COL_ANURA_0129,Pristimantis caryophyllaceus,Pristimantis caryophyllaceus,Craugastoridae,Pristimantis,caryophyllaceus,"(Barbour, 1928) ",ACCEPTED,2425474,Pristimantis caryophyllaceus,5,"{""gbif"": 5}","{""base"": 5}",2,6,7,0.8571,OCCURRENCE_CONFIRMED,,CATALOG_ONLY,,NO_VISUAL_DATA,0,0,False
COL_ANURA_0130,Pristimantis chalceus,Pristimantis chalceus,Craugastoridae,Pristimantis,chalceus,"(Peters, 1873) ",ACCEPTED,2425357,Pristimantis chalceus,4,"{""gbif"": 4}","{""base"": 4}",1,34,84,0.4048,OCCURRENCE_PROBABLE,,CATALOG_ONLY,,NO_VISUAL_DATA,0,0,False
COL_ANURA_0131,Pristimantis chocolatebari,Pristimantis chocolatebari,Craugastoridae,Pristimantis,chocolatebari,"Rivera-Correa, González-Durán, Saldarriaga-Gómez & Duarte-Marín, 2021",ACCEPTED,12248961,Pristimantis chocolatebari,4,"{""inaturalist"": 2, ""gbif"": 2}","{""base"": 4}",2,4,4,1.0,OCCURRENCE_PROBABLE,,CATALOG_ONLY,,NO_VISUAL_DATA,0,0,False
COL_ANURA_0132,Pristimantis conspicillatus,Pristimantis conspicillatus,Craugastoridae,Pristimantis,conspicillatus,"(Günther, 1858) ",ACCEPTED,2425099,Pristimantis conspicillatus,1,"{""gbif"": 1}","{""complemento_faceta"": 1}",1,1,138,0.0072,OCCURRENCE_MARGINAL,DOUBTFUL_OCCURRENCE,CATALOG_ONLY,,NO_VISUAL_DATA,0,0,False
COL_ANURA_0133,Pristimantis cruentus,Pristimantis cruentus,Craugastoridae,Pristimantis,cruentus,"(Peters, 1873) ",ACCEPTED,2425721,Pristimantis cruentus,8,"{""gbif"": 8}","{""base"": 8}",3,9,35,0.2571,OCCURRENCE_CONFIRMED,,CATALOG_ONLY,,NO_VISUAL_DATA,0,0,False
COL_ANURA_0134,Pristimantis deinops,Pristimantis deinops,Craugastoridae,Pristimantis,deinops,"(Lynch, 1996) ",ACCEPTED,2425533,Pristimantis deinops,4,"{""gbif"": 4}","{""base"": 4}",1,4,12,0.3333,OCCURRENCE_PROBABLE,,CATALOG_ONLY,,NO_VISUAL_DATA,0,0,False
COL_ANURA_0135,Pristimantis devillei,Pristimantis devillei,Craugastoridae,Pristimantis,devillei,"(Boulenger, 1880) ",ACCEPTED,2425436,Pristimantis devillei,5,"{""gbif"": 5}","{""base"": 5}",1,5,5,1.0,OCCURRENCE_CONFIRMED,,CATALOG_ONLY,,NO_VISUAL_DATA,0,0,False
COL_ANURA_0136,Pristimantis dorsopictus,Pristimantis dorsopictus,Craugastoridae,Pristimantis,dorsopictus,"(Rivero & Serna, 1988) ",ACCEPTED,2425349,Pristimantis dorsopictus,43,"{""inaturalist"": 21, ""gbif"": 22}","{""base"": 43}",10,59,158,0.3734,OCCURRENCE_CONFIRMED,,CATALOG_ONLY,,NO_VISUAL_DATA,0,0,False
COL_ANURA_0137,Pristimantis factiosus,Pristimantis factiosus,Craugastoridae,Pristimantis,factiosus,"(Lynch & Rueda-Almonacid, 1998) ",ACCEPTED,2425006,Pristimantis factiosus,74,"{""gbif"": 74}","{""base"": 74}",5,174,469,0.371,OCCURRENCE_CONFIRMED,,CATALOG_ONLY,,NO_VISUAL_DATA,0,0,False
COL_ANURA_0138,Pristimantis fallax,Pristimantis fallax,Craugastoridae,Pristimantis,fallax,"(Lynch & Rueda-Almonacid, 1999) ",ACCEPTED,2424990,Pristimantis fallax,15,"{""inaturalist"": 4, ""gbif"": 11}","{""base"": 15}",5,54,79,0.6835,OCCURRENCE_CONFIRMED,,CATALOG_ONLY,,NO_VISUAL_DATA,0,0,False
COL_ANURA_0139,Pristimantis ferwerdai,Pristimantis ferwerdai,Craugastoridae,Pristimantis,ferwerdai,"Amézquita, Suárez, Palacios-Rodríguez, Beltrán, Rodríguez, Barrientos, Daza & Mazariegos, 2019",ACCEPTED,10796144,Pristimantis ferwerdai,8,"{""inaturalist"": 7, ""gbif"": 1}","{""base"": 8}",2,5,5,1.0,OCCURRENCE_CONFIRMED,,CATALOG_ONLY,,NO_VISUAL_DATA,0,0,False
COL_ANURA_0140,Pristimantis frater,Pristimantis frater,Craugastoridae,Pristimantis,frater,"(Werner, 1899) ",ACCEPTED,2425693,Pristimantis frater,1,"{""gbif"": 1}","{""base"": 1}",1,1,339,0.0029,OCCURRENCE_MARGINAL,DOUBTFUL_OCCURRENCE,CATALOG_ONLY,,NO_VISUAL_DATA,0,0,False
COL_ANURA_0141,Pristimantis gracilis,Pristimantis gracilis,Craugastoridae,Pristimantis,gracilis,"(Lynch, 1986) ",ACCEPTED,2425496,Pristimantis gracilis,2,"{""gbif"": 2}","{""base"": 2}",1,10,332,0.0301,OCCURRENCE_PROBABLE,,CATALOG_ONLY,,NO_VISUAL_DATA,0,0,False
COL_ANURA_0142,Pristimantis helvolus,Pristimantis helvolus,Craugastoridae,Pristimantis,helvolus,"(Lynch & Rueda-Almonacid, 1998) ",ACCEPTED,2425376,Pristimantis helvolus,6,"{""gbif"": 6}","{""complemento_faceta"": 6}",2,6,6,1.0,OCCURRENCE_CONFIRMED,,CATALOG_ONLY,,NO_VISUAL_DATA,0,0,False
COL_ANURA_0143,Pristimantis jaguensis,Pristimantis jaguensis,Craugastoridae,Pristimantis,jaguensis,"Rivera-Prieto, Rivera-Correa & Daza-R., 2014",ACCEPTED,10522542,Pristimantis jaguensis,15,"{""inaturalist"": 15}","{""base"": 15}",6,23,23,1.0,OCCURRENCE_CONFIRMED,,CATALOG_ONLY,,NO_VISUAL_DATA,0,0,False
COL_ANURA_0144,Pristimantis johannesdei,Pristimantis johannesdei,Craugastoridae,Pristimantis,johannesdei,"(Rivero & Serna, 1988) ",ACCEPTED,2425863,Pristimantis johannesdei,6,"{""gbif"": 6}","{""complemento_faceta"": 6}",1,6,7,0.8571,OCCURRENCE_CONFIRMED,,CATALOG_ONLY,,NO_VISUAL_DATA,0,0,False
COL_ANURA_0145,Pristimantis juanchoi,Pristimantis juanchoi,Craugastoridae,Pristimantis,juanchoi,"(Lynch, 1996) ",ACCEPTED,2425830,Pristimantis juanchoi,3,"{""gbif"": 3}","{""base"": 3}",1,3,65,0.0462,OCCURRENCE_PROBABLE,,CATALOG_ONLY,,NO_VISUAL_DATA,0,0,False
COL_ANURA_0146,Pristimantis kelephus,Pristimantis kelephus,Craugastoridae,Pristimantis,kelephus,"(Lynch, 1998) ",ACCEPTED,10857707,Pristimantis kelephus,3,"{""gbif"": 3}","{""base"": 3}",1,3,73,0.0411,OCCURRENCE_PROBABLE,,CATALOG_ONLY,,NO_VISUAL_DATA,0,0,False
COL_ANURA_0147,Pristimantis lasalleorum,Pristimantis lasalleorum,Craugastoridae,Pristimantis,lasalleorum,"(Lynch, 1995) ",ACCEPTED,2425596,Pristimantis lasalleorum,1,"{""gbif"": 1}","{""base"": 1}",1,1,1,1.0,OCCURRENCE_MARGINAL,SINGLE_NATIONAL_RECORD,CATALOG_ONLY,,NO_VISUAL_DATA,0,0,False
COL_ANURA_0148,Pristimantis latidiscus,Pristimantis latidiscus,Craugastoridae,Pristimantis,latidiscus,"(Boulenger, 1898) ",ACCEPTED,2425535,Pristimantis latidiscus,4,"{""gbif"": 4}","{""base"": 4}",3,8,226,0.0354,OCCURRENCE_PROBABLE,,CATALOG_ONLY,,NO_VISUAL_DATA,0,0,False
COL_ANURA_0149,Pristimantis lemur,Pristimantis lemur,Craugastoridae,Pristimantis,lemur,"(Lynch & Rueda-Almonacid, 1998) ",ACCEPTED,2425521,Pristimantis lemur,16,"{""inaturalist"": 8, ""gbif"": 8}","{""base"": 16}",5,27,33,0.8182,OCCURRENCE_CONFIRMED,,CATALOG_ONLY,,NO_VISUAL_DATA,0,0,False
COL_ANURA_0150,Pristimantis leopardus,Pristimantis leopardus,Craugastoridae,Pristimantis,leopardus,"Rivera-Correa, Jiménez-Rivillas & Daza-R., 2017",ACCEPTED,9309439,Pristimantis leopardus,3,"{""inaturalist"": 3}","{""base"": 3}",3,2,2,1.0,OCCURRENCE_PROBABLE,,CATALOG_ONLY,,NO_VISUAL_DATA,0,0,False
COL_ANURA_0151,Pristimantis maculosus,Pristimantis maculosus,Craugastoridae,Pristimantis,maculosus,"(Lynch, 1991) ",ACCEPTED,2425117,Pristimantis maculosus,3,"{""gbif"": 3}","{""complemento_faceta"": 3}",1,3,9,0.3333,OCCURRENCE_PROBABLE,,CATALOG_ONLY,,NO_VISUAL_DATA,0,0,False
COL_ANURA_0152,Pristimantis myops,Pristimantis myops,Craugastoridae,Pristimantis,myops,"(Lynch, 1998) ",ACCEPTED,2425443,Pristimantis myops,1,"{""gbif"": 1}","{""base"": 1}",1,1,70,0.0143,OCCURRENCE_MARGINAL,DOUBTFUL_OCCURRENCE,CATALOG_ONLY,,NO_VISUAL_DATA,0,0,False
COL_ANURA_0153,Pristimantis orpacobates,Pristimantis orpacobates,Craugastoridae,Pristimantis,orpacobates,"(Lynch, Ruiz-Carranza & Ardila-Robayo, 1994) ",ACCEPTED,2425137,Pristimantis orpacobates,34,"{""inaturalist"": 10, ""gbif"": 24}","{""base"": 34}",6,108,368,0.2935,OCCURRENCE_CONFIRMED,,CATALOG_ONLY,,NO_VISUAL_DATA,0,0,False
COL_ANURA_0154,Pristimantis parectatus,Pristimantis parectatus,Craugastoridae,Pristimantis,parectatus,"(Lynch & Rueda-Almonacid, 1998) ",ACCEPTED,2425832,Pristimantis parectatus,65,"{""inaturalist"": 14, ""gbif"": 51}","{""base"": 65}",7,104,127,0.8189,OCCURRENCE_CONFIRMED,,CATALOG_ONLY,,NO_VISUAL_DATA,0,0,False
COL_ANURA_0155,Pristimantis phragmipleuron,Pristimantis phragmipleuron,Craugastoridae,Pristimantis,phragmipleuron,"(Rivero & Serna, 1988) ",ACCEPTED,2425402,Pristimantis phragmipleuron,7,"{""gbif"": 7}","{""base"": 7}",1,13,13,1.0,OCCURRENCE_CONFIRMED,,CATALOG_ONLY,,NO_VISUAL_DATA,0,0,False
COL_ANURA_0156,Pristimantis piceus,Pristimantis piceus,Craugastoridae,Pristimantis,piceus,"(Lynch, Ruiz-Carranza & Ardila-Robayo, 1996) ",ACCEPTED,2425386,Pristimantis piceus,9,"{""inaturalist"": 1, ""gbif"": 8}","{""base"": 9}",3,16,231,0.0693,OCCURRENCE_CONFIRMED,,CATALOG_ONLY,,NO_VISUAL_DATA,0,0,False
COL_ANURA_0157,Pristimantis platychilus,Pristimantis platychilus,Craugastoridae,Pristimantis,platychilus,"(Lynch, 1996) ",ACCEPTED,2425331,Pristimantis platychilus,1,"{""gbif"": 1}","{""base"": 1}",1,1,8,0.125,OCCURRENCE_MARGINAL,,CATALOG_ONLY,,NO_VISUAL_DATA,0,0,False
COL_ANURA_0158,Pristimantis polychrus,Pristimantis polychrus,Craugastoridae,Pristimantis,polychrus,"(Ruiz-Carranza, Lynch & Ardila-Robayo, 1997) ",ACCEPTED,2425219,Pristimantis polychrus,9,"{""gbif"": 9}","{""base"": 9}",2,24,24,1.0,OCCURRENCE_CONFIRMED,,CATALOG_ONLY,,NO_VISUAL_DATA,0,0,False
COL_ANURA_0159,Pristimantis postducheminorum,Pristimantis postducheminorum,Craugastoridae,Pristimantis,postducheminorum,"Palacios-Rodríguez, Daza, Mazariegos-H, Rendón & Amézquita, 2022",ACCEPTED,11688307,Pristimantis postducheminorum,2,"{""gbif"": 2}","{""base"": 2}",2,2,2,1.0,OCCURRENCE_PROBABLE,SINGLE_NATIONAL_RECORD,CATALOG_ONLY,,NO_VISUAL_DATA,0,0,False
COL_ANURA_0160,Pristimantis quantus,Pristimantis quantus,Craugastoridae,Pristimantis,quantus,"(Lynch, 1998) ",ACCEPTED,2424992,Pristimantis quantus,9,"{""gbif"": 9}","{""base"": 9}",1,9,28,0.3214,OCCURRENCE_CONFIRMED,,CATALOG_ONLY,,NO_VISUAL_DATA,0,0,False
COL_ANURA_0161,Pristimantis restrepoi,Pristimantis restrepoi,Craugastoridae,Pristimantis,restrepoi,"(Lynch, 1996) ",ACCEPTED,2425697,Pristimantis restrepoi,8,"{""gbif"": 8}","{""base"": 8}",1,8,85,0.0941,OCCURRENCE_CONFIRMED,,CATALOG_ONLY,,NO_VISUAL_DATA,0,0,False
COL_ANURA_0162,Pristimantis ridens,Pristimantis ridens,Craugastoridae,Pristimantis,ridens,"(Cope, 1866) ",ACCEPTED,2425583,Pristimantis ridens,9,"{""gbif"": 9}","{""base"": 9}",2,13,155,0.0839,OCCURRENCE_CONFIRMED,,CATALOG_ONLY,,NO_VISUAL_DATA,0,0,False
COL_ANURA_0163,Pristimantis ruedai,Pristimantis ruedai,Craugastoridae,Pristimantis,ruedai,"(Ruiz-Carranza, Lynch & Ardila-Robayo, 1997) ",ACCEPTED,2425416,Pristimantis ruedai,16,"{""gbif"": 16}","{""base"": 16}",2,50,64,0.7812,OCCURRENCE_CONFIRMED,,CATALOG_ONLY,,NO_VISUAL_DATA,0,0,False
COL_ANURA_0164,Pristimantis sanguineus,Pristimantis sanguineus,Craugastoridae,Pristimantis,sanguineus,"(Lynch, 1998) ",ACCEPTED,2425229,Pristimantis sanguineus,50,"{""gbif"": 50}","{""base"": 50}",3,89,147,0.6054,OCCURRENCE_CONFIRMED,,CATALOG_ONLY,,NO_VISUAL_DATA,0,0,False
COL_ANURA_0165,Pristimantis satagius,Pristimantis satagius,Craugastoridae,Pristimantis,satagius,"(Lynch, 1995) ",ACCEPTED,2425192,Pristimantis satagius,27,"{""gbif"": 27}","{""base"": 27}",2,28,28,1.0,OCCURRENCE_CONFIRMED,,CATALOG_ONLY,,NO_VISUAL_DATA,0,0,False
COL_ANURA_0166,Pristimantis savagei,Pristimantis savagei,Craugastoridae,Pristimantis,savagei,"(Pyburn & Lynch, 1981) ",ACCEPTED,2425157,Pristimantis savagei,2,"{""gbif"": 2}","{""base"": 2}",1,6,725,0.0083,OCCURRENCE_PROBABLE,DOUBTFUL_OCCURRENCE; EPITHET_SHARED_ACROSS_GENERA,CATALOG_ONLY,,NO_VISUAL_DATA,0,0,False
COL_ANURA_0167,Pristimantis scoloblepharus,Pristimantis scoloblepharus,Craugastoridae,Pristimantis,scoloblepharus,"(Lynch, 1991) ",ACCEPTED,2425086,Pristimantis scoloblepharus,84,"{""inaturalist"": 25, ""gbif"": 59}","{""base"": 84}",9,123,138,0.8913,OCCURRENCE_CONFIRMED,,CATALOG_ONLY,,NO_VISUAL_DATA,0,0,False
COL_ANURA_0168,Pristimantis signifer,Pristimantis signifer,Craugastoridae,Pristimantis,signifer,"(Ruiz-Carranza, Lynch & Ardila-Robayo, 1997) ",ACCEPTED,2425850,Pristimantis signifer,0,{},{},0,31,31,1.0,UNVERIFIED_PRESENCE,FACET_ONLY_NO_VALID_RECORD,CATALOG_ONLY,,NO_VISUAL_DATA,0,0,False
COL_ANURA_0169,Pristimantis suetus,Pristimantis suetus,Craugastoridae,Pristimantis,suetus,"(Lynch & Rueda-Almonacid, 1998) ",ACCEPTED,2425459,Pristimantis suetus,44,"{""gbif"": 44}","{""base"": 44}",4,108,186,0.5806,OCCURRENCE_CONFIRMED,,CATALOG_ONLY,,NO_VISUAL_DATA,0,0,False
COL_ANURA_0170,Pristimantis supernatis,Pristimantis supernatis,Craugastoridae,Pristimantis,supernatis,"(Lynch, 1979) ",ACCEPTED,2425426,Pristimantis supernatis,21,"{""gbif"": 21}","{""base"": 21}",6,27,365,0.074,OCCURRENCE_CONFIRMED,,CATALOG_ONLY,,NO_VISUAL_DATA,0,0,False
COL_ANURA_0171,Pristimantis tribulosus,Pristimantis tribulosus,Craugastoridae,Pristimantis,tribulosus,"(Lynch & Rueda-Almonacid, 1997) ",ACCEPTED,2425012,Pristimantis tribulosus,2,"{""inaturalist"": 1, ""gbif"": 1}","{""base"": 2}",1,2,25,0.08,OCCURRENCE_PROBABLE,,CATALOG_ONLY,,NO_VISUAL_DATA,0,0,False
COL_ANURA_0172,Pristimantis unistrigatus,Pristimantis unistrigatus,Craugastoridae,Pristimantis,unistrigatus,"(Günther, 1859) ",ACCEPTED,2425738,Pristimantis unistrigatus,10,"{""gbif"": 10}","{""base"": 10}",1,11,140,0.0786,OCCURRENCE_CONFIRMED,,CATALOG_ONLY,,NO_VISUAL_DATA,0,0,False
COL_ANURA_0173,Pristimantis uranobates,Pristimantis uranobates,Craugastoridae,Pristimantis,uranobates,"(Lynch, 1991) ",ACCEPTED,2425718,Pristimantis uranobates,49,"{""inaturalist"": 4, ""gbif"": 45}","{""base"": 49}",9,123,971,0.1267,OCCURRENCE_CONFIRMED,,CATALOG_ONLY,,NO_VISUAL_DATA,0,0,False
COL_ANURA_0174,Pristimantis veletis,Pristimantis veletis,Craugastoridae,Pristimantis,veletis,"(Lynch & Rueda-Almonacid, 1997) ",ACCEPTED,2425655,Pristimantis veletis,2,"{""inaturalist"": 2}","{""base"": 2}",1,3,22,0.1364,OCCURRENCE_PROBABLE,,CATALOG_ONLY,,NO_VISUAL_DATA,0,0,False
COL_ANURA_0175,Pristimantis vertebralis,Pristimantis vertebralis,Craugastoridae,Pristimantis,vertebralis,"(Boulenger, 1886) ",ACCEPTED,2425516,Pristimantis vertebralis,3,"{""gbif"": 3}","{""complemento_faceta"": 3}",3,3,4,0.75,OCCURRENCE_PROBABLE,,CATALOG_ONLY,,NO_VISUAL_DATA,0,0,False
COL_ANURA_0176,Pristimantis viejas,Pristimantis viejas,Craugastoridae,Pristimantis,viejas,"(Lynch & Rueda-Almonacid, 1999) ",ACCEPTED,2425468,Pristimantis viejas,125,"{""inaturalist"": 21, ""gbif"": 104}","{""base"": 125}",12,527,692,0.7616,OCCURRENCE_CONFIRMED,,CATALOG_ONLY,,NO_VISUAL_DATA,0,0,False
COL_ANURA_0177,Pristimantis viridis,Pristimantis viridis,Craugastoridae,Pristimantis,viridis,"(Ruiz-Carranza, Lynch & Ardila-Robayo, 1997) ",ACCEPTED,2425367,Pristimantis viridis,19,"{""gbif"": 19}","{""base"": 19}",2,28,33,0.8485,OCCURRENCE_CONFIRMED,,CATALOG_ONLY,,NO_VISUAL_DATA,0,0,False
COL_ANURA_0178,Pristimantis w-nigrum,Pristimantis w-nigrum,Craugastoridae,Pristimantis,w-nigrum,"(Boettger, 1892) ",ACCEPTED,2425342,Pristimantis w-nigrum,105,"{""inaturalist"": 6, ""gbif"": 99}","{""base"": 105}",18,256,1375,0.1862,OCCURRENCE_CONFIRMED,,CATALOG_ONLY,,NO_VISUAL_DATA,0,0,False
COL_ANURA_0179,Pristimantis zophus,Pristimantis zophus,Craugastoridae,Pristimantis,zophus,"(Lynch & Ardila-Robayo, 1999) ",ACCEPTED,2425051,Pristimantis zophus,151,"{""inaturalist"": 8, ""gbif"": 143}","{""base"": 151}",5,166,196,0.8469,OCCURRENCE_CONFIRMED,,CATALOG_ONLY,,NO_VISUAL_DATA,0,0,False
COL_ANURA_0180,Pristimantis zorro,Pristimantis zorro,Craugastoridae,Pristimantis,zorro,"Rivera-Correa & Daza, 2020",ACCEPTED,10810319,Pristimantis zorro,10,"{""inaturalist"": 7, ""gbif"": 3}","{""base"": 10}",5,9,9,1.0,OCCURRENCE_CONFIRMED,,CATALOG_ONLY,,NO_VISUAL_DATA,0,0,False
COL_ANURA_0181,Strabomantis biporcatus,Strabomantis biporcatus,Craugastoridae,Strabomantis,biporcatus,"Peters, 1863",ACCEPTED,2425968,Strabomantis biporcatus,1,"{""gbif"": 1}","{""base"": 1}",1,3,20,0.15,OCCURRENCE_MARGINAL,,CATALOG_ONLY,,NO_VISUAL_DATA,0,0,False
COL_ANURA_0182,Strabomantis bufoniformis,Strabomantis bufoniformis,Craugastoridae,Strabomantis,bufoniformis,"(Boulenger, 1896) ",ACCEPTED,2425982,Strabomantis bufoniformis,31,"{""gbif"": 31}","{""base"": 31}",4,38,83,0.4578,OCCURRENCE_CONFIRMED,,CATALOG_ONLY,,NO_VISUAL_DATA,0,0,False
COL_ANURA_0183,Strabomantis cerastes,Strabomantis cerastes,Craugastoridae,Strabomantis,cerastes,"(Lynch, 1975) ",ACCEPTED,2425974,Strabomantis cerastes,7,"{""gbif"": 7}","{""base"": 7}",2,20,45,0.4444,OCCURRENCE_CONFIRMED,,CATALOG_ONLY,,NO_VISUAL_DATA,0,0,False
COL_ANURA_0184,Strabomantis cheiroplethus,Strabomantis cheiroplethus,Craugastoridae,Strabomantis,cheiroplethus,"(Lynch, 1990) ",ACCEPTED,2425984,Strabomantis cheiroplethus,1,"{""gbif"": 1}","{""complemento_faceta"": 1}",1,1,3,0.3333,OCCURRENCE_MARGINAL,,CATALOG_ONLY,,NO_VISUAL_DATA,0,0,False
COL_ANURA_0185,Strabomantis necopinus,Strabomantis necopinus,Craugastoridae,Strabomantis,necopinus,"(Lynch, 1997) ",ACCEPTED,2425976,Strabomantis necopinus,2,"{""inaturalist"": 1, ""gbif"": 1}","{""base"": 2}",2,10,24,0.4167,OCCURRENCE_PROBABLE,,CATALOG_ONLY,,NO_VISUAL_DATA,0,0,False
COL_ANURA_0186,Strabomantis ruizi,Strabomantis ruizi,Craugastoridae,Strabomantis,ruizi,"(Lynch, 1981) ",ACCEPTED,2425940,Strabomantis ruizi,2,"{""gbif"": 2}","{""base"": 2}",1,2,59,0.0339,OCCURRENCE_PROBABLE,EPITHET_SHARED_ACROSS_GENERA,CATALOG_ONLY,,NO_VISUAL_DATA,0,0,False
COL_ANURA_0187,Strabomantis zygodactylus,Strabomantis zygodactylus,Craugastoridae,Strabomantis,zygodactylus,"(Lynch & Myers, 1983) ",ACCEPTED,2425978,Strabomantis zygodactylus,26,"{""gbif"": 26}","{""base"": 26}",3,26,107,0.243,OCCURRENCE_CONFIRMED,,CATALOG_ONLY,,NO_VISUAL_DATA,0,0,False
COL_ANURA_0188,Andinobates bombetes,Andinobates bombetes,Dendrobatidae,Andinobates,bombetes,"(Myers & Daly, 1980) ",ACCEPTED,7393394,Andinobates bombetes,1,"{""gbif"": 1}","{""base"": 1}",1,1,583,0.0017,OCCURRENCE_MARGINAL,DOUBTFUL_OCCURRENCE,CATALOG_ONLY,,NO_VISUAL_DATA,0,0,False
COL_ANURA_0189,Andinobates cassidyhornae,Andinobates cassidyhornae,Dendrobatidae,Andinobates,cassidyhornae,"Amézquita, Márquez, Mejía-Vargas, Kahn, Suárez & Mazariegos, 2013",ACCEPTED,8213814,Andinobates cassidyhornae,14,"{""inaturalist"": 10, ""gbif"": 4}","{""base"": 14}",6,12,24,0.5,OCCURRENCE_CONFIRMED,,CATALOG_ONLY,,NO_VISUAL_DATA,0,0,False
COL_ANURA_0190,Andinobates daleswansoni,Andinobates daleswansoni,Dendrobatidae,Andinobates,daleswansoni,"(Rueda-Almonacid, Rada, Sánchez-Pacheco, Velásquez-Álvarez & Quevedo-Gil, 2006) ",ACCEPTED,7536992,Andinobates daleswansoni,0,{},{},0,4,71,0.0563,UNVERIFIED_PRESENCE,FACET_ONLY_NO_VALID_RECORD; PRESENCE_ARTIFACT_LIKELY,CATALOG_ONLY,,NO_VISUAL_DATA,0,0,False
COL_ANURA_0191,Andinobates fulguritus,Andinobates fulguritus,Dendrobatidae,Andinobates,fulguritus,"(Silverstone, 1975) ",ACCEPTED,8164058,Andinobates fulguritus,14,"{""inaturalist"": 13, ""gbif"": 1}","{""base"": 14}",3,13,144,0.0903,OCCURRENCE_CONFIRMED,,CATALOG_ONLY,,NO_VISUAL_DATA,0,0,False
COL_ANURA_0192,Andinobates opisthomelas,Andinobates opisthomelas,Dendrobatidae,Andinobates,opisthomelas,"(Boulenger, 1899) ",ACCEPTED,7773159,Andinobates opisthomelas,361,"{""inaturalist"": 218, ""gbif"": 143}","{""base"": 361}",24,457,476,0.9601,OCCURRENCE_CONFIRMED,,CATALOG_ONLY,,NO_VISUAL_DATA,0,0,False
COL_ANURA_0193,Andinobates victimatus,Andinobates victimatus,Dendrobatidae,Andinobates,victimatus,"Márquez, Mejía-Vargas, Palacios-Rodríguez, Ramírez-Castañeda & Amézquita, 2017",ACCEPTED,9331187,Andinobates victimatus,30,"{""inaturalist"": 28, ""gbif"": 2}","{""base"": 30}",8,19,24,0.7917,OCCURRENCE_CONFIRMED,,CATALOG_ONLY,,NO_VISUAL_DATA,0,0,False
COL_ANURA_0194,Colostethus dysprosium,Colostethus dysprosium,Dendrobatidae,Colostethus,dysprosium,"Rivero & Serna, 2000",ACCEPTED,2428983,Colostethus dysprosium; Leucostethus dysprosium,5,"{""inaturalist"": 1, ""gbif"": 4}","{""base"": 5}",2,5,5,1.0,OCCURRENCE_CONFIRMED,SYNONYMS_MERGED,CATALOG_ONLY,,NO_VISUAL_DATA,0,0,False
COL_ANURA_0195,Colostethus imbricolus,Colostethus imbricolus,Dendrobatidae,Colostethus,imbricolus,"Silverstone, 1975",ACCEPTED,2428978,Colostethus imbricolus,21,"{""inaturalist"": 5, ""gbif"": 16}","{""base"": 21}",4,16,40,0.4,OCCURRENCE_CONFIRMED,,CATALOG_ONLY,,NO_VISUAL_DATA,0,0,False
COL_ANURA_0196,Colostethus inguinalis,Colostethus inguinalis,Dendrobatidae,Colostethus,inguinalis,"(Cope, 1868) ",ACCEPTED,2428973,Colostethus inguinalis,75,"{""inaturalist"": 22, ""gbif"": 53}","{""base"": 75}",17,87,314,0.2771,OCCURRENCE_CONFIRMED,,CATALOG_ONLY,,NO_VISUAL_DATA,0,0,False
COL_ANURA_0197,Colostethus latinasus,Colostethus latinasus,Dendrobatidae,Colostethus,latinasus,"(Cope, 1863) ",ACCEPTED,2428982,Colostethus latinasus,2,"{""gbif"": 2}","{""base"": 2}",2,2,68,0.0294,OCCURRENCE_PROBABLE,DOUBTFUL_OCCURRENCE,CATALOG_ONLY,,NO_VISUAL_DATA,0,0,False
COL_ANURA_0198,Colostethus pratti,Colostethus pratti,Dendrobatidae,Colostethus,pratti,"(Boulenger, 1899) ",ACCEPTED,2428987,Colostethus pratti,37,"{""inaturalist"": 7, ""gbif"": 30}","{""base"": 37}",8,84,111,0.7568,OCCURRENCE_CONFIRMED,,CATALOG_ONLY,,NO_VISUAL_DATA,0,0,False
COL_ANURA_0199,Colostethus thorntoni,Colostethus thorntoni,Dendrobatidae,Colostethus,thorntoni,"(Cochran & Goin, 1970) ",ACCEPTED,2428975,Colostethus thorntoni,5,"{""gbif"": 5}","{""base"": 5}",1,5,7,0.7143,OCCURRENCE_CONFIRMED,,CATALOG_ONLY,,NO_VISUAL_DATA,0,0,False
COL_ANURA_0200,Colostethus yaguara,Colostethus yaguara,Dendrobatidae,Colostethus,yaguara,"Rivero & Serna, 1991",ACCEPTED,2428976,Colostethus yaguara,9,"{""gbif"": 9}","{""complemento_faceta"": 9}",1,9,9,1.0,OCCURRENCE_CONFIRMED,,CATALOG_ONLY,,NO_VISUAL_DATA,0,0,False
COL_ANURA_0201,Dendrobates auratus,Dendrobates auratus,Dendrobatidae,Dendrobates,auratus,"(Girard, 1855) ",ACCEPTED,5218022,Dendrobates auratus,3,"{""inaturalist"": 3}","{""base"": 3}",2,4,207,0.0193,OCCURRENCE_PROBABLE,DOUBTFUL_OCCURRENCE,CATALOG_ONLY,,NO_VISUAL_DATA,0,0,False
COL_ANURA_0202,Dendrobates tinctorius,Dendrobates tinctorius,Dendrobatidae,Dendrobates,tinctorius,"(Cuvier, 1797) ",ACCEPTED,9724339,Dendrobates tinctorius,1,"{""gbif"": 1}","{""base"": 1}",1,1,8,0.125,OCCURRENCE_MARGINAL,,CATALOG_ONLY,,NO_VISUAL_DATA,0,0,False
COL_ANURA_0203,Ectopoglossus atopoglossus,Ectopoglossus atopoglossus,Dendrobatidae,Ectopoglossus,atopoglossus,"(Grant, Humphrey & Myers, 1997) ",ACCEPTED,10845498,Ectopoglossus atopoglossus,1,"{""gbif"": 1}","{""complemento_faceta"": 1}",1,1,9,0.1111,OCCURRENCE_MARGINAL,,CATALOG_ONLY,,NO_VISUAL_DATA,0,0,False
COL_ANURA_0204,Ectopoglossus saxatilis,Ectopoglossus saxatilis,Dendrobatidae,Ectopoglossus,saxatilis,"Grant, Rada, Anganoy-Criollo, Batista, Dias, Jeckel, Machado & Rueda-Almonacid, 2017",ACCEPTED,10711265,Ectopoglossus saxatilis,1,"{""inaturalist"": 1}","{""base"": 1}",1,0,4,0.0,OCCURRENCE_MARGINAL,,CATALOG_ONLY,,NO_VISUAL_DATA,0,0,False
COL_ANURA_0205,Hyloxalus abditaurantius,Hyloxalus abditaurantius,Dendrobatidae,Hyloxalus,abditaurantius,"(Silverstone, 1975) ",ACCEPTED,2429175,Hyloxalus abditaurantius,5,"{""gbif"": 5}","{""base"": 5}",3,37,120,0.3083,OCCURRENCE_CONFIRMED,,CATALOG_ONLY,,NO_VISUAL_DATA,0,0,False
COL_ANURA_0206,Hyloxalus bocagei,Hyloxalus bocagei,Dendrobatidae,Hyloxalus,bocagei,"Jiménez de la Espada, 1870",ACCEPTED,2429163,Hyloxalus bocagei,1,"{""gbif"": 1}","{""base"": 1}",1,1,31,0.0323,OCCURRENCE_MARGINAL,,CATALOG_ONLY,,NO_VISUAL_DATA,0,0,False
COL_ANURA_0207,Hyloxalus chocoensis,Hyloxalus chocoensis,Dendrobatidae,Hyloxalus,chocoensis,"Boulenger, 1912",ACCEPTED,2429169,Hyloxalus chocoensis,1,"{""gbif"": 1}","{""base"": 1}",1,1,1,1.0,OCCURRENCE_MARGINAL,SINGLE_NATIONAL_RECORD,CATALOG_ONLY,,NO_VISUAL_DATA,0,0,False
COL_ANURA_0208,Hyloxalus delatorreae,Hyloxalus delatorreae,Dendrobatidae,Hyloxalus,delatorreae,"(Coloma, 1995) ",ACCEPTED,2429264,Hyloxalus delatorreae,2,"{""gbif"": 2}","{""base"": 2}",1,2,2,1.0,OCCURRENCE_PROBABLE,SINGLE_NATIONAL_RECORD,CATALOG_ONLY,,NO_VISUAL_DATA,0,0,False
COL_ANURA_0209,Hyloxalus excisus,Hyloxalus excisus,Dendrobatidae,Hyloxalus,excisus,"(Rivero & Serna, 2000) ",ACCEPTED,2429177,Hyloxalus excisus,1,"{""gbif"": 1}","{""complemento_faceta"": 1}",1,1,1,1.0,OCCURRENCE_MARGINAL,SINGLE_NATIONAL_RECORD,CATALOG_ONLY,,NO_VISUAL_DATA,0,0,False
COL_ANURA_0210,Hyloxalus lehmanni,Hyloxalus lehmanni,Dendrobatidae,Hyloxalus,lehmanni,"(Silverstone, 1971) ",ACCEPTED,2429248,Hyloxalus lehmanni,8,"{""inaturalist"": 1, ""gbif"": 7}","{""base"": 8}",3,20,105,0.1905,OCCURRENCE_CONFIRMED,,CATALOG_ONLY,,NO_VISUAL_DATA,0,0,False
COL_ANURA_0211,Hyloxalus ramosi,Hyloxalus ramosi,Dendrobatidae,Hyloxalus,ramosi,"(Silverstone, 1971) ",ACCEPTED,2429215,Hyloxalus ramosi,1,"{""inaturalist"": 1}","{""base"": 1}",1,71,84,0.8452,OCCURRENCE_MARGINAL,,CATALOG_ONLY,,NO_VISUAL_DATA,0,0,False
COL_ANURA_0212,Hyloxalus subpunctatus,Hyloxalus subpunctatus,Dendrobatidae,Hyloxalus,subpunctatus,"(Cope, 1899) ",ACCEPTED,2429181,Hyloxalus subpunctatus,3,"{""gbif"": 3}","{""base"": 3}",2,17,840,0.0202,OCCURRENCE_PROBABLE,DOUBTFUL_OCCURRENCE,CATALOG_ONLY,,NO_VISUAL_DATA,0,0,False
COL_ANURA_0213,Hyloxalus vergeli,Hyloxalus vergeli,Dendrobatidae,Hyloxalus,vergeli,"Hellmich, 1940",ACCEPTED,2429227,Hyloxalus vergeli,1,"{""gbif"": 1}","{""complemento_faceta"": 1}",1,1,282,0.0035,OCCURRENCE_MARGINAL,DOUBTFUL_OCCURRENCE,CATALOG_ONLY,,NO_VISUAL_DATA,0,0,False
COL_ANURA_0214,Leucostethus brachistriatus,Leucostethus brachistriatus,Dendrobatidae,Leucostethus,brachistriatus,"(Rivero & Serna, 1986) ",ACCEPTED,10702577,Leucostethus brachistriatus,10,"{""gbif"": 10}","{""base"": 10}",1,10,190,0.0526,OCCURRENCE_CONFIRMED,,CATALOG_ONLY,,NO_VISUAL_DATA,0,0,False
COL_ANURA_0215,Leucostethus fraterdanieli,Leucostethus fraterdanieli,Dendrobatidae,Leucostethus,fraterdanieli,"(Silverstone, 1971) ",ACCEPTED,10678845,Leucostethus fraterdanieli,332,"{""inaturalist"": 110, ""gbif"": 222}","{""base"": 332}",28,863,1418,0.6086,OCCURRENCE_CONFIRMED,,CATALOG_ONLY,,NO_VISUAL_DATA,0,0,False
COL_ANURA_0216,Leucostethus jota,Leucostethus jota,Dendrobatidae,Leucostethus,jota,"Marín-Castaño, Molina-Zuluaga & Restrepo, 2018",ACCEPTED,10627543,Leucostethus jota,4,"{""inaturalist"": 4}","{""base"": 4}",3,4,4,1.0,OCCURRENCE_PROBABLE,,CATALOG_ONLY,,NO_VISUAL_DATA,0,0,False
COL_ANURA_0217,Leucostethus ramirezi,Leucostethus ramirezi,Dendrobatidae,Leucostethus,ramirezi,"(Rivero & Serna, 2000) ",ACCEPTED,10704401,Leucostethus ramirezi,1,"{""inaturalist"": 1}","{""base"": 1}",1,5,11,0.4545,OCCURRENCE_MARGINAL,EPITHET_SHARED_ACROSS_GENERA,CATALOG_ONLY,,NO_VISUAL_DATA,0,0,False
COL_ANURA_0218,Oophaga andresi,Oophaga andresi,Dendrobatidae,Oophaga,andresi,"Posso-Terranova & Andrés, 2018",ACCEPTED,10041465,Oophaga andresi,1,"{""inaturalist"": 1}","{""base"": 1}",1,3,12,0.25,OCCURRENCE_MARGINAL,,CATALOG_ONLY,,NO_VISUAL_DATA,0,0,False
COL_ANURA_0219,Oophaga histrionica,Oophaga histrionica,Dendrobatidae,Oophaga,histrionica,"(Berthold, 1845) ",ACCEPTED,2429137,Oophaga histrionica,65,"{""gbif"": 65}","{""base"": 65}",3,76,1349,0.0563,OCCURRENCE_CONFIRMED,,CATALOG_ONLY,,NO_VISUAL_DATA,0,0,False
COL_ANURA_0220,Oophaga solanensis,Oophaga solanensis,Dendrobatidae,Oophaga,solanensis,"Posso-Terranova & Andrés, 2018",ACCEPTED,10643110,Oophaga solanensis,4,"{""inaturalist"": 4}","{""base"": 4}",2,2,208,0.0096,OCCURRENCE_PROBABLE,DOUBTFUL_OCCURRENCE,CATALOG_ONLY,,NO_VISUAL_DATA,0,0,False
COL_ANURA_0221,Phyllobates aurotaenia,Phyllobates aurotaenia,Dendrobatidae,Phyllobates,aurotaenia,"(Boulenger, 1913) ",ACCEPTED,5218021,Phyllobates aurotaenia,2,"{""gbif"": 2}","{""base"": 2}",2,2,144,0.0139,OCCURRENCE_PROBABLE,DOUBTFUL_OCCURRENCE,CATALOG_ONLY,,NO_VISUAL_DATA,0,0,False
COL_ANURA_0222,Phyllobates terribilis,Phyllobates terribilis,Dendrobatidae,Phyllobates,terribilis,"Myers, Daly & Malkin, 1978",ACCEPTED,5218020,Phyllobates terribilis,1,"{""inaturalist"": 1}","{""base"": 1}",1,1,342,0.0029,OCCURRENCE_MARGINAL,DOUBTFUL_OCCURRENCE,CATALOG_ONLY,,NO_VISUAL_DATA,0,0,False
COL_ANURA_0223,Silverstoneia erasmios,Silverstoneia erasmios,Dendrobatidae,Silverstoneia,erasmios,"(Rivero & Serna, 2000) ",ACCEPTED,2429062,Silverstoneia erasmios,18,"{""inaturalist"": 13, ""gbif"": 5}","{""base"": 18}",5,17,31,0.5484,OCCURRENCE_CONFIRMED,,CATALOG_ONLY,,NO_VISUAL_DATA,0,0,False
COL_ANURA_0224,Silverstoneia minutissima,Silverstoneia minutissima,Dendrobatidae,Silverstoneia,minutissima,"Grant & Myers, 2013",ACCEPTED,10801353,Silverstoneia minutissima,3,"{""gbif"": 3}","{""base"": 3}",1,3,5,0.6,OCCURRENCE_PROBABLE,,CATALOG_ONLY,,NO_VISUAL_DATA,0,0,False
COL_ANURA_0225,Silverstoneia nubicola,Silverstoneia nubicola,Dendrobatidae,Silverstoneia,nubicola,"(Dunn, 1924) ",ACCEPTED,2429060,Silverstoneia nubicola,6,"{""gbif"": 6}","{""base"": 6}",3,9,191,0.0471,OCCURRENCE_CONFIRMED,,CATALOG_ONLY,,NO_VISUAL_DATA,0,0,False
COL_ANURA_0226,Hoplobatrachus tigerinus,Hoplobatrachus tigerinus,Dicroglossidae,Hoplobatrachus,tigerinus,"(Daudin, 1802) ",ACCEPTED,2430380,Hoplobatrachus tigerinus,1,"{""gbif"": 1}","{""complemento_faceta"": 1}",1,1,1,1.0,OCCURRENCE_MARGINAL,SINGLE_NATIONAL_RECORD,CATALOG_ONLY,,NO_VISUAL_DATA,0,0,False
COL_ANURA_0227,Diasporus anthrax,Diasporus anthrax,Eleutherodactylidae,Diasporus,anthrax,"(Lynch, 2001) ",ACCEPTED,2424016,Diasporus anthrax,33,"{""inaturalist"": 17, ""gbif"": 16}","{""base"": 33}",12,36,108,0.3333,OCCURRENCE_CONFIRMED,,CATALOG_ONLY,,NO_VISUAL_DATA,0,0,False
COL_ANURA_0228,Diasporus diastema,Diasporus diastema,Eleutherodactylidae,Diasporus,diastema,"(Cope, 1875) ",ACCEPTED,2424012,Diasporus diastema,3,"{""gbif"": 3}","{""complemento_faceta"": 3}",3,3,5,0.6,OCCURRENCE_PROBABLE,,CATALOG_ONLY,,NO_VISUAL_DATA,0,0,False
COL_ANURA_0229,Diasporus gularis,Diasporus gularis,Eleutherodactylidae,Diasporus,gularis,"(Boulenger, 1898) ",ACCEPTED,2424022,Diasporus gularis,35,"{""inaturalist"": 6, ""gbif"": 29}","{""base"": 35}",12,8837,9055,0.9759,OCCURRENCE_CONFIRMED,,CATALOG_ONLY,,NO_VISUAL_DATA,0,0,False
COL_ANURA_0230,Diasporus quidditus,Diasporus quidditus,Eleutherodactylidae,Diasporus,quidditus,"(Lynch, 2001) ",ACCEPTED,2424020,Diasporus quidditus,2,"{""gbif"": 2}","{""base"": 2}",2,2,18,0.1111,OCCURRENCE_PROBABLE,,CATALOG_ONLY,,NO_VISUAL_DATA,0,0,False
COL_ANURA_0231,Diasporus tinker,Diasporus tinker,Eleutherodactylidae,Diasporus,tinker,"(Lynch, 2001) ",ACCEPTED,2424008,Diasporus tinker,1,"{""gbif"": 1}","{""base"": 1}",1,1,261,0.0038,OCCURRENCE_MARGINAL,DOUBTFUL_OCCURRENCE,CATALOG_ONLY,,NO_VISUAL_DATA,0,0,False
COL_ANURA_0232,Eleutherodactylus emiliae,Eleutherodactylus emiliae,Eleutherodactylidae,Eleutherodactylus,emiliae,"Dunn, 1926",ACCEPTED,2424200,Eleutherodactylus emiliae,6,"{""gbif"": 6}","{""base"": 6}",4,20,35,0.5714,OCCURRENCE_CONFIRMED,,CATALOG_ONLY,,NO_VISUAL_DATA,0,0,False
COL_ANURA_0233,Eleutherodactylus johnstonei,Eleutherodactylus johnstonei,Eleutherodactylidae,Eleutherodactylus,johnstonei,"Barbour, 1914",ACCEPTED,2424120,Eleutherodactylus johnstonei,21,"{""inaturalist"": 21}","{""base"": 21}",1,75,1382,0.0543,OCCURRENCE_CONFIRMED,,CATALOG_ONLY,,NO_VISUAL_DATA,0,0,False
COL_ANURA_0234,Cryptobatrachus fuhrmanni,Cryptobatrachus fuhrmanni,Hemiphractidae,Cryptobatrachus,fuhrmanni,"(Peracca, 1914) ",ACCEPTED,2430106,Cryptobatrachus fuhrmanni,58,"{""inaturalist"": 4, ""gbif"": 54}","{""base"": 58}",6,79,140,0.5643,OCCURRENCE_CONFIRMED,,CATALOG_ONLY,,NO_VISUAL_DATA,0,0,False
COL_ANURA_0235,Gastrotheca antomia,Gastrotheca antomia,Hemiphractidae,Gastrotheca,antomia,"Ruiz-Carranza, Ardila-Robayo, Lynch & Restrepo-Toro, 1997",ACCEPTED,5218196,Gastrotheca antomia,4,"{""gbif"": 4}","{""base"": 4}",3,4,18,0.2222,OCCURRENCE_PROBABLE,,CATALOG_ONLY,,NO_VISUAL_DATA,0,0,False
COL_ANURA_0236,Gastrotheca argenteovirens,Gastrotheca argenteovirens,Hemiphractidae,Gastrotheca,argenteovirens,"(Boettger, 1892) ",ACCEPTED,5218189,Gastrotheca argenteovirens,6,"{""gbif"": 6}","{""base"": 6}",2,8,27,0.2963,OCCURRENCE_CONFIRMED,,CATALOG_ONLY,,NO_VISUAL_DATA,0,0,False
COL_ANURA_0237,Gastrotheca bufona,Gastrotheca bufona,Hemiphractidae,Gastrotheca,bufona,"Cochran & Goin, 1970",ACCEPTED,5218174,Gastrotheca bufona,1,"{""gbif"": 1}","{""base"": 1}",1,3,8,0.375,OCCURRENCE_MARGINAL,,CATALOG_ONLY,,NO_VISUAL_DATA,0,0,False
COL_ANURA_0238,Gastrotheca dendronastes,Gastrotheca dendronastes,Hemiphractidae,Gastrotheca,dendronastes,"Duellman, 1983",ACCEPTED,5218150,Gastrotheca dendronastes,14,"{""inaturalist"": 1, ""gbif"": 13}","{""base"": 14}",3,14,61,0.2295,OCCURRENCE_CONFIRMED,,CATALOG_ONLY,,NO_VISUAL_DATA,0,0,False
COL_ANURA_0239,Gastrotheca dunni,Gastrotheca dunni,Hemiphractidae,Gastrotheca,dunni,"Lutz, 1977",ACCEPTED,5218202,Gastrotheca dunni,38,"{""inaturalist"": 19, ""gbif"": 19}","{""base"": 38}",5,59,60,0.9833,OCCURRENCE_CONFIRMED,,CATALOG_ONLY,,NO_VISUAL_DATA,0,0,False
COL_ANURA_0240,Gastrotheca guentheri,Gastrotheca guentheri,Hemiphractidae,Gastrotheca,guentheri,"(Boulenger, 1882) ",ACCEPTED,5218159,Gastrotheca guentheri,2,"{""gbif"": 2}","{""base"": 2}",2,3,3,1.0,OCCURRENCE_PROBABLE,,CATALOG_ONLY,,NO_VISUAL_DATA,0,0,False
COL_ANURA_0241,Gastrotheca nicefori,Gastrotheca nicefori,Hemiphractidae,Gastrotheca,nicefori,"Gaige, 1933",ACCEPTED,5218187,Gastrotheca nicefori,56,"{""inaturalist"": 22, ""gbif"": 34}","{""base"": 56}",12,62,108,0.5741,OCCURRENCE_CONFIRMED,EPITHET_SHARED_ACROSS_GENERA,CATALOG_ONLY,,NO_VISUAL_DATA,0,0,False
COL_ANURA_0242,Hemiphractus fasciatus,Hemiphractus fasciatus,Hemiphractidae,Hemiphractus,fasciatus,"Peters, 1862",ACCEPTED,2429980,Hemiphractus fasciatus,1,"{""gbif"": 1}","{""base"": 1}",1,6,6,1.0,OCCURRENCE_MARGINAL,,CATALOG_ONLY,,NO_VISUAL_DATA,0,0,False
COL_ANURA_0243,Acris crepitans,Acris crepitans,Hylidae,Acris,crepitans,"Baird, 1854",ACCEPTED,2427616,Acris crepitans,1,"{""gbif"": 1}","{""base"": 1}",1,1,1,1.0,OCCURRENCE_MARGINAL,SINGLE_NATIONAL_RECORD; EPITHET_SHARED_ACROSS_GENERA,CATALOG_ONLY,,NO_VISUAL_DATA,0,0,False
COL_ANURA_0244,Boana albomarginata,Boana albomarginata,Hylidae,Boana,albomarginata,"(Spix, 1824) ",ACCEPTED,10782364,Boana albomarginata,1,"{""gbif"": 1}","{""complemento_faceta"": 1}",1,1,2,0.5,OCCURRENCE_MARGINAL,SINGLE_NATIONAL_RECORD,CATALOG_ONLY,,NO_VISUAL_DATA,0,0,False
COL_ANURA_0245,Boana crepitans,Boana crepitans,Hylidae,Boana,crepitans,"(Wied-Neuwied, 1824) ",ACCEPTED,10697747,Boana crepitans,31,"{""gbif"": 31}","{""base"": 31}",11,99,1430,0.0692,OCCURRENCE_CONFIRMED,EPITHET_SHARED_ACROSS_GENERA,CATALOG_ONLY,,NO_VISUAL_DATA,0,0,False
COL_ANURA_0246,Boana pellucens,Boana pellucens,Hylidae,Boana,pellucens,"(Werner, 1901) ",ACCEPTED,10834971,Boana pellucens,3,"{""gbif"": 3}","{""base"": 3}",2,3,6,0.5,OCCURRENCE_PROBABLE,,CATALOG_ONLY,,NO_VISUAL_DATA,0,0,False
COL_ANURA_0247,Boana picturata,Boana picturata,Hylidae,Boana,picturata,"(Boulenger, 1899) ",ACCEPTED,10876427,Boana picturata,33,"{""gbif"": 33}","{""base"": 33}",1,33,108,0.3056,OCCURRENCE_CONFIRMED,,CATALOG_ONLY,,NO_VISUAL_DATA,0,0,False
COL_ANURA_0248,Boana rubracyla,Boana rubracyla,Hylidae,Boana,rubracyla,"(Cochran & Goin, 1970) ",ACCEPTED,10848485,Boana rubracyla,34,"{""gbif"": 34}","{""base"": 34}",4,34,107,0.3178,OCCURRENCE_CONFIRMED,,CATALOG_ONLY,,NO_VISUAL_DATA,0,0,False
COL_ANURA_0249,Boana rufitela,Boana rufitela,Hylidae,Boana,rufitela,"(Fouquette, 1961) ",ACCEPTED,10883886,Boana rufitela,9,"{""inaturalist"": 9}","{""base"": 9}",4,8,54,0.1481,OCCURRENCE_CONFIRMED,,CATALOG_ONLY,,NO_VISUAL_DATA,0,0,False
COL_ANURA_0250,Dendropsophus carnifex,Dendropsophus carnifex,Hylidae,Dendropsophus,carnifex,"(Duellman, 1969) ",ACCEPTED,2428500,Dendropsophus carnifex,14,"{""gbif"": 14}","{""base"": 14}",5,284,284,1.0,OCCURRENCE_CONFIRMED,,CATALOG_ONLY,,NO_VISUAL_DATA,0,0,False
COL_ANURA_0251,Dendropsophus phlebodes,Dendropsophus phlebodes,Hylidae,Dendropsophus,phlebodes,"(Stejneger, 1906) ",ACCEPTED,2428571,Dendropsophus phlebodes,70,"{""inaturalist"": 2, ""gbif"": 68}","{""base"": 70}",5,709,1007,0.7041,OCCURRENCE_CONFIRMED,,CATALOG_ONLY,,NO_VISUAL_DATA,0,0,False
COL_ANURA_0252,Dendropsophus subocularis,Dendropsophus subocularis,Hylidae,Dendropsophus,subocularis,"(Dunn, 1934) ",ACCEPTED,2428477,Dendropsophus subocularis,11,"{""inaturalist"": 7, ""gbif"": 4}","{""base"": 11}",7,35,114,0.307,OCCURRENCE_CONFIRMED,,CATALOG_ONLY,,NO_VISUAL_DATA,0,0,False
COL_ANURA_0253,Ecnomiohyla phantasmagoria,Ecnomiohyla phantasmagoria,Hylidae,Ecnomiohyla,phantasmagoria,"(Dunn, 1943) ",ACCEPTED,2428655,Ecnomiohyla phantasmagoria,1,"{""gbif"": 1}","{""complemento_faceta"": 1}",1,1,2,0.5,OCCURRENCE_MARGINAL,SINGLE_NATIONAL_RECORD,CATALOG_ONLY,,NO_VISUAL_DATA,0,0,False
COL_ANURA_0254,Hyloscirtus antioquia,Hyloscirtus antioquia,Hylidae,Hyloscirtus,antioquia,"Rivera-Correa & Faivovich, 2013",ACCEPTED,8855870,Hyloscirtus antioquia,93,"{""inaturalist"": 70, ""gbif"": 23}","{""base"": 93}",11,84,84,1.0,OCCURRENCE_CONFIRMED,,CATALOG_ONLY,,NO_VISUAL_DATA,0,0,False
COL_ANURA_0255,Hyloscirtus bogotensis,Hyloscirtus bogotensis,Hylidae,Hyloscirtus,bogotensis,"(Peters, 1882) ",ACCEPTED,2428295,Hyloscirtus bogotensis,27,"{""gbif"": 27}","{""base"": 27}",6,78,178,0.4382,OCCURRENCE_CONFIRMED,EPITHET_SHARED_ACROSS_GENERA,CATALOG_ONLY,,NO_VISUAL_DATA,0,0,False
COL_ANURA_0256,Hyloscirtus colymba,Hyloscirtus colymba,Hylidae,Hyloscirtus,colymba,"(Dunn, 1931) ",ACCEPTED,2428319,Hyloscirtus colymba,36,"{""gbif"": 36}","{""base"": 36}",1,38,97,0.3918,OCCURRENCE_CONFIRMED,,CATALOG_ONLY,,NO_VISUAL_DATA,0,0,False
COL_ANURA_0257,Hyloscirtus larinopygion,Hyloscirtus larinopygion,Hylidae,Hyloscirtus,larinopygion,"(Duellman, 1973) ",ACCEPTED,2428323,Hyloscirtus larinopygion,42,"{""inaturalist"": 11, ""gbif"": 31}","{""base"": 42}",10,60,247,0.2429,OCCURRENCE_CONFIRMED,,CATALOG_ONLY,,NO_VISUAL_DATA,0,0,False
COL_ANURA_0258,Pseudis paradoxa,Pseudis paradoxa,Hylidae,Pseudis,paradoxa,"(Linnaeus, 1758) ",ACCEPTED,2428380,Pseudis paradoxa,3,"{""gbif"": 3}","{""complemento_faceta"": 3}",1,1,557,0.0018,OCCURRENCE_PROBABLE,DOUBTFUL_OCCURRENCE,CATALOG_ONLY,,NO_VISUAL_DATA,0,0,False
COL_ANURA_0259,Scarthyla vigilans,Scarthyla vigilans,Hylidae,Scarthyla,vigilans,"(Solano, 1971) ",ACCEPTED,2427370,Scarthyla vigilans,67,"{""inaturalist"": 13, ""gbif"": 54}","{""base"": 67}",12,2184,3482,0.6272,OCCURRENCE_CONFIRMED,,CATALOG_ONLY,,NO_VISUAL_DATA,0,0,False
COL_ANURA_0260,Scinax boulengeri,Scinax boulengeri,Hylidae,Scinax,boulengeri,"(Cope, 1887) ",ACCEPTED,5217853,Scinax boulengeri,35,"{""inaturalist"": 16, ""gbif"": 19}","{""base"": 35}",8,51,97,0.5258,OCCURRENCE_CONFIRMED,EPITHET_SHARED_ACROSS_GENERA,CATALOG_ONLY,,NO_VISUAL_DATA,0,0,False
COL_ANURA_0261,Scinax caprarius,Scinax caprarius,Hylidae,Scinax,caprarius,"Acosta-Galvis, 2018",ACCEPTED,10427403,Scinax caprarius,59,"{""inaturalist"": 53, ""gbif"": 6}","{""base"": 59}",11,42,65,0.6462,OCCURRENCE_CONFIRMED,,CATALOG_ONLY,,NO_VISUAL_DATA,0,0,False
COL_ANURA_0262,Scinax elaeochroa,Scinax elaeochroa,Hylidae,Scinax,elaeochroa,"(Cope, 1875) ",ACCEPTED,5217897,Scinax elaeochroa,38,"{""inaturalist"": 1, ""gbif"": 37}","{""base"": 38}",3,47,137,0.3431,OCCURRENCE_CONFIRMED,,CATALOG_ONLY,,NO_VISUAL_DATA,0,0,False
COL_ANURA_0263,Scinax rostratus,Scinax rostratus,Hylidae,Scinax,rostratus,"(Peters, 1863) ",ACCEPTED,5217865,Scinax rostratus,99,"{""inaturalist"": 45, ""gbif"": 54}","{""base"": 99}",26,141,1384,0.1019,OCCURRENCE_CONFIRMED,,CATALOG_ONLY,,NO_VISUAL_DATA,0,0,False
COL_ANURA_0264,Scinax sugillatus,Scinax sugillatus,Hylidae,Scinax,sugillatus,"(Duellman, 1973) ",ACCEPTED,5217870,Scinax sugillatus,41,"{""gbif"": 41}","{""base"": 41}",2,41,342,0.1199,OCCURRENCE_CONFIRMED,,CATALOG_ONLY,,NO_VISUAL_DATA,0,0,False
COL_ANURA_0265,Scinax x-signatus,Scinax x-signatus,Hylidae,Scinax,x-signatus,"(Spix, 1824) ",ACCEPTED,5217876,Scinax x-signatus,9,"{""gbif"": 9}","{""base"": 9}",3,41,385,0.1065,OCCURRENCE_CONFIRMED,,CATALOG_ONLY,,NO_VISUAL_DATA,0,0,False
COL_ANURA_0266,Smilisca phaeota,Smilisca phaeota,Hylidae,Smilisca,phaeota,"(Cope, 1862) ",ACCEPTED,2428683,Smilisca phaeota,415,"{""inaturalist"": 255, ""gbif"": 160}","{""base"": 415}",45,836,1707,0.4897,OCCURRENCE_CONFIRMED,,CATALOG_ONLY,,NO_VISUAL_DATA,0,0,False
COL_ANURA_0267,Smilisca sila,Smilisca sila,Hylidae,Smilisca,sila,"Duellman & Trueb, 1966",ACCEPTED,2428688,Smilisca sila,72,"{""inaturalist"": 17, ""gbif"": 55}","{""base"": 72}",15,1049,1077,0.974,OCCURRENCE_CONFIRMED,,CATALOG_ONLY,,NO_VISUAL_DATA,0,0,False
COL_ANURA_0268,Smilisca sordida,Smilisca sordida,Hylidae,Smilisca,sordida,"(Peters, 1863) ",ACCEPTED,2428681,Smilisca sordida,6,"{""gbif"": 6}","{""base"": 6}",1,6,6,1.0,OCCURRENCE_CONFIRMED,,CATALOG_ONLY,,NO_VISUAL_DATA,0,0,False
COL_ANURA_0269,Trachycephalus macrotis,Trachycephalus macrotis,Hylidae,Trachycephalus,macrotis,"(Andersson, 1945) ",ACCEPTED,10732942,Trachycephalus macrotis,41,"{""inaturalist"": 41}","{""base"": 41}",14,28,254,0.1102,OCCURRENCE_CONFIRMED,,CATALOG_ONLY,,NO_VISUAL_DATA,0,0,False
COL_ANURA_0270,Trachycephalus typhonius,Trachycephalus typhonius,Hylidae,Trachycephalus,typhonius,"(Linnaeus, 1758) ",ACCEPTED,9383706,Trachycephalus typhonius,16,"{""gbif"": 16}","{""base"": 16}",5,22,1023,0.0215,OCCURRENCE_CONFIRMED,,CATALOG_ONLY,,NO_VISUAL_DATA,0,0,False
COL_ANURA_0271,Trachycephalus venulosus,Trachycephalus venulosus,Hylidae,Trachycephalus,venulosus,"(Laurenti, 1768) ",ACCEPTED,5217960,Trachycephalus venulosus,1,"{""gbif"": 1}","{""base"": 1}",1,2,34,0.0588,OCCURRENCE_MARGINAL,,CATALOG_ONLY,,NO_VISUAL_DATA,0,0,False
COL_ANURA_0272,Leptodactylus bolivianus,Leptodactylus bolivianus,Leptodactylidae,Leptodactylus,bolivianus,"Boulenger, 1898",ACCEPTED,5217607,Leptodactylus bolivianus,21,"{""gbif"": 21}","{""base"": 21}",9,28,519,0.0539,OCCURRENCE_CONFIRMED,,CATALOG_ONLY,,NO_VISUAL_DATA,0,0,False
COL_ANURA_0273,Leptodactylus fragilis,Leptodactylus fragilis,Leptodactylidae,Leptodactylus,fragilis,"(Brocchi, 1877) ",ACCEPTED,5217587,Leptodactylus fragilis,136,"{""inaturalist"": 42, ""gbif"": 94}","{""base"": 136}",33,337,3620,0.0931,OCCURRENCE_CONFIRMED,,CATALOG_ONLY,,NO_VISUAL_DATA,0,0,False
COL_ANURA_0274,Leptodactylus fuscus,Leptodactylus fuscus,Leptodactylidae,Leptodactylus,fuscus,"(Schneider, 1799) ",ACCEPTED,5217556,Leptodactylus fuscus,157,"{""inaturalist"": 38, ""gbif"": 119}","{""base"": 157}",28,323,7166,0.0451,OCCURRENCE_CONFIRMED,,CATALOG_ONLY,,NO_VISUAL_DATA,0,0,False
COL_ANURA_0275,Leptodactylus insularum,Leptodactylus insularum,Leptodactylidae,Leptodactylus,insularum,"Barbour, 1906",ACCEPTED,5217608,Leptodactylus insularum,138,"{""inaturalist"": 53, ""gbif"": 85}","{""base"": 138}",25,716,3261,0.2196,OCCURRENCE_CONFIRMED,,CATALOG_ONLY,,NO_VISUAL_DATA,0,0,False
COL_ANURA_0276,Leptodactylus melanonotus,Leptodactylus melanonotus,Leptodactylidae,Leptodactylus,melanonotus,"(Hallowell, 1861) ",ACCEPTED,5217525,Leptodactylus melanonotus,4,"{""inaturalist"": 1, ""gbif"": 3}","{""base"": 4}",3,5,50,0.1,OCCURRENCE_PROBABLE,,CATALOG_ONLY,,NO_VISUAL_DATA,0,0,False
COL_ANURA_0277,Leptodactylus mystacinus,Leptodactylus mystacinus,Leptodactylidae,Leptodactylus,mystacinus,"(Burmeister, 1861) ",ACCEPTED,5217574,Leptodactylus mystacinus,1,"{""gbif"": 1}","{""complemento_faceta"": 1}",1,1,181,0.0055,OCCURRENCE_MARGINAL,DOUBTFUL_OCCURRENCE,CATALOG_ONLY,,NO_VISUAL_DATA,0,0,False
COL_ANURA_0278,Leptodactylus pentadactylus,Leptodactylus pentadactylus,Leptodactylidae,Leptodactylus,pentadactylus,"(Laurenti, 1768) ",ACCEPTED,5217498,Leptodactylus pentadactylus,5,"{""gbif"": 5}","{""base"": 5}",3,27,283,0.0954,OCCURRENCE_CONFIRMED,,CATALOG_ONLY,,NO_VISUAL_DATA,0,0,False
COL_ANURA_0279,Leptodactylus poecilochilus,Leptodactylus poecilochilus,Leptodactylidae,Leptodactylus,poecilochilus,"(Cope, 1862) ",ACCEPTED,5217583,Leptodactylus poecilochilus,11,"{""inaturalist"": 11}","{""base"": 11}",4,9,960,0.0094,OCCURRENCE_CONFIRMED,,CATALOG_ONLY,,NO_VISUAL_DATA,0,0,False
COL_ANURA_0280,Leptodactylus rhodomerus,Leptodactylus rhodomerus,Leptodactylidae,Leptodactylus,rhodomerus,"Heyer, 2005",ACCEPTED,5217549,Leptodactylus rhodomerus,2,"{""gbif"": 2}","{""base"": 2}",2,2,82,0.0244,OCCURRENCE_PROBABLE,DOUBTFUL_OCCURRENCE,CATALOG_ONLY,,NO_VISUAL_DATA,0,0,False
COL_ANURA_0281,Leptodactylus savagei,Leptodactylus savagei,Leptodactylidae,Leptodactylus,savagei,"Heyer, 2005",ACCEPTED,5217534,Leptodactylus savagei,52,"{""inaturalist"": 38, ""gbif"": 14}","{""base"": 52}",21,106,527,0.2011,OCCURRENCE_CONFIRMED,EPITHET_SHARED_ACROSS_GENERA,CATALOG_ONLY,,NO_VISUAL_DATA,0,0,False
COL_ANURA_0282,Leptodactylus ventrimaculatus,Leptodactylus ventrimaculatus,Leptodactylidae,Leptodactylus,ventrimaculatus,"Boulenger, 1902",ACCEPTED,5217555,Leptodactylus ventrimaculatus,1,"{""gbif"": 1}","{""base"": 1}",1,1,60,0.0167,OCCURRENCE_MARGINAL,DOUBTFUL_OCCURRENCE,CATALOG_ONLY,,NO_VISUAL_DATA,0,0,False
COL_ANURA_0283,Physalaemus fischeri,Physalaemus fischeri,Leptodactylidae,Physalaemus,fischeri,"(Boulenger, 1890) ",ACCEPTED,2423583,Physalaemus fischeri,1,"{""gbif"": 1}","{""base"": 1}",1,1,1162,0.0009,OCCURRENCE_MARGINAL,DOUBTFUL_OCCURRENCE,CATALOG_ONLY,,NO_VISUAL_DATA,0,0,False
COL_ANURA_0284,Pleurodema brachyops,Pleurodema brachyops,Leptodactylidae,Pleurodema,brachyops,"(Cope, 1869) ",ACCEPTED,2423470,Pleurodema brachyops,11,"{""inaturalist"": 8, ""gbif"": 3}","{""base"": 11}",6,11,2547,0.0043,OCCURRENCE_CONFIRMED,,CATALOG_ONLY,,NO_VISUAL_DATA,0,0,False
COL_ANURA_0285,Pseudopaludicola pusilla,Pseudopaludicola pusilla,Leptodactylidae,Pseudopaludicola,pusilla,"(Ruthven, 1916) ",ACCEPTED,2423515,Pseudopaludicola pusilla,27,"{""inaturalist"": 5, ""gbif"": 22}","{""base"": 27}",7,27,1626,0.0166,OCCURRENCE_CONFIRMED,,CATALOG_ONLY,,NO_VISUAL_DATA,0,0,False
COL_ANURA_0286,Ctenophryne aterrima,Ctenophryne aterrima,Microhylidae,Ctenophryne,aterrima,"(Günther, 1901) ",ACCEPTED,9849293,Ctenophryne aterrima,5,"{""inaturalist"": 1, ""gbif"": 4}","{""base"": 5}",3,7,22,0.3182,OCCURRENCE_CONFIRMED,,CATALOG_ONLY,,NO_VISUAL_DATA,0,0,False
COL_ANURA_0287,Elachistocleis panamensis,Elachistocleis panamensis,Microhylidae,Elachistocleis,panamensis,"(Dunn, Trapido & Evans, 1948) ",ACCEPTED,10695765,Elachistocleis panamensis,9,"{""inaturalist"": 8, ""gbif"": 1}","{""base"": 9}",5,8,414,0.0193,OCCURRENCE_CONFIRMED,,CATALOG_ONLY,,NO_VISUAL_DATA,0,0,False
COL_ANURA_0288,Elachistocleis pearsei,Elachistocleis pearsei,Microhylidae,Elachistocleis,pearsei,"(Ruthven, 1914) ",ACCEPTED,10804271,Elachistocleis pearsei,82,"{""inaturalist"": 34, ""gbif"": 48}","{""base"": 82}",25,138,601,0.2296,OCCURRENCE_CONFIRMED,,CATALOG_ONLY,,NO_VISUAL_DATA,0,0,False
COL_ANURA_0289,Agalychnis buckleyi,Agalychnis buckleyi,Phyllomedusidae,Agalychnis,buckleyi,"(Boulenger, 1882) ",ACCEPTED,10832674,Agalychnis buckleyi,5,"{""gbif"": 5}","{""base"": 5}",1,5,9,0.5556,OCCURRENCE_CONFIRMED,EPITHET_SHARED_ACROSS_GENERA,CATALOG_ONLY,,NO_VISUAL_DATA,0,0,False
COL_ANURA_0290,Agalychnis danieli,Agalychnis danieli,Phyllomedusidae,Agalychnis,danieli,"(Ruiz-Carranza, Hernández-Camacho & Rueda-Almonacid, 1988) ",ACCEPTED,10848419,Agalychnis danieli,1,"{""gbif"": 1}","{""base"": 1}",1,1,1,1.0,OCCURRENCE_MARGINAL,SINGLE_NATIONAL_RECORD,CATALOG_ONLY,,NO_VISUAL_DATA,0,0,False
COL_ANURA_0291,Agalychnis spurrelli,Agalychnis spurrelli,Phyllomedusidae,Agalychnis,spurrelli,"Boulenger, 1913",ACCEPTED,2428192,Agalychnis spurrelli,6,"{""inaturalist"": 5, ""gbif"": 1}","{""base"": 6}",4,4,138,0.029,OCCURRENCE_CONFIRMED,,CATALOG_ONLY,,NO_VISUAL_DATA,0,0,False
COL_ANURA_0292,Agalychnis terranova,Agalychnis terranova,Phyllomedusidae,Agalychnis,terranova,"Rivera-Correa, Duarte-Cubides, Rueda-Almonacid & Daza-R., 2013",ACCEPTED,8623336,Agalychnis terranova,28,"{""inaturalist"": 26, ""gbif"": 2}","{""base"": 28}",11,31,147,0.2109,OCCURRENCE_CONFIRMED,,CATALOG_ONLY,,NO_VISUAL_DATA,0,0,False
COL_ANURA_0293,Callimedusa perinesos,Callimedusa perinesos,Phyllomedusidae,Callimedusa,perinesos,"(Duellman, 1973) ",ACCEPTED,10736342,Callimedusa perinesos,2,"{""gbif"": 2}","{""complemento_faceta"": 2}",2,2,2,1.0,OCCURRENCE_PROBABLE,SINGLE_NATIONAL_RECORD,CATALOG_ONLY,,NO_VISUAL_DATA,0,0,False
COL_ANURA_0294,Phyllomedusa bicolor,Phyllomedusa bicolor,Phyllomedusidae,Phyllomedusa,bicolor,"(Boddaert, 1772) ",ACCEPTED,2427977,Phyllomedusa bicolor,1,"{""inaturalist"": 1}","{""base"": 1}",1,1,63,0.0159,OCCURRENCE_MARGINAL,DOUBTFUL_OCCURRENCE; EPITHET_SHARED_ACROSS_GENERA,CATALOG_ONLY,,NO_VISUAL_DATA,0,0,False
COL_ANURA_0295,Pipa myersi,Pipa myersi,Pipidae,Pipa,myersi,"Trueb, 1984",ACCEPTED,2423967,Pipa myersi,16,"{""inaturalist"": 15, ""gbif"": 1}","{""base"": 16}",6,34,38,0.8947,OCCURRENCE_CONFIRMED,,CATALOG_ONLY,,NO_VISUAL_DATA,0,0,False
COL_ANURA_0296,Lithobates catesbeianus,Lithobates catesbeianus,Ranidae,Lithobates,catesbeianus,"(Shaw, 1802) ",ACCEPTED,2427091,Lithobates catesbeianus,43,"{""inaturalist"": 15, ""gbif"": 28}","{""base"": 43}",5,102,600,0.17,OCCURRENCE_CONFIRMED,,CATALOG_ONLY,,NO_VISUAL_DATA,0,0,False
COL_ANURA_0297,Lithobates palmipes,Lithobates palmipes,Ranidae,Lithobates,palmipes,"(Spix, 1824) ",ACCEPTED,2427080,Lithobates palmipes,3,"{""gbif"": 3}","{""complemento_faceta"": 3}",3,4,459,0.0087,OCCURRENCE_PROBABLE,DOUBTFUL_OCCURRENCE,CATALOG_ONLY,,NO_VISUAL_DATA,0,0,False
COL_ANURA_0298,Lithobates vaillanti,Lithobates vaillanti,Ranidae,Lithobates,vaillanti,"(Brocchi, 1877) ",ACCEPTED,2427082,Lithobates vaillanti,73,"{""inaturalist"": 33, ""gbif"": 40}","{""base"": 73}",30,71,745,0.0953,OCCURRENCE_CONFIRMED,,CATALOG_ONLY,,NO_VISUAL_DATA,0,0,False
COL_ANURA_0299,Pristimantis campesino,Pristimantis campesino,,Pristimantis,campesino,,UNRESOLVED,,Pristimantis campesino,15,"{""inaturalist"": 15}","{""base"": 15}",5,0,0,,OCCURRENCE_CONFIRMED,UNRESOLVED_NAME,CATALOG_ONLY,,NO_VISUAL_DATA,0,0,False
COL_ANURA_0300,Pristimantis cryptopictus,Pristimantis cryptopictus,,Pristimantis,cryptopictus,,UNRESOLVED,,Pristimantis cryptopictus,18,"{""inaturalist"": 18}","{""base"": 18}",8,0,0,,OCCURRENCE_CONFIRMED,UNRESOLVED_NAME,CATALOG_ONLY,,NO_VISUAL_DATA,0,0,False
