input_name,match_type,status,confidence,gbif_usage_key,gbif_species_key,accepted_species,taxon_id
Acris crepitans,EXACT,ACCEPTED,100,2427616,2427616,Acris crepitans,COL_ANURA_0243
Agalychnis buckleyi,EXACT,ACCEPTED,100,10832674,10832674,Agalychnis buckleyi,COL_ANURA_0289
Agalychnis danieli,EXACT,ACCEPTED,100,10848419,10848419,Agalychnis danieli,COL_ANURA_0290
Agalychnis spurrelli,EXACT,ACCEPTED,100,2428192,2428192,Agalychnis spurrelli,COL_ANURA_0291
Agalychnis terranova,EXACT,ACCEPTED,100,8623336,8623336,Agalychnis terranova,COL_ANURA_0292
Allobates brunneus,EXACT,ACCEPTED,100,2426329,2426329,Allobates brunneus,COL_ANURA_0044
Allobates niputidea,EXACT,ACCEPTED,100,2426283,2426283,Allobates niputidea,COL_ANURA_0045
Allobates talamancae,EXACT,ACCEPTED,100,2426296,2426296,Allobates talamancae,COL_ANURA_0046
Andinobates bombetes,EXACT,ACCEPTED,100,7393394,7393394,Andinobates bombetes,COL_ANURA_0188
Andinobates cassidyhornae,EXACT,ACCEPTED,100,8213814,8213814,Andinobates cassidyhornae,COL_ANURA_0189
Andinobates daleswansoni,EXACT,ACCEPTED,100,7536992,7536992,Andinobates daleswansoni,COL_ANURA_0190
Andinobates fulguritus,EXACT,ACCEPTED,100,8164058,8164058,Andinobates fulguritus,COL_ANURA_0191
Andinobates opisthomelas,EXACT,ACCEPTED,100,7773159,7773159,Andinobates opisthomelas,COL_ANURA_0192
Andinobates victimatus,EXACT,ACCEPTED,100,9331187,9331187,Andinobates victimatus,COL_ANURA_0193
Atelopus carauta,EXACT,ACCEPTED,100,5216630,5216630,Atelopus carauta,COL_ANURA_0048
Atelopus nicefori,EXACT,ACCEPTED,100,5216660,5216660,Atelopus nicefori,COL_ANURA_0049
Atelopus nocturnus,EXACT,ACCEPTED,100,8298659,8298659,Atelopus nocturnus,COL_ANURA_0050
Atelopus sanjosei,EXACT,ACCEPTED,100,5216700,5216700,Atelopus sanjosei,COL_ANURA_0051
Atelopus sernai,EXACT,ACCEPTED,100,5216683,5216683,Atelopus sernai,COL_ANURA_0052
Atelopus sonsonensis,EXACT,ACCEPTED,100,5216635,5216635,Atelopus sonsonensis,COL_ANURA_0053
Atopophrynus syntomopus,EXACT,ACCEPTED,100,2426021,2426021,Atopophrynus syntomopus,COL_ANURA_0105
Boana albomarginata,EXACT,ACCEPTED,100,10782364,10782364,Boana albomarginata,COL_ANURA_0244
Boana boans,EXACT,ACCEPTED,100,9911852,9911852,Boana boans,COL_ANURA_0020
Boana cinerascens,EXACT,ACCEPTED,100,10039315,10039315,Boana cinerascens,COL_ANURA_0021
Boana crepitans,EXACT,ACCEPTED,100,10697747,10697747,Boana crepitans,COL_ANURA_0245
Boana lanciformis,EXACT,ACCEPTED,100,10749780,10749780,Boana lanciformis,COL_ANURA_0022
Boana pellucens,EXACT,ACCEPTED,100,10834971,10834971,Boana pellucens,COL_ANURA_0246
Boana picturata,EXACT,ACCEPTED,100,10876427,10876427,Boana picturata,COL_ANURA_0247
Boana platanera,EXACT,ACCEPTED,100,11203160,11203160,Boana platanera,COL_ANURA_0023
Boana pugnax,EXACT,ACCEPTED,100,10820559,10820559,Boana pugnax,COL_ANURA_0024
Boana punctata,EXACT,ACCEPTED,100,10132344,10132344,Boana punctata,COL_ANURA_0025
Boana rosenbergi,EXACT,ACCEPTED,100,10826642,10826642,Boana rosenbergi,COL_ANURA_0026
Boana rubracyla,EXACT,ACCEPTED,100,10848485,10848485,Boana rubracyla,COL_ANURA_0248
Boana rufitela,EXACT,ACCEPTED,100,10883886,10883886,Boana rufitela,COL_ANURA_0249
Boana xerophylla,EXACT,ACCEPTED,100,10493617,10493617,Boana xerophylla,COL_ANURA_0027
Bufo bufo,EXACT,ACCEPTED,100,5217160,5217160,Bufo bufo,COL_ANURA_0054
Callimedusa perinesos,EXACT,ACCEPTED,100,10736342,10736342,Callimedusa perinesos,COL_ANURA_0293
Centrolene antioquiense,EXACT,ACCEPTED,100,2429458,2429458,Centrolene antioquiense,COL_ANURA_0072
Centrolene antioquiensis,EXACT,SYNONYM,100,8776543,2429458,Centrolene antioquiense,COL_ANURA_0072
Centrolene buckleyi,EXACT,ACCEPTED,100,2429486,2429486,Centrolene buckleyi,COL_ANURA_0073
Centrolene geckoideum,EXACT,ACCEPTED,100,2429462,2429462,Centrolene geckoideum,COL_ANURA_0074
Centrolene peristictum,EXACT,ACCEPTED,100,2429461,2429461,Centrolene peristictum,COL_ANURA_0075
Centrolene quindianum,EXACT,ACCEPTED,100,2429503,2429503,Centrolene quindianum,COL_ANURA_0076
Centrolene robledoi,EXACT,ACCEPTED,100,2429489,2429489,Centrolene robledoi,COL_ANURA_0077
Centrolene savagei,EXACT,ACCEPTED,100,9032203,9032203,Centrolene savagei,COL_ANURA_0078
Cochranella euknemos,EXACT,ACCEPTED,100,2429405,2429405,Cochranella euknemos,COL_ANURA_0079
Cochranella megista,EXACT,ACCEPTED,100,2429394,2429394,Cochranella megista,COL_ANURA_0080
Cochranella ramirezi,EXACT,ACCEPTED,100,2429444,2429444,Cochranella ramirezi,COL_ANURA_0081
Cochranella resplendens,EXACT,ACCEPTED,100,2429424,2429424,Cochranella resplendens,COL_ANURA_0082
Colostethus dysprosium,EXACT,ACCEPTED,100,2428983,2428983,Colostethus dysprosium,COL_ANURA_0194
Colostethus imbricolus,EXACT,ACCEPTED,100,2428978,2428978,Colostethus imbricolus,COL_ANURA_0195
Colostethus inguinalis,EXACT,ACCEPTED,100,2428973,2428973,Colostethus inguinalis,COL_ANURA_0196
Colostethus latinasus,EXACT,ACCEPTED,100,2428982,2428982,Colostethus latinasus,COL_ANURA_0197
Colostethus pratti,EXACT,ACCEPTED,100,2428987,2428987,Colostethus pratti,COL_ANURA_0198
Colostethus thorntoni,EXACT,ACCEPTED,100,2428975,2428975,Colostethus thorntoni,COL_ANURA_0199
Colostethus yaguara,EXACT,ACCEPTED,100,2428976,2428976,Colostethus yaguara,COL_ANURA_0200
Craugastor fitzingeri,EXACT,ACCEPTED,100,2430621,2430621,Craugastor fitzingeri,COL_ANURA_0106
Craugastor gollmeri,EXACT,ACCEPTED,100,2430828,2430828,Craugastor gollmeri,COL_ANURA_0107
Craugastor longirostris,EXACT,ACCEPTED,100,2430747,2430747,Craugastor longirostris,COL_ANURA_0108
Craugastor metriosistus,EXACT,ACCEPTED,100,10819374,10819374,Craugastor metriosistus,COL_ANURA_0109
Craugastor opimus,EXACT,ACCEPTED,100,2430821,2430821,Craugastor opimus,COL_ANURA_0110
Craugastor raniformis,EXACT,ACCEPTED,100,2430739,2430739,Craugastor raniformis,COL_ANURA_0006
Cryptobatrachus fuhrmanni,EXACT,ACCEPTED,100,2430106,2430106,Cryptobatrachus fuhrmanni,COL_ANURA_0234
Ctenophryne aterrima,EXACT,ACCEPTED,100,9849293,9849293,Ctenophryne aterrima,COL_ANURA_0286
Dendrobates auratus,EXACT,ACCEPTED,100,5218022,5218022,Dendrobates auratus,COL_ANURA_0201
Dendrobates tinctorius,EXACT,ACCEPTED,100,9724339,9724339,Dendrobates tinctorius,COL_ANURA_0202
Dendrobates truncatus,EXACT,ACCEPTED,100,5218029,5218029,Dendrobates truncatus,COL_ANURA_0018
Dendropsophus bogerti,EXACT,ACCEPTED,100,2428491,2428491,Dendropsophus bogerti,COL_ANURA_0028
Dendropsophus carnifex,EXACT,ACCEPTED,100,2428500,2428500,Dendropsophus carnifex,COL_ANURA_0250
Dendropsophus columbianus,EXACT,ACCEPTED,100,2428577,2428577,Dendropsophus columbianus,COL_ANURA_0029
Dendropsophus ebraccatus,EXACT,ACCEPTED,100,2428420,2428420,Dendropsophus ebraccatus,COL_ANURA_0030
Dendropsophus mathiassoni,EXACT,ACCEPTED,100,2428493,2428493,Dendropsophus mathiassoni,COL_ANURA_0031
Dendropsophus microcephalus,EXACT,ACCEPTED,100,2428504,2428504,Dendropsophus microcephalus,COL_ANURA_0032
Dendropsophus molitor,EXACT,ACCEPTED,100,10704158,10704158,Dendropsophus molitor,COL_ANURA_0033
Dendropsophus norandinus,EXACT,ACCEPTED,100,8632705,8632705,Dendropsophus norandinus,COL_ANURA_0034
Dendropsophus phlebodes,EXACT,ACCEPTED,100,2428571,2428571,Dendropsophus phlebodes,COL_ANURA_0251
Dendropsophus reticulatus,EXACT,ACCEPTED,100,10762379,10762379,Dendropsophus reticulatus,COL_ANURA_0035
Dendropsophus subocularis,EXACT,ACCEPTED,100,2428477,2428477,Dendropsophus subocularis,COL_ANURA_0252
Dendropsophus triangulum,EXACT,ACCEPTED,100,2428520,2428520,Dendropsophus triangulum,COL_ANURA_0036
Diasporus anthrax,EXACT,ACCEPTED,100,2424016,2424016,Diasporus anthrax,COL_ANURA_0227
Diasporus diastema,EXACT,ACCEPTED,100,2424012,2424012,Diasporus diastema,COL_ANURA_0228
Diasporus gularis,EXACT,ACCEPTED,100,2424022,2424022,Diasporus gularis,COL_ANURA_0229
Diasporus quidditus,EXACT,ACCEPTED,100,2424020,2424020,Diasporus quidditus,COL_ANURA_0230
Diasporus tinker,EXACT,ACCEPTED,100,2424008,2424008,Diasporus tinker,COL_ANURA_0231
Ecnomiohyla phantasmagoria,EXACT,ACCEPTED,100,2428655,2428655,Ecnomiohyla phantasmagoria,COL_ANURA_0253
Ectopoglossus atopoglossus,EXACT,ACCEPTED,100,10845498,10845498,Ectopoglossus atopoglossus,COL_ANURA_0203
Ectopoglossus saxatilis,EXACT,ACCEPTED,100,10711265,10711265,Ectopoglossus saxatilis,COL_ANURA_0204
Elachistocleis panamensis,EXACT,ACCEPTED,100,10695765,10695765,Elachistocleis panamensis,COL_ANURA_0287
Elachistocleis pearsei,EXACT,ACCEPTED,100,10804271,10804271,Elachistocleis pearsei,COL_ANURA_0288
Eleutherodactylus emiliae,EXACT,ACCEPTED,100,2424200,2424200,Eleutherodactylus emiliae,COL_ANURA_0232
Eleutherodactylus johnstonei,EXACT,ACCEPTED,100,2424120,2424120,Eleutherodactylus johnstonei,COL_ANURA_0233
Eleutherodactylus spec,HIGHERRANK,ACCEPTED,100,2424035,,,
Engystomops pustulosus,EXACT,ACCEPTED,100,2423497,2423497,Engystomops pustulosus,COL_ANURA_0039
Espadarana andina,EXACT,ACCEPTED,100,8864382,8864382,Espadarana andina,COL_ANURA_0083
Espadarana prosoblepon,EXACT,ACCEPTED,100,9132909,9132909,Espadarana prosoblepon,COL_ANURA_0084
Gastrotheca antomia,EXACT,ACCEPTED,100,5218196,5218196,Gastrotheca antomia,COL_ANURA_0235
Gastrotheca argenteovirens,EXACT,ACCEPTED,100,5218189,5218189,Gastrotheca argenteovirens,COL_ANURA_0236
Gastrotheca bufona,EXACT,ACCEPTED,100,5218174,5218174,Gastrotheca bufona,COL_ANURA_0237
Gastrotheca dendronastes,EXACT,ACCEPTED,100,5218150,5218150,Gastrotheca dendronastes,COL_ANURA_0238
Gastrotheca dunni,EXACT,ACCEPTED,100,5218202,5218202,Gastrotheca dunni,COL_ANURA_0239
Gastrotheca guentheri,EXACT,ACCEPTED,100,5218159,5218159,Gastrotheca guentheri,COL_ANURA_0240
Gastrotheca nicefori,EXACT,ACCEPTED,100,5218187,5218187,Gastrotheca nicefori,COL_ANURA_0241
Hemiphractus fasciatus,EXACT,ACCEPTED,100,2429980,2429980,Hemiphractus fasciatus,COL_ANURA_0242
Hoplobatrachus tigerinus,EXACT,ACCEPTED,100,2430380,2430380,Hoplobatrachus tigerinus,COL_ANURA_0226
Hyalinobatrachium aureoguttatum,EXACT,ACCEPTED,100,2429299,2429299,Hyalinobatrachium aureoguttatum,COL_ANURA_0085
Hyalinobatrachium chirripoi,EXACT,ACCEPTED,100,2429320,2429320,Hyalinobatrachium chirripoi,COL_ANURA_0086
Hyalinobatrachium colymbiphyllum,EXACT,ACCEPTED,100,2429306,2429306,Hyalinobatrachium colymbiphyllum,COL_ANURA_0087
Hyalinobatrachium fleischmanni,EXACT,ACCEPTED,100,2429316,2429316,Hyalinobatrachium fleischmanni,COL_ANURA_0088
Hyalinobatrachium tatayoi,EXACT,ACCEPTED,100,2429327,2429327,Hyalinobatrachium tatayoi,COL_ANURA_0089
Hyalinobatrachium valerioi,EXACT,ACCEPTED,100,2429295,2429295,Hyalinobatrachium valerioi,COL_ANURA_0090
Hyloscirtus antioquia,EXACT,ACCEPTED,100,8855870,8855870,Hyloscirtus antioquia,COL_ANURA_0254
Hyloscirtus bogotensis,EXACT,ACCEPTED,100,2428295,2428295,Hyloscirtus bogotensis,COL_ANURA_0255
Hyloscirtus colymba,EXACT,ACCEPTED,100,2428319,2428319,Hyloscirtus colymba,COL_ANURA_0256
Hyloscirtus larinopygion,EXACT,ACCEPTED,100,2428323,2428323,Hyloscirtus larinopygion,COL_ANURA_0257
Hyloscirtus palmeri,EXACT,ACCEPTED,100,2428325,2428325,Hyloscirtus palmeri,COL_ANURA_0037
Hyloxalus abditaurantius,EXACT,ACCEPTED,100,2429175,2429175,Hyloxalus abditaurantius,COL_ANURA_0205
Hyloxalus bocagei,EXACT,ACCEPTED,100,2429163,2429163,Hyloxalus bocagei,COL_ANURA_0206
Hyloxalus chocoensis,EXACT,ACCEPTED,100,2429169,2429169,Hyloxalus chocoensis,COL_ANURA_0207
Hyloxalus delatorreae,EXACT,ACCEPTED,100,2429264,2429264,Hyloxalus delatorreae,COL_ANURA_0208
Hyloxalus excisus,EXACT,ACCEPTED,100,2429177,2429177,Hyloxalus excisus,COL_ANURA_0209
Hyloxalus lehmanni,EXACT,ACCEPTED,100,2429248,2429248,Hyloxalus lehmanni,COL_ANURA_0210
Hyloxalus picachos,EXACT,ACCEPTED,100,11433514,11433514,Hyloxalus picachos,COL_ANURA_0019
Hyloxalus ramosi,EXACT,ACCEPTED,100,2429215,2429215,Hyloxalus ramosi,COL_ANURA_0211
Hyloxalus subpunctatus,EXACT,ACCEPTED,100,2429181,2429181,Hyloxalus subpunctatus,COL_ANURA_0212
Hyloxalus vergeli,EXACT,ACCEPTED,100,2429227,2429227,Hyloxalus vergeli,COL_ANURA_0213
Incilius coniferus,EXACT,ACCEPTED,100,2422413,2422413,Incilius coniferus,COL_ANURA_0055
Leptodactylus bolivianus,EXACT,ACCEPTED,100,5217607,5217607,Leptodactylus bolivianus,COL_ANURA_0272
Leptodactylus colombiensis,EXACT,ACCEPTED,100,5217567,5217567,Leptodactylus colombiensis,COL_ANURA_0040
Leptodactylus fragilis,EXACT,ACCEPTED,100,5217587,5217587,Leptodactylus fragilis,COL_ANURA_0273
Leptodactylus fuscus,EXACT,ACCEPTED,100,5217556,5217556,Leptodactylus fuscus,COL_ANURA_0274
Leptodactylus insularum,EXACT,ACCEPTED,100,5217608,5217608,Leptodactylus insularum,COL_ANURA_0275
Leptodactylus melanonotus,EXACT,ACCEPTED,100,5217525,5217525,Leptodactylus melanonotus,COL_ANURA_0276
Leptodactylus mystacinus,EXACT,ACCEPTED,100,5217574,5217574,Leptodactylus mystacinus,COL_ANURA_0277
Leptodactylus pentadactylus,EXACT,ACCEPTED,100,5217498,5217498,Leptodactylus pentadactylus,COL_ANURA_0278
Leptodactylus poecilochilus,EXACT,ACCEPTED,100,5217583,5217583,Leptodactylus poecilochilus,COL_ANURA_0279
Leptodactylus rhodomerus,EXACT,ACCEPTED,100,5217549,5217549,Leptodactylus rhodomerus,COL_ANURA_0280
Leptodactylus savagei,EXACT,ACCEPTED,100,5217534,5217534,Leptodactylus savagei,COL_ANURA_0281
Leptodactylus ventrimaculatus,EXACT,ACCEPTED,100,5217555,5217555,Leptodactylus ventrimaculatus,COL_ANURA_0282
Leucostethus brachistriatus,EXACT,ACCEPTED,100,10702577,10702577,Leucostethus brachistriatus,COL_ANURA_0214
Leucostethus dysprosium,EXACT,SYNONYM,100,12010809,2428983,Colostethus dysprosium,COL_ANURA_0194
Leucostethus fraterdanieli,EXACT,ACCEPTED,100,10678845,10678845,Leucostethus fraterdanieli,COL_ANURA_0215
Leucostethus jota,EXACT,ACCEPTED,100,10627543,10627543,Leucostethus jota,COL_ANURA_0216
Leucostethus ramirezi,EXACT,ACCEPTED,100,10704401,10704401,Leucostethus ramirezi,COL_ANURA_0217
Lithobates catesbeianus,EXACT,ACCEPTED,100,2427091,2427091,Lithobates catesbeianus,COL_ANURA_0296
Lithobates palmipes,EXACT,ACCEPTED,100,2427080,2427080,Lithobates palmipes,COL_ANURA_0297
Lithobates vaillanti,EXACT,ACCEPTED,100,2427082,2427082,Lithobates vaillanti,COL_ANURA_0298
Niceforonia adenobrachia,EXACT,ACCEPTED,100,2425875,2425875,Niceforonia adenobrachia,COL_ANURA_0111
Niceforonia babax,EXACT,ACCEPTED,100,10823656,10823656,Niceforonia babax,COL_ANURA_0112
Niceforonia latens,EXACT,ACCEPTED,100,10884670,10884670,Niceforonia latens,COL_ANURA_0113
Niceforonia mantipus,EXACT,ACCEPTED,100,10874928,10874928,Niceforonia mantipus,COL_ANURA_0114
Nymphargus chami,EXACT,ACCEPTED,100,2429361,2429361,Nymphargus chami,COL_ANURA_0091
Nymphargus grandisonae,EXACT,ACCEPTED,100,10699072,10699072,Nymphargus grandisonae,COL_ANURA_0092
Nymphargus griffithsi,EXACT,ACCEPTED,100,2429350,2429350,Nymphargus griffithsi,COL_ANURA_0093
Nymphargus ignotus,EXACT,ACCEPTED,100,2429387,2429387,Nymphargus ignotus,COL_ANURA_0094
Nymphargus luminosus,EXACT,ACCEPTED,100,2429352,2429352,Nymphargus luminosus,COL_ANURA_0095
Nymphargus pijao,EXACT,ACCEPTED,100,12242447,12242447,Nymphargus pijao,COL_ANURA_0096
Nymphargus prasinus,EXACT,ACCEPTED,100,2429342,2429342,Nymphargus prasinus,COL_ANURA_0097
Nymphargus rosada,EXACT,ACCEPTED,100,2429379,2429379,Nymphargus rosada,COL_ANURA_0098
Nymphargus spilotus,EXACT,ACCEPTED,100,2429383,2429383,Nymphargus spilotus,COL_ANURA_0099
Oophaga andresi,EXACT,ACCEPTED,100,10041465,10041465,Oophaga andresi,COL_ANURA_0218
Oophaga histrionica,EXACT,ACCEPTED,100,2429137,2429137,Oophaga histrionica,COL_ANURA_0219
Oophaga solanensis,EXACT,ACCEPTED,100,10643110,10643110,Oophaga solanensis,COL_ANURA_0220
Osornophryne percrassa,EXACT,ACCEPTED,100,2422192,2422192,Osornophryne percrassa,COL_ANURA_0056
Phyllobates aurotaenia,EXACT,ACCEPTED,100,5218021,5218021,Phyllobates aurotaenia,COL_ANURA_0221
Phyllobates terribilis,EXACT,ACCEPTED,100,5218020,5218020,Phyllobates terribilis,COL_ANURA_0222
Phyllomedusa bicolor,EXACT,ACCEPTED,100,2427977,2427977,Phyllomedusa bicolor,COL_ANURA_0294
Phyllomedusa tarsius,EXACT,ACCEPTED,100,2427983,2427983,Phyllomedusa tarsius,COL_ANURA_0041
Phyllomedusa venusta,EXACT,ACCEPTED,100,2427981,2427981,Phyllomedusa venusta,COL_ANURA_0042
Physalaemus fischeri,EXACT,ACCEPTED,100,2423583,2423583,Physalaemus fischeri,COL_ANURA_0283
Pipa myersi,EXACT,ACCEPTED,100,2423967,2423967,Pipa myersi,COL_ANURA_0295
Pithecopus hypochondrialis,EXACT,ACCEPTED,100,9491182,9491182,Pithecopus hypochondrialis,COL_ANURA_0043
Pleurodema brachyops,EXACT,ACCEPTED,100,2423470,2423470,Pleurodema brachyops,COL_ANURA_0284
Pristimantis acatallelus,EXACT,ACCEPTED,100,2425204,2425204,Pristimantis acatallelus,COL_ANURA_0115
Pristimantis achatinus,EXACT,ACCEPTED,100,2425166,2425166,Pristimantis achatinus,COL_ANURA_0007
Pristimantis actinolaimus,EXACT,ACCEPTED,100,2425097,2425097,Pristimantis actinolaimus,COL_ANURA_0116
Pristimantis aemulatus,EXACT,ACCEPTED,100,2425014,2425014,Pristimantis aemulatus,COL_ANURA_0117
Pristimantis aurantiguttatus,EXACT,ACCEPTED,100,2425418,2425418,Pristimantis aurantiguttatus,COL_ANURA_0118
Pristimantis baiotis,EXACT,ACCEPTED,100,2425295,2425295,Pristimantis baiotis,COL_ANURA_0119
Pristimantis bellona,EXACT,ACCEPTED,100,2425160,2425160,Pristimantis bellona,COL_ANURA_0120
Pristimantis bernali,EXACT,ACCEPTED,100,2425142,2425142,Pristimantis bernali,COL_ANURA_0121
Pristimantis bicolor,EXACT,ACCEPTED,100,2425126,2425126,Pristimantis bicolor,COL_ANURA_0122
Pristimantis bogotensis,EXACT,ACCEPTED,100,2425020,2425020,Pristimantis bogotensis,COL_ANURA_0008
Pristimantis boulengeri,EXACT,ACCEPTED,100,2425004,2425004,Pristimantis boulengeri,COL_ANURA_0123
Pristimantis brevifrons,EXACT,ACCEPTED,100,2424988,2424988,Pristimantis brevifrons,COL_ANURA_0124
Pristimantis cabrerai,EXACT,ACCEPTED,100,2425752,2425752,Pristimantis cabrerai,COL_ANURA_0125
Pristimantis calcaratus,EXACT,ACCEPTED,100,2425674,2425674,Pristimantis calcaratus,COL_ANURA_0126
Pristimantis campesino,HIGHERRANK,ACCEPTED,100,2424987,,,COL_ANURA_0299
Pristimantis caprifer,EXACT,ACCEPTED,100,2425560,2425560,Pristimantis caprifer,COL_ANURA_0127
Pristimantis carylae,EXACT,ACCEPTED,100,12175355,12175355,Pristimantis carylae,COL_ANURA_0128
Pristimantis caryophyllaceus,EXACT,ACCEPTED,100,2425474,2425474,Pristimantis caryophyllaceus,COL_ANURA_0129
Pristimantis chalceus,EXACT,ACCEPTED,100,2425357,2425357,Pristimantis chalceus,COL_ANURA_0130
Pristimantis chocolatebari,EXACT,ACCEPTED,100,12248961,12248961,Pristimantis chocolatebari,COL_ANURA_0131
Pristimantis conspicillatus,EXACT,ACCEPTED,100,2425099,2425099,Pristimantis conspicillatus,COL_ANURA_0132
Pristimantis cruentus,EXACT,ACCEPTED,100,2425721,2425721,Pristimantis cruentus,COL_ANURA_0133
Pristimantis cryptopictus,HIGHERRANK,ACCEPTED,100,2424987,,,COL_ANURA_0300
Pristimantis deinops,EXACT,ACCEPTED,100,2425533,2425533,Pristimantis deinops,COL_ANURA_0134
Pristimantis devillei,EXACT,ACCEPTED,100,2425436,2425436,Pristimantis devillei,COL_ANURA_0135
Pristimantis dorsopictus,EXACT,ACCEPTED,100,2425349,2425349,Pristimantis dorsopictus,COL_ANURA_0136
Pristimantis erythropleura,EXACT,ACCEPTED,100,2425144,2425144,Pristimantis erythropleura,COL_ANURA_0009
Pristimantis factiosus,EXACT,ACCEPTED,100,2425006,2425006,Pristimantis factiosus,COL_ANURA_0137
Pristimantis fallax,EXACT,ACCEPTED,100,2424990,2424990,Pristimantis fallax,COL_ANURA_0138
Pristimantis ferwerdai,EXACT,ACCEPTED,100,10796144,10796144,Pristimantis ferwerdai,COL_ANURA_0139
Pristimantis frater,EXACT,ACCEPTED,100,2425693,2425693,Pristimantis frater,COL_ANURA_0140
Pristimantis gaigei,EXACT,ACCEPTED,100,2425649,2425649,Pristimantis gaigei,COL_ANURA_0010
Pristimantis gracilis,EXACT,ACCEPTED,100,2425496,2425496,Pristimantis gracilis,COL_ANURA_0141
Pristimantis helvolus,EXACT,ACCEPTED,100,2425376,2425376,Pristimantis helvolus,COL_ANURA_0142
Pristimantis jaguensis,EXACT,ACCEPTED,100,10522542,10522542,Pristimantis jaguensis,COL_ANURA_0143
Pristimantis johannesdei,EXACT,ACCEPTED,100,2425863,2425863,Pristimantis johannesdei,COL_ANURA_0144
Pristimantis juanchoi,EXACT,ACCEPTED,100,2425830,2425830,Pristimantis juanchoi,COL_ANURA_0145
Pristimantis kelephus,EXACT,ACCEPTED,100,10857707,10857707,Pristimantis kelephus,COL_ANURA_0146
Pristimantis lasalleorum,EXACT,ACCEPTED,100,2425596,2425596,Pristimantis lasalleorum,COL_ANURA_0147
Pristimantis latidiscus,EXACT,ACCEPTED,100,2425535,2425535,Pristimantis latidiscus,COL_ANURA_0148
Pristimantis lemur,EXACT,ACCEPTED,100,2425521,2425521,Pristimantis lemur,COL_ANURA_0149
Pristimantis leopardus,EXACT,ACCEPTED,100,9309439,9309439,Pristimantis leopardus,COL_ANURA_0150
Pristimantis maculosus,EXACT,ACCEPTED,100,2425117,2425117,Pristimantis maculosus,COL_ANURA_0151
Pristimantis myops,EXACT,ACCEPTED,100,2425443,2425443,Pristimantis myops,COL_ANURA_0152
Pristimantis orpacobates,EXACT,ACCEPTED,100,2425137,2425137,Pristimantis orpacobates,COL_ANURA_0153
Pristimantis paisa,EXACT,ACCEPTED,100,2425047,2425047,Pristimantis paisa,COL_ANURA_0011
Pristimantis palmeri,EXACT,ACCEPTED,100,2425033,2425033,Pristimantis palmeri,COL_ANURA_0012
Pristimantis parectatus,EXACT,ACCEPTED,100,2425832,2425832,Pristimantis parectatus,COL_ANURA_0154
Pristimantis penelopus,EXACT,ACCEPTED,100,2425662,2425662,Pristimantis penelopus,COL_ANURA_0013
Pristimantis permixtus,EXACT,ACCEPTED,100,2425577,2425577,Pristimantis permixtus,COL_ANURA_0014
Pristimantis phragmipleuron,EXACT,ACCEPTED,100,2425402,2425402,Pristimantis phragmipleuron,COL_ANURA_0155
Pristimantis piceus,EXACT,ACCEPTED,100,2425386,2425386,Pristimantis piceus,COL_ANURA_0156
Pristimantis platychilus,EXACT,ACCEPTED,100,2425331,2425331,Pristimantis platychilus,COL_ANURA_0157
Pristimantis polychrus,EXACT,ACCEPTED,100,2425219,2425219,Pristimantis polychrus,COL_ANURA_0158
Pristimantis postducheminorum,EXACT,ACCEPTED,100,11688307,11688307,Pristimantis postducheminorum,COL_ANURA_0159
Pristimantis quantus,EXACT,ACCEPTED,100,2424992,2424992,Pristimantis quantus,COL_ANURA_0160
Pristimantis restrepoi,EXACT,ACCEPTED,100,2425697,2425697,Pristimantis restrepoi,COL_ANURA_0161
Pristimantis ridens,EXACT,ACCEPTED,100,2425583,2425583,Pristimantis ridens,COL_ANURA_0162
Pristimantis ruedai,EXACT,ACCEPTED,100,2425416,2425416,Pristimantis ruedai,COL_ANURA_0163
Pristimantis sanguineus,EXACT,ACCEPTED,100,2425229,2425229,Pristimantis sanguineus,COL_ANURA_0164
Pristimantis satagius,EXACT,ACCEPTED,100,2425192,2425192,Pristimantis satagius,COL_ANURA_0165
Pristimantis savagei,EXACT,ACCEPTED,100,2425157,2425157,Pristimantis savagei,COL_ANURA_0166
Pristimantis scoloblepharus,EXACT,ACCEPTED,100,2425086,2425086,Pristimantis scoloblepharus,COL_ANURA_0167
Pristimantis signifer,EXACT,ACCEPTED,100,2425850,2425850,Pristimantis signifer,COL_ANURA_0168
Pristimantis suetus,EXACT,ACCEPTED,100,2425459,2425459,Pristimantis suetus,COL_ANURA_0169
Pristimantis supernatis,EXACT,ACCEPTED,100,2425426,2425426,Pristimantis supernatis,COL_ANURA_0170
Pristimantis taeniatus,EXACT,ACCEPTED,100,2425333,2425333,Pristimantis taeniatus,COL_ANURA_0015
Pristimantis thectopternus,EXACT,ACCEPTED,100,2425150,2425150,Pristimantis thectopternus,COL_ANURA_0016
Pristimantis tribulosus,EXACT,ACCEPTED,100,2425012,2425012,Pristimantis tribulosus,COL_ANURA_0171
Pristimantis unistrigatus,EXACT,ACCEPTED,100,2425738,2425738,Pristimantis unistrigatus,COL_ANURA_0172
Pristimantis uranobates,EXACT,ACCEPTED,100,2425718,2425718,Pristimantis uranobates,COL_ANURA_0173
Pristimantis veletis,EXACT,ACCEPTED,100,2425655,2425655,Pristimantis veletis,COL_ANURA_0174
Pristimantis vertebralis,EXACT,ACCEPTED,100,2425516,2425516,Pristimantis vertebralis,COL_ANURA_0175
Pristimantis viejas,EXACT,ACCEPTED,100,2425468,2425468,Pristimantis viejas,COL_ANURA_0176
Pristimantis vilarsi,EXACT,ACCEPTED,100,2425447,2425447,Pristimantis vilarsi,COL_ANURA_0017
Pristimantis viridis,EXACT,ACCEPTED,100,2425367,2425367,Pristimantis viridis,COL_ANURA_0177
Pristimantis w-nigrum,EXACT,ACCEPTED,100,2425342,2425342,Pristimantis w-nigrum,COL_ANURA_0178
Pristimantis zophus,EXACT,ACCEPTED,100,2425051,2425051,Pristimantis zophus,COL_ANURA_0179
Pristimantis zorro,EXACT,ACCEPTED,100,10810319,10810319,Pristimantis zorro,COL_ANURA_0180
Pseudis paradoxa,EXACT,ACCEPTED,100,2428380,2428380,Pseudis paradoxa,COL_ANURA_0258
Pseudopaludicola pusilla,EXACT,ACCEPTED,100,2423515,2423515,Pseudopaludicola pusilla,COL_ANURA_0285
Rhaebo blombergi,EXACT,ACCEPTED,100,2423153,2423153,Rhaebo blombergi,COL_ANURA_0057
Rhaebo haematiticus,EXACT,ACCEPTED,100,2423160,2423160,Rhaebo haematiticus,COL_ANURA_0058
Rhaebo lynchi,EXACT,ACCEPTED,100,2423155,2423155,Rhaebo lynchi,COL_ANURA_0059
Rheobates palmatus,EXACT,ACCEPTED,100,2426202,2426202,Rheobates palmatus,COL_ANURA_0001
Rheobates pseudopalmatus,EXACT,ACCEPTED,100,2426200,2426200,Rheobates pseudopalmatus,COL_ANURA_0047
Rhinella acrolopha,EXACT,ACCEPTED,100,5216977,5216977,Rhinella acrolopha,COL_ANURA_0060
Rhinella alata,EXACT,ACCEPTED,100,5216905,5216905,Rhinella alata,COL_ANURA_0002
Rhinella granulosa,EXACT,ACCEPTED,100,5216900,5216900,Rhinella granulosa,COL_ANURA_0061
Rhinella horribilis,EXACT,ACCEPTED,100,10892611,10892611,Rhinella horribilis,COL_ANURA_0003
Rhinella humboldti,EXACT,ACCEPTED,100,8813908,8813908,Rhinella humboldti,COL_ANURA_0062
Rhinella lindae,EXACT,ACCEPTED,100,5216926,5216926,Rhinella lindae,COL_ANURA_0063
Rhinella macrorhina,EXACT,ACCEPTED,100,5216896,5216896,Rhinella macrorhina,COL_ANURA_0064
Rhinella margaritifera,EXACT,ACCEPTED,100,5216969,5216969,Rhinella margaritifera,COL_ANURA_0004
Rhinella marina,EXACT,ACCEPTED,100,5216933,5216933,Rhinella marina,COL_ANURA_0065
Rhinella nicefori,EXACT,ACCEPTED,100,5216987,5216987,Rhinella nicefori,COL_ANURA_0066
Rhinella paraguas,EXACT,ACCEPTED,100,8975557,8975557,Rhinella paraguas,COL_ANURA_0067
Rhinella rostrata,EXACT,ACCEPTED,100,5216841,5216841,Rhinella rostrata,COL_ANURA_0068
Rhinella ruizi,EXACT,ACCEPTED,100,5216904,5216904,Rhinella ruizi,COL_ANURA_0069
Rhinella sternosignata,EXACT,ACCEPTED,100,5216863,5216863,Rhinella sternosignata,COL_ANURA_0070
Rhinella tenrec,EXACT,ACCEPTED,100,5216927,5216927,Rhinella tenrec,COL_ANURA_0071
Rulyrana susatamai,EXACT,ACCEPTED,100,10705579,10705579,Rulyrana susatamai,COL_ANURA_0100
Sachatamia electrops,EXACT,ACCEPTED,100,10842940,10842940,Sachatamia electrops,COL_ANURA_0005
Sachatamia ilex,EXACT,ACCEPTED,100,9987236,9987236,Sachatamia ilex,COL_ANURA_0101
Sachatamia punctulata,EXACT,ACCEPTED,100,10739522,10739522,Sachatamia punctulata,COL_ANURA_0102
Scarthyla vigilans,EXACT,ACCEPTED,100,2427370,2427370,Scarthyla vigilans,COL_ANURA_0259
Scinax boulengeri,EXACT,ACCEPTED,100,5217853,5217853,Scinax boulengeri,COL_ANURA_0260
Scinax caprarius,EXACT,ACCEPTED,100,10427403,10427403,Scinax caprarius,COL_ANURA_0261
Scinax elaeochroa,EXACT,ACCEPTED,100,5217897,5217897,Scinax elaeochroa,COL_ANURA_0262
Scinax rostratus,EXACT,ACCEPTED,100,5217865,5217865,Scinax rostratus,COL_ANURA_0263
Scinax ruber,EXACT,ACCEPTED,100,5217952,5217952,Scinax ruber,COL_ANURA_0038
Scinax sugillatus,EXACT,ACCEPTED,100,5217870,5217870,Scinax sugillatus,COL_ANURA_0264
Scinax x-signatus,EXACT,ACCEPTED,100,5217876,5217876,Scinax x-signatus,COL_ANURA_0265
Silverstoneia erasmios,EXACT,ACCEPTED,100,2429062,2429062,Silverstoneia erasmios,COL_ANURA_0223
Silverstoneia minutissima,EXACT,ACCEPTED,100,10801353,10801353,Silverstoneia minutissima,COL_ANURA_0224
Silverstoneia nubicola,EXACT,ACCEPTED,100,2429060,2429060,Silverstoneia nubicola,COL_ANURA_0225
Smilisca phaeota,EXACT,ACCEPTED,100,2428683,2428683,Smilisca phaeota,COL_ANURA_0266
Smilisca sila,EXACT,ACCEPTED,100,2428688,2428688,Smilisca sila,COL_ANURA_0267
Smilisca sordida,EXACT,ACCEPTED,100,2428681,2428681,Smilisca sordida,COL_ANURA_0268
Strabomantis biporcatus,EXACT,ACCEPTED,100,2425968,2425968,Strabomantis biporcatus,COL_ANURA_0181
Strabomantis bufoniformis,EXACT,ACCEPTED,100,2425982,2425982,Strabomantis bufoniformis,COL_ANURA_0182
Strabomantis cerastes,EXACT,ACCEPTED,100,2425974,2425974,Strabomantis cerastes,COL_ANURA_0183
Strabomantis cheiroplethus,EXACT,ACCEPTED,100,2425984,2425984,Strabomantis cheiroplethus,COL_ANURA_0184
Strabomantis necopinus,EXACT,ACCEPTED,100,2425976,2425976,Strabomantis necopinus,COL_ANURA_0185
Strabomantis ruizi,EXACT,ACCEPTED,100,2425940,2425940,Strabomantis ruizi,COL_ANURA_0186
Strabomantis zygodactylus,EXACT,ACCEPTED,100,2425978,2425978,Strabomantis zygodactylus,COL_ANURA_0187
Teratohyla pulverata,EXACT,ACCEPTED,100,10825626,10825626,Teratohyla pulverata,COL_ANURA_0103
Teratohyla spinosa,EXACT,ACCEPTED,100,2429432,2429432,Teratohyla spinosa,COL_ANURA_0104
Trachycephalus macrotis,EXACT,ACCEPTED,100,10732942,10732942,Trachycephalus macrotis,COL_ANURA_0269
Trachycephalus typhonius,EXACT,ACCEPTED,100,9383706,9383706,Trachycephalus typhonius,COL_ANURA_0270
Trachycephalus venulosus,EXACT,ACCEPTED,100,5217960,5217960,Trachycephalus venulosus,COL_ANURA_0271
