record_id,source,batch,taxon_id,input_name,latitude,longitude,cell_row,cell_col,cell_id,obscured,uncertainty_m,event,basis_of_record,elevation_m,exclusion_reason
inat:105163711,inaturalist,base,COL_ANURA_0039,Engystomops pustulosus,8.1591011513,-76.8753994256,,,,False,197170,2022-01-18,HUMAN_OBSERVATION,,fuera_del_departamento
inat:126904841,inaturalist,base,COL_ANURA_0154,Pristimantis parectatus,5.4672350276,-75.2491865122,,,,True,308,2022-07-18,HUMAN_OBSERVATION,,fuera_del_departamento
inat:12842836,inaturalist,base,COL_ANURA_0189,Andinobates cassidyhornae,5.6380959145,-76.1750067852,,,,True,488,2016-06-12,HUMAN_OBSERVATION,,fuera_del_departamento
inat:143766248,inaturalist,base,COL_ANURA_0189,Andinobates cassidyhornae,5.4038392771,-75.9556558883,,,,True,488,2022-12-02,HUMAN_OBSERVATION,,fuera_del_departamento
inat:154131974,inaturalist,base,COL_ANURA_0062,Rhinella humboldti,7.2539364582,-76.5779487487,,,,True,50,2023-04-08,HUMAN_OBSERVATION,,fuera_del_departamento
inat:154131980,inaturalist,base,COL_ANURA_0298,Lithobates vaillanti,7.2006365394,-76.5977734066,,,,True,50,2023-04-08,HUMAN_OBSERVATION,,fuera_del_departamento
inat:18986155,inaturalist,base,COL_ANURA_0097,Nymphargus prasinus,5.72977634,-76.1506678595,,,,True,488,2018-12-11,HUMAN_OBSERVATION,,fuera_del_departamento
inat:191866473,inaturalist,base,COL_ANURA_0189,Andinobates cassidyhornae,5.9140554248,-76.167393648,,,,True,,2023-08-05,HUMAN_OBSERVATION,,fuera_del_departamento
inat:192734883,inaturalist,base,COL_ANURA_0179,Pristimantis zophus,5.4120831954,-75.8024893932,,,,True,108,2023-11-26,HUMAN_OBSERVATION,,fuera_del_departamento
inat:195266394,inaturalist,base,COL_ANURA_0007,Pristimantis achatinus,5.4105356569,-75.8240085332,,,,True,57,2023-12-27,HUMAN_OBSERVATION,,fuera_del_departamento
inat:197583115,inaturalist,base,COL_ANURA_0189,Andinobates cassidyhornae,5.8210914248,-76.158229674,,,,True,19,2024-01-07,HUMAN_OBSERVATION,,fuera_del_departamento
inat:19846010,inaturalist,base,COL_ANURA_0179,Pristimantis zophus,5.4870788411,-75.7217333357,,,,True,2150,2018-12-01,HUMAN_OBSERVATION,,fuera_del_departamento
inat:198840452,inaturalist,base,COL_ANURA_0007,Pristimantis achatinus,5.8529114381,-76.1085917859,,,,False,61,2024-01-08,HUMAN_OBSERVATION,,fuera_del_departamento
inat:202409255,inaturalist,base,COL_ANURA_0275,Leptodactylus insularum,8.748857904,-76.8886182445,,,,True,200,2023-12-02,HUMAN_OBSERVATION,,fuera_del_departamento
inat:202409262,inaturalist,base,COL_ANURA_0039,Engystomops pustulosus,8.7349914204,-76.8749125498,,,,True,200,2023-12-02,HUMAN_OBSERVATION,,fuera_del_departamento
inat:211317477,inaturalist,base,COL_ANURA_0189,Andinobates cassidyhornae,5.8782282136,-76.1298586745,,,,True,,2024-04-07,HUMAN_OBSERVATION,,fuera_del_departamento
inat:211317485,inaturalist,base,COL_ANURA_0189,Andinobates cassidyhornae,5.8368731577,-76.1814446532,,,,True,,2024-04-07,HUMAN_OBSERVATION,,fuera_del_departamento
inat:211731013,inaturalist,base,COL_ANURA_0189,Andinobates cassidyhornae,5.8520950673,-76.1801815198,,,,True,,2024-04-07,HUMAN_OBSERVATION,,fuera_del_departamento
inat:212003334,inaturalist,base,COL_ANURA_0102,Sachatamia punctulata,5.6607386634,-74.6169214608,,,,True,41,2023-03-06,HUMAN_OBSERVATION,,fuera_del_departamento
inat:233030386,inaturalist,base,COL_ANURA_0189,Andinobates cassidyhornae,5.8940850295,-76.1450564491,,,,True,,2024-04-21,HUMAN_OBSERVATION,,fuera_del_departamento
inat:244580462,inaturalist,base,COL_ANURA_0189,Andinobates cassidyhornae,5.4130123163,-75.8118442391,,,,True,436,2023-12-25,HUMAN_OBSERVATION,,fuera_del_departamento
inat:254403179,inaturalist,base,COL_ANURA_0160,Pristimantis quantus,5.4300741269,-75.805934267,,,,True,488,2015-02-27,HUMAN_OBSERVATION,,fuera_del_departamento
inat:261315068,inaturalist,base,COL_ANURA_0189,Andinobates cassidyhornae,5.9424063997,-76.0994225216,,,,True,4,2025-02-09,HUMAN_OBSERVATION,,fuera_del_departamento
inat:261535510,inaturalist,base,COL_ANURA_0096,Nymphargus pijao,5.8395859435,-76.1669108036,,,,True,471,2025-02-08,HUMAN_OBSERVATION,,fuera_del_departamento
inat:261622301,inaturalist,base,COL_ANURA_0189,Andinobates cassidyhornae,5.9027499892,-76.0988543606,,,,True,302,2025-02-10,HUMAN_OBSERVATION,,fuera_del_departamento
inat:304294320,inaturalist,base,COL_ANURA_0189,Andinobates cassidyhornae,5.4487152384,-75.8483948406,,,,True,1249,2012-07-22,HUMAN_OBSERVATION,,fuera_del_departamento
inat:322826158,inaturalist,base,COL_ANURA_0153,Pristimantis orpacobates,5.9518216841,-76.1342727161,,,,True,,2025-10-24,HUMAN_OBSERVATION,,fuera_del_departamento
inat:323736018,inaturalist,base,COL_ANURA_0084,Espadarana prosoblepon,5.89985763,-76.1422320083,,,,False,658,2018-05-19,HUMAN_OBSERVATION,,fuera_del_departamento
inat:330858743,inaturalist,base,COL_ANURA_0179,Pristimantis zophus,5.4041529542,-75.9948216981,,,,True,31,2021-10-13,HUMAN_OBSERVATION,,fuera_del_departamento
inat:330860972,inaturalist,base,COL_ANURA_0179,Pristimantis zophus,5.5110443582,-75.8021369275,,,,True,31,2021-10-14,HUMAN_OBSERVATION,,fuera_del_departamento
inat:331691253,inaturalist,base,COL_ANURA_0100,Rulyrana susatamai,5.6592001733,-75.0061829184,,,,True,,2025-11-19,HUMAN_OBSERVATION,,fuera_del_departamento
inat:338266385,inaturalist,base,COL_ANURA_0279,Leptodactylus poecilochilus,7.4588039993,-76.6896685213,,,,False,104,2026-02-06,HUMAN_OBSERVATION,,fuera_del_departamento
inat:338266976,inaturalist,base,COL_ANURA_0003,Rhinella horribilis,7.4588039993,-76.6896685213,,,,False,104,2026-02-09,HUMAN_OBSERVATION,,fuera_del_departamento
inat:339173567,inaturalist,base,COL_ANURA_0115,Pristimantis acatallelus,5.4456380482,-75.9499010608,,,,True,2,2021-10-13,HUMAN_OBSERVATION,,fuera_del_departamento
inat:339173568,inaturalist,base,COL_ANURA_0115,Pristimantis acatallelus,5.407303872,-75.976133655,,,,True,,2021-10-13,HUMAN_OBSERVATION,,fuera_del_departamento
inat:339173570,inaturalist,base,COL_ANURA_0115,Pristimantis acatallelus,5.4161081479,-75.8007928765,,,,True,5,2021-10-13,HUMAN_OBSERVATION,,fuera_del_departamento
inat:339173577,inaturalist,base,COL_ANURA_0115,Pristimantis acatallelus,5.4086020199,-75.9524226185,,,,True,2,2021-10-15,HUMAN_OBSERVATION,,fuera_del_departamento
inat:339173578,inaturalist,base,COL_ANURA_0115,Pristimantis acatallelus,5.4296431361,-75.9242140973,,,,True,,2021-10-15,HUMAN_OBSERVATION,,fuera_del_departamento
inat:339227959,inaturalist,base,COL_ANURA_0062,Rhinella humboldti,7.946669,-76.7578,,,,False,28788,2026-02-18,HUMAN_OBSERVATION,,fuera_del_departamento
inat:339960349,inaturalist,base,COL_ANURA_0018,Dendrobates truncatus,8.6167616942,-76.9100742382,,,,True,4,2023-12-05,HUMAN_OBSERVATION,,fuera_del_departamento
inat:339960354,inaturalist,base,COL_ANURA_0018,Dendrobates truncatus,8.699001958,-76.9702602722,,,,True,2,2023-12-05,HUMAN_OBSERVATION,,fuera_del_departamento
inat:339960357,inaturalist,base,COL_ANURA_0039,Engystomops pustulosus,8.7273300407,-76.8254113034,,,,True,15,2023-12-05,HUMAN_OBSERVATION,,fuera_del_departamento
inat:339960359,inaturalist,base,COL_ANURA_0032,Dendropsophus microcephalus,8.6594818143,-76.8197246073,,,,True,2,2023-12-05,HUMAN_OBSERVATION,,fuera_del_departamento
inat:341530275,inaturalist,base,COL_ANURA_0292,Agalychnis terranova,7.9674958864,-76.7736831481,,,,True,14,2026-03-05,HUMAN_OBSERVATION,,fuera_del_departamento
inat:343568728,inaturalist,base,COL_ANURA_0032,Dendropsophus microcephalus,7.4591321166,-76.6896145418,,,,False,100,2026-03-12,HUMAN_OBSERVATION,,fuera_del_departamento
inat:347877775,inaturalist,base,COL_ANURA_0096,Nymphargus pijao,5.789381314,-76.0865654519,,,,True,96,2026-03-28,HUMAN_OBSERVATION,,fuera_del_departamento
inat:351645321,inaturalist,base,COL_ANURA_0193,Andinobates victimatus,7.0717068164,-76.5821000006,,,,True,20,2025-05-01,HUMAN_OBSERVATION,,fuera_del_departamento
inat:351648255,inaturalist,base,COL_ANURA_0292,Agalychnis terranova,7.9741297956,-76.7884439703,,,,True,10,2025-06-05,HUMAN_OBSERVATION,,fuera_del_departamento
inat:354999295,inaturalist,base,COL_ANURA_0096,Nymphargus pijao,5.6892518127,-76.187579798,,,,True,244,2026-03-28,HUMAN_OBSERVATION,,fuera_del_departamento
inat:356564166,inaturalist,base,COL_ANURA_0003,Rhinella horribilis,7.4590536611,-76.6894485801,,,,False,9,2026-04-29,HUMAN_OBSERVATION,,fuera_del_departamento
inat:390476032,inaturalist,base,COL_ANURA_0089,Hyalinobatrachium tatayoi,7.8388758991,-76.4258605977,,,,True,9,2026-08-09,HUMAN_OBSERVATION,,fuera_del_departamento
inat:392800543,inaturalist,base,COL_ANURA_0189,Andinobates cassidyhornae,5.4266526524,-75.810028963,,,,True,31,2026-08-19,HUMAN_OBSERVATION,,fuera_del_departamento
inat:54825592,inaturalist,base,COL_ANURA_0193,Andinobates victimatus,7.0484055801,-76.5672497552,,,,True,7813,2020-02-23,HUMAN_OBSERVATION,,fuera_del_departamento
inat:68713549,inaturalist,base,COL_ANURA_0179,Pristimantis zophus,5.4974505842,-75.8131459474,,,,True,,2020-12-05,HUMAN_OBSERVATION,,fuera_del_departamento
inat:96830236,inaturalist,base,COL_ANURA_0179,Pristimantis zophus,5.4316606042,-75.9373959942,,,,True,4,2021-04-11,HUMAN_OBSERVATION,,fuera_del_departamento
inat:97766866,inaturalist,base,COL_ANURA_0029,Dendropsophus columbianus,5.791489213,-76.1520583376,,,,True,50,2021-06-28,HUMAN_OBSERVATION,,fuera_del_departamento
inat:97766868,inaturalist,base,COL_ANURA_0007,Pristimantis achatinus,5.6094769853,-76.1414669173,,,,True,50,2021-06-28,HUMAN_OBSERVATION,,fuera_del_departamento
inat:98858862,inaturalist,base,COL_ANURA_0257,Hyloscirtus larinopygion,5.4522203678,-75.8454903162,,,,True,,2021-10-15,HUMAN_OBSERVATION,,fuera_del_departamento
