image_id,image_path,source_phase,observation_id,individual_id,species,genus,family,taxon_id,source,original_url,sha256,width,height,file_size,quality_grade,latitude,longitude,date,original_inclusion_status
Hyloxalus_picachos_0001,D:\Anura\data cleaned\Hyloxalus_picachos\bmc_campo_02.jpg,FASE16_FASE19_FASE20_FASE21,,,Hyloxalus_picachos,Hyloxalus,,,evaluation/open_set_v1/knn/knn_open_set_results.json,,baabe57d8a5e940b3d6964b09df5deb7afe657f16a0d9d15a7d5a1e3226813e1,,,135731,,,,,ACCEPTED_HISTORICAL
Hyloxalus_picachos_0002,D:\Anura\data cleaned\Hyloxalus_picachos\bmc_campo_fotografo_03.jpg,FASE16_FASE19_FASE20_FASE21,,,Hyloxalus_picachos,Hyloxalus,,,evaluation/open_set_v1/knn/knn_open_set_results.json,,1e3fbe9cfb46768f996d61650cc6935de88932087bbc0d3e4e11c5f68837c9f8,,,115378,,,,,ACCEPTED_HISTORICAL
Hyloxalus_picachos_0003,D:\Anura\data cleaned\Hyloxalus_picachos\bmc_diagnostica_01.jpg,FASE16_FASE19_FASE20_FASE21,,,Hyloxalus_picachos,Hyloxalus,,,evaluation/open_set_v1/knn/knn_open_set_results.json,,e550cc8daba4623f3038e4bd2ea9aa25adcf257d0d0460188455aa8148141924,,,167100,,,,,ACCEPTED_HISTORICAL
Hyloxalus_picachos_0004,D:\Anura\data cleaned\Hyloxalus_picachos\bmc_retrato_04.jpg,FASE16_FASE19_FASE20_FASE21,,,Hyloxalus_picachos,Hyloxalus,,,evaluation/open_set_v1/knn/knn_open_set_results.json,,6edea727937e64ebf6b444a06dfb32c8b4504c97f989d52ee3e7506dcca23622,,,173832,,,,,ACCEPTED_HISTORICAL
Hyloxalus_picachos_0005,D:\Anura\data cleaned\Hyloxalus_picachos\col_obs_297476356_photo_535741216.jpg,FASE16_FASE19_FASE20_FASE21,,,Hyloxalus_picachos,Hyloxalus,,,evaluation/open_set_v1/knn/knn_open_set_results.json,,ca8a4d3f24b1dd3483b64470b03498a04bfcbedc569aefe694de20e5645509de,,,701331,,,,,ACCEPTED_HISTORICAL
Hyloxalus_picachos_0006,D:\Anura\data cleaned\Hyloxalus_picachos\col_obs_297476358_photo_535741206.jpg,FASE16_FASE19_FASE20_FASE21,,,Hyloxalus_picachos,Hyloxalus,,,evaluation/open_set_v1/knn/knn_open_set_results.json,,507a27c99d47e35e6d0c8b81fff4bee5a52248149be8a238f96788470fce81b6,,,718669,,,,,ACCEPTED_HISTORICAL
Hyloxalus_picachos_0007,D:\Anura\data cleaned\Hyloxalus_picachos\col_obs_297476360_photo_535741247.jpg,FASE16_FASE19_FASE20_FASE21,,,Hyloxalus_picachos,Hyloxalus,,,evaluation/open_set_v1/knn/knn_open_set_results.json,,b87ec8e6f51d8c5d3408e86e1f963930c8a0d99677b5bda418f87ac5e4f44383,,,914876,,,,,ACCEPTED_HISTORICAL
Hyloxalus_picachos_0008,D:\Anura\data cleaned\Hyloxalus_picachos\col_obs_297476362_photo_535741214.jpg,FASE16_FASE19_FASE20_FASE21,,,Hyloxalus_picachos,Hyloxalus,,,evaluation/open_set_v1/knn/knn_open_set_results.json,,634d20f89d17e4bef223cec42ae502a5713fdf15035d121f97910be2839a4b40,,,437336,,,,,ACCEPTED_HISTORICAL
Hyloxalus_picachos_0009,D:\Anura\data cleaned\Hyloxalus_picachos\col_obs_297476363_photo_535741237.jpg,FASE16_FASE19_FASE20_FASE21,,,Hyloxalus_picachos,Hyloxalus,,,evaluation/open_set_v1/knn/knn_open_set_results.json,,65bd7efb29fe07109bc9d8231c1583b18b8465368677fedd0c7443f3d7a76c64,,,639354,,,,,ACCEPTED_HISTORICAL
Hyloxalus_picachos_0010,D:\Anura\data cleaned\Hyloxalus_picachos\col_obs_299076534_photo_538760273.jpg,FASE16_FASE19_FASE20_FASE21,,,Hyloxalus_picachos,Hyloxalus,,,evaluation/open_set_v1/knn/knn_open_set_results.json,,4dc0316c0cd07ff4b71c76eaf8a91e964f04155a7f172967649115e184d16b18,,,411873,,,,,ACCEPTED_HISTORICAL
Hyloxalus_picachos_0011,D:\Anura\data cleaned\Hyloxalus_picachos\col_obs_299081593_photo_538800498.jpg,FASE16_FASE19_FASE20_FASE21,,,Hyloxalus_picachos,Hyloxalus,,,evaluation/open_set_v1/knn/knn_open_set_results.json,,984c408d0b60ceb97d0d867f183dc3aa0f20e111fd2bbc5c14cbd6db35a51e7a,,,246395,,,,,ACCEPTED_HISTORICAL
Hyloxalus_picachos_0012,D:\Anura\data cleaned\Hyloxalus_picachos\dendrowiki_5669.jpg,FASE16_FASE19_FASE20_FASE21,,,Hyloxalus_picachos,Hyloxalus,,,evaluation/open_set_v1/knn/knn_open_set_results.json,,a611ee9c423a7a9d2cc0469b62368475dac00eb5e539bd21da43418458f53339,,,213299,,,,,ACCEPTED_HISTORICAL
Hyloxalus_picachos_0013,D:\Anura\data cleaned\Hyloxalus_picachos\dendrowiki_5670.jpg,FASE16_FASE19_FASE20_FASE21,,,Hyloxalus_picachos,Hyloxalus,,,evaluation/open_set_v1/knn/knn_open_set_results.json,,3ea97a9103c14d28a0544f752cf421e2f19af1b3bf1d45a5d87de0e4061deb5d,,,150949,,,,,ACCEPTED_HISTORICAL
Hyloxalus_picachos_0014,D:\Anura\data cleaned\Hyloxalus_picachos\dendrowiki_5671.jpg,FASE16_FASE19_FASE20_FASE21,,,Hyloxalus_picachos,Hyloxalus,,,evaluation/open_set_v1/knn/knn_open_set_results.json,,9cd37261c5a9f1f079ca29763e5e6227ba238a9286909f56ca7fa17e8fc552e2,,,197903,,,,,ACCEPTED_HISTORICAL
Hyloxalus_picachos_0015,D:\Anura\data cleaned\Hyloxalus_picachos\dendrowiki_5672.jpg,FASE16_FASE19_FASE20_FASE21,,,Hyloxalus_picachos,Hyloxalus,,,evaluation/open_set_v1/knn/knn_open_set_results.json,,89bf02e5919b62e0e5c49945194796fabfc7db9c2a69e16f552d80fc1527fb37,,,199930,,,,,ACCEPTED_HISTORICAL
Sachatamia_electrops_0016,D:\Anura\data cleaned\Sachatamia_electrops\col_obs_156488742_photo_270601921.jpg,FASE16_FASE19_FASE20_FASE21,,,Sachatamia_electrops,Sachatamia,,,evaluation/open_set_v1/knn/knn_open_set_results.json,,147ef6bd394bc26352f93beb4ea2cfc1d620a56552059702dbee837067f8ae37,,,917578,,,,,ACCEPTED_HISTORICAL
Sachatamia_electrops_0017,D:\Anura\data cleaned\Sachatamia_electrops\col_obs_156488742_photo_270601964.jpg,FASE16_FASE19_FASE20_FASE21,,,Sachatamia_electrops,Sachatamia,,,evaluation/open_set_v1/knn/knn_open_set_results.json,,43277f83059e4fda84987d90369031128328dbd3d9c7bc01e6788f5d36d93d89,,,415137,,,,,ACCEPTED_HISTORICAL
Sachatamia_electrops_0018,D:\Anura\data cleaned\Sachatamia_electrops\col_obs_156488742_photo_270602005.jpg,FASE16_FASE19_FASE20_FASE21,,,Sachatamia_electrops,Sachatamia,,,evaluation/open_set_v1/knn/knn_open_set_results.json,,856889c67b10738fb41b1e7ecd0465623cbb4d8c050e1564e81eafae8e45cedf,,,991699,,,,,ACCEPTED_HISTORICAL
Sachatamia_electrops_0019,D:\Anura\data cleaned\Sachatamia_electrops\col_obs_156488742_photo_270602393.jpg,FASE16_FASE19_FASE20_FASE21,,,Sachatamia_electrops,Sachatamia,,,evaluation/open_set_v1/knn/knn_open_set_results.json,,e9fa6550f27fd0768e6f3b83df207ee5aee9e46766e5b2e0e577fc03f0a27135,,,894932,,,,,ACCEPTED_HISTORICAL
Sachatamia_electrops_0020,D:\Anura\data cleaned\Sachatamia_electrops\col_obs_19467476_photo_29951899.jpg,FASE16_FASE19_FASE20_FASE21,,,Sachatamia_electrops,Sachatamia,,,evaluation/open_set_v1/knn/knn_open_set_results.json,,886ea5a9f7d972292c545b72e7a7d75f1119e8ad1b9985735ea19315df984c68,,,710777,,,,,ACCEPTED_HISTORICAL
Sachatamia_electrops_0021,D:\Anura\data cleaned\Sachatamia_electrops\col_obs_19467476_photo_29951910.jpg,FASE16_FASE19_FASE20_FASE21,,,Sachatamia_electrops,Sachatamia,,,evaluation/open_set_v1/knn/knn_open_set_results.json,,cda26502b3ca742d4bfb628d08a6e14a8ca2eb58086476f9829bbc98be63a82e,,,809463,,,,,ACCEPTED_HISTORICAL
Sachatamia_electrops_0022,D:\Anura\data cleaned\Sachatamia_electrops\col_obs_19467476_photo_29951924.jpg,FASE16_FASE19_FASE20_FASE21,,,Sachatamia_electrops,Sachatamia,,,evaluation/open_set_v1/knn/knn_open_set_results.json,,e7d05bd76c8ccda23bb8d1e8a1578c808ad36fca36c64a859b37f9cdf3239943,,,821747,,,,,ACCEPTED_HISTORICAL
Sachatamia_electrops_0023,D:\Anura\data cleaned\Sachatamia_electrops\col_obs_197884576_photo_348644841.jpg,FASE16_FASE19_FASE20_FASE21,,,Sachatamia_electrops,Sachatamia,,,evaluation/open_set_v1/knn/knn_open_set_results.json,,f13be6819139ac8b17c1180b00436c80f528281c121f63af8b601278ec71b543,,,1203142,,,,,ACCEPTED_HISTORICAL
Sachatamia_electrops_0024,D:\Anura\data cleaned\Sachatamia_electrops\col_obs_197884576_photo_348644853.jpg,FASE16_FASE19_FASE20_FASE21,,,Sachatamia_electrops,Sachatamia,,,evaluation/open_set_v1/knn/knn_open_set_results.json,,d1ff430503f851cbdebb1c7eca2e2b233eb366b7a99a74d1f71e8399a9fb3de7,,,543327,,,,,ACCEPTED_HISTORICAL
Sachatamia_electrops_0025,D:\Anura\data cleaned\Sachatamia_electrops\col_obs_197884576_photo_348644865.jpg,FASE16_FASE19_FASE20_FASE21,,,Sachatamia_electrops,Sachatamia,,,evaluation/open_set_v1/knn/knn_open_set_results.json,,5bc71b3dcc09a7578e28b6d327395a2348b32b90273b0a01c065b822cbef7e6d,,,523286,,,,,ACCEPTED_HISTORICAL
Sachatamia_electrops_0026,D:\Anura\data cleaned\Sachatamia_electrops\col_obs_197884576_photo_348644873.jpg,FASE16_FASE19_FASE20_FASE21,,,Sachatamia_electrops,Sachatamia,,,evaluation/open_set_v1/knn/knn_open_set_results.json,,eeb3c8d2e405792457f23fbdf443419088486448b5b7a34acbb1fd680094ad9a,,,476921,,,,,ACCEPTED_HISTORICAL
Sachatamia_electrops_0027,D:\Anura\data cleaned\Sachatamia_electrops\col_obs_197884576_photo_348644883.jpg,FASE16_FASE19_FASE20_FASE21,,,Sachatamia_electrops,Sachatamia,,,evaluation/open_set_v1/knn/knn_open_set_results.json,,b2f3a31873a33b0a777e75542ffa0eee30e5443404fcbd6e4cb845a884f5345d,,,486388,,,,,ACCEPTED_HISTORICAL
Sachatamia_electrops_0028,D:\Anura\data cleaned\Sachatamia_electrops\col_obs_197884576_photo_348644894.jpg,FASE16_FASE19_FASE20_FASE21,,,Sachatamia_electrops,Sachatamia,,,evaluation/open_set_v1/knn/knn_open_set_results.json,,61f2bbbb2b3058b0a8f292bddb7674ad4295a105c6a605df28e7cd081bd6f2fe,,,534162,,,,,ACCEPTED_HISTORICAL
Sachatamia_electrops_0029,D:\Anura\data cleaned\Sachatamia_electrops\col_obs_197884576_photo_348644910.jpg,FASE16_FASE19_FASE20_FASE21,,,Sachatamia_electrops,Sachatamia,,,evaluation/open_set_v1/knn/knn_open_set_results.json,,9d0d931cea2582d628b5ba083cd71b5a27dc3b378a8a1141a2f5930c7aa4d713,,,517374,,,,,ACCEPTED_HISTORICAL
Sachatamia_electrops_0030,D:\Anura\data cleaned\Sachatamia_electrops\col_obs_197927794_photo_348731209.jpg,FASE16_FASE19_FASE20_FASE21,,,Sachatamia_electrops,Sachatamia,,,evaluation/open_set_v1/knn/knn_open_set_results.json,,6d492ff517f57edce629b022460fcc88720e2aab8c3f2be2fffc16b5b52356a6,,,571224,,,,,ACCEPTED_HISTORICAL
Sachatamia_electrops_0031,D:\Anura\data cleaned\Sachatamia_electrops\col_obs_197927794_photo_348731230.jpg,FASE16_FASE19_FASE20_FASE21,,,Sachatamia_electrops,Sachatamia,,,evaluation/open_set_v1/knn/knn_open_set_results.json,,9b3a471aef0749f383667c299d8fd3c63d9a3fcfcb21701b8b83b2c8ceb709d6,,,531005,,,,,ACCEPTED_HISTORICAL
Sachatamia_electrops_0032,D:\Anura\data cleaned\Sachatamia_electrops\col_obs_197927794_photo_348731255.jpg,FASE16_FASE19_FASE20_FASE21,,,Sachatamia_electrops,Sachatamia,,,evaluation/open_set_v1/knn/knn_open_set_results.json,,d35a43d52fb2baa79f87fdb17eae3ef7a5f07547e287d85a25068410674df727,,,648776,,,,,ACCEPTED_HISTORICAL
Sachatamia_electrops_0033,D:\Anura\data cleaned\Sachatamia_electrops\col_obs_197927794_photo_348731295.jpg,FASE16_FASE19_FASE20_FASE21,,,Sachatamia_electrops,Sachatamia,,,evaluation/open_set_v1/knn/knn_open_set_results.json,,d76445c7c2af444ac9328a56ce25bc3f8fc782bbd667c3913ae30c9dd57a6f5f,,,1354866,,,,,ACCEPTED_HISTORICAL
Sachatamia_electrops_0034,D:\Anura\data cleaned\Sachatamia_electrops\col_obs_25388999_photo_39312678.jpg,FASE16_FASE19_FASE20_FASE21,,,Sachatamia_electrops,Sachatamia,,,evaluation/open_set_v1/knn/knn_open_set_results.json,,c750aab0300242b51b8e77053d9267320eb06ae93f320358962e2619a1a46828,,,631175,,,,,ACCEPTED_HISTORICAL
Sachatamia_electrops_0035,D:\Anura\data cleaned\Sachatamia_electrops\col_obs_324593666_photo_587620730.jpg,FASE16_FASE19_FASE20_FASE21,,,Sachatamia_electrops,Sachatamia,,,evaluation/open_set_v1/knn/knn_open_set_results.json,,85c023b948bcc3a6a9afec2fe2c707a7423688607c05ffb776a84de2e36a7228,,,1289070,,,,,ACCEPTED_HISTORICAL
Sachatamia_electrops_0036,D:\Anura\data cleaned\Sachatamia_electrops\col_obs_324593666_photo_587620799.jpg,FASE16_FASE19_FASE20_FASE21,,,Sachatamia_electrops,Sachatamia,,,evaluation/open_set_v1/knn/knn_open_set_results.json,,282b8bcd048d3d3f900087cb99f63b3cfcd566dae9425e56cadcc20404e11048,,,1096929,,,,,ACCEPTED_HISTORICAL
Sachatamia_electrops_0037,D:\Anura\data cleaned\Sachatamia_electrops\col_obs_324593666_photo_587620944.jpg,FASE16_FASE19_FASE20_FASE21,,,Sachatamia_electrops,Sachatamia,,,evaluation/open_set_v1/knn/knn_open_set_results.json,,a99609c57daee15cc50cba372cc4645b65bf11dcb16dbdf77d1b6d31171730bb,,,926477,,,,,ACCEPTED_HISTORICAL
Sachatamia_electrops_0038,D:\Anura\data cleaned\Sachatamia_electrops\col_obs_34660191_photo_54573892.jpg,FASE16_FASE19_FASE20_FASE21,,,Sachatamia_electrops,Sachatamia,,,evaluation/open_set_v1/knn/knn_open_set_results.json,,39ad72dea7da692f91ba7f86d7cf25e3503b24a6201be71d135c2d5c5986d006,,,760707,,,,,ACCEPTED_HISTORICAL
Sachatamia_electrops_0039,D:\Anura\data cleaned\Sachatamia_electrops\col_obs_34660191_photo_54574016.jpg,FASE16_FASE19_FASE20_FASE21,,,Sachatamia_electrops,Sachatamia,,,evaluation/open_set_v1/knn/knn_open_set_results.json,,af13bd9f89f9573c0af503a5dd6649e6557aa8d062ad077860ebeb3489f7b908,,,320092,,,,,ACCEPTED_HISTORICAL
Sachatamia_electrops_0040,D:\Anura\data cleaned\Sachatamia_electrops\col_obs_34660191_photo_54574021.jpg,FASE16_FASE19_FASE20_FASE21,,,Sachatamia_electrops,Sachatamia,,,evaluation/open_set_v1/knn/knn_open_set_results.json,,09bfada585ed2a06dfdc932773749919ea21eb81cef54fd6554d565fbb1f02e7,,,369863,,,,,ACCEPTED_HISTORICAL
Sachatamia_electrops_0041,D:\Anura\data cleaned\Sachatamia_electrops\col_obs_34660191_photo_54574026.jpg,FASE16_FASE19_FASE20_FASE21,,,Sachatamia_electrops,Sachatamia,,,evaluation/open_set_v1/knn/knn_open_set_results.json,,e9f69ea691a874029e5f062e277c4685f576a5b5c4bf7a008ca3f57efc52a50f,,,430443,,,,,ACCEPTED_HISTORICAL
Sachatamia_electrops_0042,D:\Anura\data cleaned\Sachatamia_electrops\col_obs_34660191_photo_54574032.jpg,FASE16_FASE19_FASE20_FASE21,,,Sachatamia_electrops,Sachatamia,,,evaluation/open_set_v1/knn/knn_open_set_results.json,,f511be6cb4f16139c8722bdded8a3e8fff9301a1196ec0861e0a30cd6a3c6e1f,,,635525,,,,,ACCEPTED_HISTORICAL
Sachatamia_electrops_0043,D:\Anura\data cleaned\Sachatamia_electrops\col_obs_34660191_photo_54574034.jpg,FASE16_FASE19_FASE20_FASE21,,,Sachatamia_electrops,Sachatamia,,,evaluation/open_set_v1/knn/knn_open_set_results.json,,0bf9ff5f7f8d8c3e295d16534566076d7e62cd95ac5a489e6dc940154f25ab28,,,515931,,,,,ACCEPTED_HISTORICAL
Sachatamia_electrops_0044,D:\Anura\data cleaned\Sachatamia_electrops\IMG-20251013-WA0387.jpg,FASE16_FASE19_FASE20_FASE21,,,Sachatamia_electrops,Sachatamia,,,evaluation/open_set_v1/knn/knn_open_set_results.json,,0e1c8587aab2d3f81ed0605369b9e84400bf232cca77e70d2f269c6514c8fd1f,,,254663,,,,,ACCEPTED_HISTORICAL
Sachatamia_electrops_0045,D:\Anura\data cleaned\Sachatamia_electrops\IMG-20251013-WA0388.jpg,FASE16_FASE19_FASE20_FASE21,,,Sachatamia_electrops,Sachatamia,,,evaluation/open_set_v1/knn/knn_open_set_results.json,,1739d4e6654dc9ca989f29dc8503ff64cf26d74350d2fa5783a641a5336382b5,,,224762,,,,,ACCEPTED_HISTORICAL
Sachatamia_electrops_0046,D:\Anura\data cleaned\Sachatamia_electrops\IMG-20251013-WA0390.jpg,FASE16_FASE19_FASE20_FASE21,,,Sachatamia_electrops,Sachatamia,,,evaluation/open_set_v1/knn/knn_open_set_results.json,,85483fc01567d1e30b1269bfbd58db586d3d37640309d4297c54c39d8bc5cf6c,,,98001,,,,,ACCEPTED_HISTORICAL
Sachatamia_electrops_0047,D:\Anura\data cleaned\Sachatamia_electrops\IMG-20251013-WA0397.jpg,FASE16_FASE19_FASE20_FASE21,,,Sachatamia_electrops,Sachatamia,,,evaluation/open_set_v1/knn/knn_open_set_results.json,,98e9b01e693cb1a5be7f657eabf283941c4d09cdff8be67a5da4ce8942fa5c40,,,146192,,,,,ACCEPTED_HISTORICAL
Sachatamia_electrops_0048,D:\Anura\data cleaned\Sachatamia_electrops\IMG-20251013-WA0398.jpg,FASE16_FASE19_FASE20_FASE21,,,Sachatamia_electrops,Sachatamia,,,evaluation/open_set_v1/knn/knn_open_set_results.json,,19adaf958683d595884b6bcadebb6c13a0e624c52183b04344d40a57266acd86,,,124423,,,,,ACCEPTED_HISTORICAL
Sachatamia_electrops_0049,D:\Anura\data cleaned\Sachatamia_electrops\IMG-20251205-WA0056.jpg,FASE16_FASE19_FASE20_FASE21,,,Sachatamia_electrops,Sachatamia,,,evaluation/open_set_v1/knn/knn_open_set_results.json,,41d026b6edd6480900354e80b3677ce73c9521bbf3a4ee5dc2be36a680be7dca,,,109422,,,,,ACCEPTED_HISTORICAL
Sachatamia_electrops_0050,D:\Anura\data cleaned\Sachatamia_electrops\IMG-20260409-WA0121.jpg,FASE16_FASE19_FASE20_FASE21,,,Sachatamia_electrops,Sachatamia,,,evaluation/open_set_v1/knn/knn_open_set_results.json,,fdce21b6c3fbfbeb3a9d940e05f588819c2855e40ddf1d904e2a1b7e24e5bfb9,,,37553,,,,,ACCEPTED_HISTORICAL
Sachatamia_electrops_0051,D:\Anura\data cleaned\Sachatamia_electrops\large (1).jpg,FASE16_FASE19_FASE20_FASE21,,,Sachatamia_electrops,Sachatamia,,,evaluation/open_set_v1/knn/knn_open_set_results.json,,e44cda08d8bc37501fca82f45a28d1c86d8491a813230636e898ab1ed60b53a5,,,230555,,,,,ACCEPTED_HISTORICAL
Sachatamia_electrops_0052,D:\Anura\data cleaned\Sachatamia_electrops\large (2).jpg,FASE16_FASE19_FASE20_FASE21,,,Sachatamia_electrops,Sachatamia,,,evaluation/open_set_v1/knn/knn_open_set_results.json,,7e62381201050d58a24611e874ecc16e9664d316ac3bc5cea0267a6d33dc5f4f,,,105546,,,,,ACCEPTED_HISTORICAL
Sachatamia_electrops_0053,D:\Anura\data cleaned\Sachatamia_electrops\large (3).jpg,FASE16_FASE19_FASE20_FASE21,,,Sachatamia_electrops,Sachatamia,,,evaluation/open_set_v1/knn/knn_open_set_results.json,,8289e72a0def944623b2218f14fc4153dde48e6965ec579aa6796954b12e88a1,,,203302,,,,,ACCEPTED_HISTORICAL
Sachatamia_electrops_0054,D:\Anura\data cleaned\Sachatamia_electrops\large (4).jpg,FASE16_FASE19_FASE20_FASE21,,,Sachatamia_electrops,Sachatamia,,,evaluation/open_set_v1/knn/knn_open_set_results.json,,a31b18b9e5c070c143b99531d8bda2dfef21d751745dda0a9c6bc177312a5a7f,,,205554,,,,,ACCEPTED_HISTORICAL
Sachatamia_electrops_0055,D:\Anura\data cleaned\Sachatamia_electrops\large.jpg,FASE16_FASE19_FASE20_FASE21,,,Sachatamia_electrops,Sachatamia,,,evaluation/open_set_v1/knn/knn_open_set_results.json,,bcb3e52efd181a097d03dc991fff556a7e54262149cb0c43928d1f1d77911472,,,209734,,,,,ACCEPTED_HISTORICAL
Sachatamia_electrops_0056,D:\Anura\data cleaned\Sachatamia_electrops\Sachatamia_electrops.jpg,FASE16_FASE19_FASE20_FASE21,,,Sachatamia_electrops,Sachatamia,,,evaluation/open_set_v1/knn/knn_open_set_results.json,,8fa26c1523fe7c347621d4552b780852459df54fa2b652144238dc3999a4dbfa,,,53970,,,,,ACCEPTED_HISTORICAL
