species_raw,canonical_name,species_id,genus,resolution_status
Hyloxalus_picachos,Hyloxalus_picachos,ANU_COL_HYLO_PIC_001,Hyloxalus,RESOLVED
Sachatamia_electrops,Sachatamia_electrops,,Sachatamia,UNRESOLVED_NOT_IN_REGISTRY
Boana_geographica,Boana_geographica,,Boana,UNRESOLVED_NOT_IN_REGISTRY
Dendropsophus_labialis,Dendropsophus_labialis,,Dendropsophus,UNRESOLVED_NOT_IN_REGISTRY
Dendropsophus_minutus,Dendropsophus_minutus,,Dendropsophus,UNRESOLVED_NOT_IN_REGISTRY
Espadarana_prosoblepon,Espadarana_prosoblepon,,Espadarana,UNRESOLVED_NOT_IN_REGISTRY
Leptodactylus_fragilis,Leptodactylus_fragilis,,Leptodactylus,UNRESOLVED_NOT_IN_REGISTRY
Pristimantis_nervicus,Pristimantis_nervicus,,Pristimantis,UNRESOLVED_NOT_IN_REGISTRY
Pristimantis_w_nigrum,Pristimantis_w_nigrum,,Pristimantis,UNRESOLVED_NOT_IN_REGISTRY
Rhinella_marina,Rhinella_marina,,Rhinella,UNRESOLVED_NOT_IN_REGISTRY
Smilisca_phaeota,Smilisca_phaeota,,Smilisca,UNRESOLVED_NOT_IN_REGISTRY
