individual_id,species,species_id,n_images
Hyloxalus_picachos::NOOBS_bmc_campo_02,Hyloxalus_picachos,ANU_COL_HYLO_PIC_001,1
Hyloxalus_picachos::NOOBS_bmc_campo_fotografo_03,Hyloxalus_picachos,ANU_COL_HYLO_PIC_001,1
Hyloxalus_picachos::NOOBS_bmc_diagnostica_01,Hyloxalus_picachos,ANU_COL_HYLO_PIC_001,1
Hyloxalus_picachos::NOOBS_bmc_retrato_04,Hyloxalus_picachos,ANU_COL_HYLO_PIC_001,1
Hyloxalus_picachos::297476356,Hyloxalus_picachos,ANU_COL_HYLO_PIC_001,1
Hyloxalus_picachos::297476358,Hyloxalus_picachos,ANU_COL_HYLO_PIC_001,1
Hyloxalus_picachos::297476360,Hyloxalus_picachos,ANU_COL_HYLO_PIC_001,1
Hyloxalus_picachos::297476362,Hyloxalus_picachos,ANU_COL_HYLO_PIC_001,1
Hyloxalus_picachos::297476363,Hyloxalus_picachos,ANU_COL_HYLO_PIC_001,1
Hyloxalus_picachos::299076534,Hyloxalus_picachos,ANU_COL_HYLO_PIC_001,1
Hyloxalus_picachos::299081593,Hyloxalus_picachos,ANU_COL_HYLO_PIC_001,1
Hyloxalus_picachos::NOOBS_dendrowiki_5669,Hyloxalus_picachos,ANU_COL_HYLO_PIC_001,1
Hyloxalus_picachos::NOOBS_dendrowiki_5670,Hyloxalus_picachos,ANU_COL_HYLO_PIC_001,1
Hyloxalus_picachos::NOOBS_dendrowiki_5671,Hyloxalus_picachos,ANU_COL_HYLO_PIC_001,1
Hyloxalus_picachos::NOOBS_dendrowiki_5672,Hyloxalus_picachos,ANU_COL_HYLO_PIC_001,1
Sachatamia_electrops::156488742,Sachatamia_electrops,,3
Sachatamia_electrops::19467476,Sachatamia_electrops,,3
Sachatamia_electrops::197884576,Sachatamia_electrops,,7
Sachatamia_electrops::197927794,Sachatamia_electrops,,4
Sachatamia_electrops::25388999,Sachatamia_electrops,,1
Sachatamia_electrops::324593666,Sachatamia_electrops,,3
Sachatamia_electrops::34660191,Sachatamia_electrops,,6
Sachatamia_electrops::NOOBS_IMG-20251013-WA0387,Sachatamia_electrops,,1
Sachatamia_electrops::NOOBS_IMG-20251013-WA0388,Sachatamia_electrops,,1
Sachatamia_electrops::NOOBS_IMG-20251013-WA0390,Sachatamia_electrops,,1
Sachatamia_electrops::NOOBS_IMG-20251013-WA0397,Sachatamia_electrops,,1
Sachatamia_electrops::NOOBS_IMG-20251013-WA0398,Sachatamia_electrops,,1
Sachatamia_electrops::NOOBS_IMG-20251205-WA0056,Sachatamia_electrops,,1
Sachatamia_electrops::NOOBS_IMG-20260409-WA0121,Sachatamia_electrops,,1
Sachatamia_electrops::NOOBS_large (1),Sachatamia_electrops,,1
Sachatamia_electrops::NOOBS_large (3),Sachatamia_electrops,,1
Sachatamia_electrops::NOOBS_large (4),Sachatamia_electrops,,1
Sachatamia_electrops::NOOBS_large,Sachatamia_electrops,,1
Sachatamia_electrops::NOOBS_Sachatamia_electrops,Sachatamia_electrops,,1
