observation_id,species,n_images,image_paths,individual_count,source
NOOBS_bmc_campo_02,Hyloxalus_picachos,1,bmc_campo_02.jpg,1,no_observation_id_1_photo_1_unit
NOOBS_bmc_campo_fotografo_03,Hyloxalus_picachos,1,bmc_campo_fotografo_03.jpg,1,no_observation_id_1_photo_1_unit
NOOBS_bmc_diagnostica_01,Hyloxalus_picachos,1,bmc_diagnostica_01.jpg,1,no_observation_id_1_photo_1_unit
NOOBS_bmc_retrato_04,Hyloxalus_picachos,1,bmc_retrato_04.jpg,1,no_observation_id_1_photo_1_unit
297476356,Hyloxalus_picachos,1,col_obs_297476356_photo_535741216.jpg,1,iNaturalist_col_obs
297476358,Hyloxalus_picachos,1,col_obs_297476358_photo_535741206.jpg,1,iNaturalist_col_obs
297476360,Hyloxalus_picachos,1,col_obs_297476360_photo_535741247.jpg,1,iNaturalist_col_obs
297476362,Hyloxalus_picachos,1,col_obs_297476362_photo_535741214.jpg,1,iNaturalist_col_obs
297476363,Hyloxalus_picachos,1,col_obs_297476363_photo_535741237.jpg,1,iNaturalist_col_obs
299076534,Hyloxalus_picachos,1,col_obs_299076534_photo_538760273.jpg,1,iNaturalist_col_obs
299081593,Hyloxalus_picachos,1,col_obs_299081593_photo_538800498.jpg,1,iNaturalist_col_obs
NOOBS_dendrowiki_5669,Hyloxalus_picachos,1,dendrowiki_5669.jpg,1,no_observation_id_1_photo_1_unit
NOOBS_dendrowiki_5670,Hyloxalus_picachos,1,dendrowiki_5670.jpg,1,no_observation_id_1_photo_1_unit
NOOBS_dendrowiki_5671,Hyloxalus_picachos,1,dendrowiki_5671.jpg,1,no_observation_id_1_photo_1_unit
NOOBS_dendrowiki_5672,Hyloxalus_picachos,1,dendrowiki_5672.jpg,1,no_observation_id_1_photo_1_unit
156488742,Sachatamia_electrops,3,col_obs_156488742_photo_270601921.jpg;col_obs_156488742_photo_270602005.jpg;col_obs_156488742_photo_270602393.jpg,1,iNaturalist_col_obs
19467476,Sachatamia_electrops,3,col_obs_19467476_photo_29951899.jpg;col_obs_19467476_photo_29951910.jpg;col_obs_19467476_photo_29951924.jpg,1,iNaturalist_col_obs
197884576,Sachatamia_electrops,7,col_obs_197884576_photo_348644841.jpg;col_obs_197884576_photo_348644853.jpg;col_obs_197884576_photo_348644865.jpg;col_obs_197884576_photo_348644873.jpg;col_obs_197884576_photo_348644883.jpg;col_obs_197884576_photo_348644894.jpg;col_obs_197884576_photo_348644910.jpg,1,iNaturalist_col_obs
197927794,Sachatamia_electrops,4,col_obs_197927794_photo_348731209.jpg;col_obs_197927794_photo_348731230.jpg;col_obs_197927794_photo_348731255.jpg;col_obs_197927794_photo_348731295.jpg,1,iNaturalist_col_obs
25388999,Sachatamia_electrops,1,col_obs_25388999_photo_39312678.jpg,1,iNaturalist_col_obs
324593666,Sachatamia_electrops,3,col_obs_324593666_photo_587620730.jpg;col_obs_324593666_photo_587620799.jpg;col_obs_324593666_photo_587620944.jpg,1,iNaturalist_col_obs
34660191,Sachatamia_electrops,6,col_obs_34660191_photo_54573892.jpg;col_obs_34660191_photo_54574016.jpg;col_obs_34660191_photo_54574021.jpg;col_obs_34660191_photo_54574026.jpg;col_obs_34660191_photo_54574032.jpg;col_obs_34660191_photo_54574034.jpg,1,iNaturalist_col_obs
NOOBS_IMG-20251013-WA0387,Sachatamia_electrops,1,IMG-20251013-WA0387.jpg,1,no_observation_id_1_photo_1_unit
NOOBS_IMG-20251013-WA0388,Sachatamia_electrops,1,IMG-20251013-WA0388.jpg,1,no_observation_id_1_photo_1_unit
NOOBS_IMG-20251013-WA0390,Sachatamia_electrops,1,IMG-20251013-WA0390.jpg,1,no_observation_id_1_photo_1_unit
NOOBS_IMG-20251013-WA0397,Sachatamia_electrops,1,IMG-20251013-WA0397.jpg,1,no_observation_id_1_photo_1_unit
NOOBS_IMG-20251013-WA0398,Sachatamia_electrops,1,IMG-20251013-WA0398.jpg,1,no_observation_id_1_photo_1_unit
NOOBS_IMG-20251205-WA0056,Sachatamia_electrops,1,IMG-20251205-WA0056.jpg,1,no_observation_id_1_photo_1_unit
NOOBS_IMG-20260409-WA0121,Sachatamia_electrops,1,IMG-20260409-WA0121.jpg,1,no_observation_id_1_photo_1_unit
NOOBS_large (1),Sachatamia_electrops,1,large (1).jpg,1,no_observation_id_1_photo_1_unit
NOOBS_large (3),Sachatamia_electrops,1,large (3).jpg,1,no_observation_id_1_photo_1_unit
NOOBS_large (4),Sachatamia_electrops,1,large (4).jpg,1,no_observation_id_1_photo_1_unit
NOOBS_large,Sachatamia_electrops,1,large.jpg,1,no_observation_id_1_photo_1_unit
NOOBS_Sachatamia_electrops,Sachatamia_electrops,1,Sachatamia_electrops.jpg,1,no_observation_id_1_photo_1_unit
