species,file,sha256,leakage_detected
Scinax_rostratus,102423919_171208426.jpg,64763d1c5b112dce78f571de3204dd37e81a6db6df50cff6a174c3aff357ba70,False
Scinax_rostratus,103274788_172804318.jpg,613e9894e17a5bfe2bcaa82407fe8649d5c29367766b4f1f6b9a5cf7eeacb285,False
Scinax_rostratus,104529495_175167937.jpg,8b7ebe086a4c878b419dc32e0e3cb6ce8d91e3d9c524319ae2c4e2efb86a9939,False
Scinax_rostratus,104638035_175376842.jpg,edb15f338fb21645c04dc9d2711495f973fc99fc4ae9aa9d912c5683c1f18b5d,False
Scinax_rostratus,109849315_185216210.jpg,449270059bbca216c4d9450d5b48bbeb324b4807fb9b1eb5d9fd2a0fcb827fbe,False
Scinax_rostratus,112780386_190517465.jpg,6e22e22f0ad7d9ab384df046885996df0db5eb4d032bdc4f66297f6d719b7615,False
Scinax_rostratus,113054335_191012470.jpg,cc7a098ebb6ccb9cb97c4e0cc7fb240c05725d7d0bc10126a27391ba9590df81,False
Scinax_rostratus,115771905_195406898.jpg,145c1dadd50dd888d0415a7a4a6e35ab4681369ef2fa850ed23aee3ce5b84b8c,False
Scinax_rostratus,131275222_223374263.jpg,4bfd0cc821fa564b61d76485751927ec9e0ff3892f098e0d8dd343c661ddb6b1,False
Scinax_rostratus,141925767_243241362.jpg,4e0e9d88b53e37adadc8d091324ed1321447358b1701fdc0e60801128acae76c,False
Scinax_rostratus,14690838_21902414.jpg,d2e5679fdd75fbf1fe4ea33982d9cd3b3716b79a61435cd1878ad888f386837f,False
Scinax_rostratus,147146620_253140977.jpg,0ea7b7498d11117baaf87858344c2ae1ea2776ac8a96b9ab46c849835440f9a8,False
Scinax_rostratus,147147338_253146586.jpg,267e568fa157f4fbcd46e619aa3e8e26643a7793706602121e3af77d9f888b75,False
Scinax_rostratus,147987413_254753761.jpg,f712c1d93952a0090f47bcd8e5f9fa316b306b3934bf7aa105d7120aef9c1c8f,False
Scinax_rostratus,156337032_270324151.jpg,1b1a4b2835ba406dcccb9bb5c41e49de975566bb78880c724b3e928baf9e7870,False
Scinax_rostratus,156488726_270600279.jpg,c5b90b6ff5d457fde2ca54506b1464153a98164d55dc3ea67eb8b9bb80e68eff,False
Scinax_rostratus,156494168_270608841.jpg,c0725ae8a29e628eeac0deef8e8877b7f982b3064c2e291e2c45f0d1b0416178,False
Scinax_rostratus,159346463_275304605.jpg,c6a590af514cc5b4453a2b13a426ef539d50a69a78e84580602a5b340e9613ef,False
Scinax_rostratus,162552841_281077849.jpg,4c38ede92d92502ec4bf916c109851f9486e41aed80d2c913d81a0e5ae7e8c9a,False
Scinax_rostratus,165093205_285735195.jpg,aee6a870ed93693c287e3dc6508e81bbc2dfa485bbd24f7c64aabde5967d3385,False
Scinax_rostratus,165143210_285828806.jpg,e0dbea769692dd19c9b45799fec124097de3cb8c08e2dcab03fcbd9d0794b2d9,False
Scinax_rostratus,168197808_291460745.jpg,59a252d5872e877613dadbbc38c6595fa075f1a012e32ba4f7e26877c0e7d489,False
Scinax_rostratus,182294644_317815915.jpg,bd14300ca3d1f65d7726ad5669e639d82a0e50d28402786999f682b3bbf4c099,False
Scinax_rostratus,184473650_322016655.jpg,4ca79183af3683ff105ae6c755fb0cfd583acdcc795001dbbc107e7f029cfd5e,False
Scinax_rostratus,18571868_28415733.jpg,7ebf8e567e39604ca2dad1ab8cdaaf84cf8a4520682d414fade9eb11f74d874d,False
Scinax_rostratus,187985854_328880390.jpg,812a9f2caa2623a26f66769d666fa683fa26fcfb70b0a38296b880da096764fd,False
Scinax_rostratus,198207990_349294951.jpg,242d8098c6a8f92695761e4aca165495dd273aa8e113e67bf41fab752e1d0b78,False
Scinax_rostratus,198614031_350103213.jpg,09f7c0de833ce9e4a7544fa1bbf9274112053a3ab8aafa2e89fc9ad613b874aa,False
Scinax_rostratus,200920431_354577702.jpg,89ba0c6725e82bd4ab4e4fd0635db67e2196a24dc5fa8ceabaac727d0982fa92,False
Scinax_rostratus,202157104_356982849.jpg,3f406156e34098917731881458f97ce7d18026b333cb0d86faeaa2e17305e86c,False
Scinax_rostratus,202157106_356982966.jpg,d52f70caf6f55c73935e64ea62134b26c4688a9b32a0b9a47d81eaf83c6e5f51,False
Scinax_rostratus,202157111_356983118.jpg,926574d86e7f2d5d8a54b75dbab9ccd7169c52c7d2256416496c1c25cf5245e9,False
Scinax_rostratus,204082371_360673366.jpg,2300175d17e0ba162ccb8b95a3ccb72d6bdfe95dafe3f203f9897a23a044ccc5,False
Scinax_rostratus,223575913_396162198.jpg,4f651cd4b34fe860858fc4ec253cf82b558caeee6aee5069a63400744ec8c8cf,False
Scinax_rostratus,242872482_433015325.jpg,264a92bb3c88c267bdbee85130b0d4d61ad4649a1cabbc0dfa7a501994434915,False
Scinax_rostratus,250169662_447353546.jpg,937e5dc4edca7798595a0a7699592234dc7b52f87cfef8ca676a4358d4700cb8,False
Scinax_rostratus,256178366_459248691.jpg,2268b79c96534ac2ba1b321a3dc50a18cc5cefe78658309bfb577c599e9e740e,False
Scinax_rostratus,256830914_460576462.jpg,04bbbf956efca01b7883a828ca16e0360aa7b86c979f6b093a08593202661b13,False
Scinax_rostratus,256908603_460732850.jpg,6f9cc4e8463b770f6e722ae1288b77e5f491b950f2d311c30666ceb4cf49da5a,False
Scinax_rostratus,257175905_461286768.jpg,b35f6fbfafc3ef3a5394003517e28adc469a899a660728792f8466eee03e9403,False
Scinax_rostratus,261281585_469376729.jpg,365b33fe876b84dc4b9260ae3c5650e0851c0f9cc46fe0a2e30035a364f64f1b,False
Scinax_rostratus,263112219_472615580.jpg,6f8f12d30971ee2be70cbfaae3101abcd7f0718b0bf919ef3bef68cc8de34aed,False
Scinax_rostratus,267964702_481612762.jpg,530417e1286ef636da99decfb45418ee7e6f4a8c32ca5517c65205a1af7992a8,False
Scinax_rostratus,269812450_485168864.jpg,741a12a07112f0ea4a2475f09b40e2fad6aa30ce2be180c46af9908aa9db0061,False
Scinax_rostratus,272894487_490959916.jpg,d8c358eeb6d8259cca25de6b362b7601e2ce4ebd8ff72ac7e0f1f9ff76a87672,False
Scinax_rostratus,280869799_504493960.jpg,a8c2d6182eb0fa4003b4348f4525084f28201c94e76e17b058a8237b0a4a1851,False
Scinax_rostratus,281248916_505207784.jpg,47a638e8faae56f2554afdd214c4820eb64e99131fdd99e523e68a8ff95c46bf,False
Scinax_rostratus,28197633_43938591.jpg,44a3002d11db724c5a73f4366170b2c3bf871ee2ce05d6c9645f1e8a373d5cce,False
Scinax_rostratus,299720895_539975816.jpg,8478e832d7dcde17070e76ea402e326c96b6640c70b8e645378d0a72d82ed920,False
Scinax_rostratus,302427854_545031182.jpg,60594e0c09f2cfcdefda5f7264f179ebf987b3b23dcf84d456623bbfb6229aa9,False
Scinax_rostratus,306635632_552995407.jpg,2279cdd813d3b3a2aba85cc9a04312bcc8904f7151724e95634d0d86e83c8dfb,False
Scinax_rostratus,30786556_48117916.jpg,0d252b528c07fb017ab26bc8137b975ede865ab6ff3ebec21bfb9ad8053bedc2,False
Scinax_rostratus,309493247_558485232.jpg,a70cf9ebdc6912ead52f87ef04e76b5afa8ff40272ba8ec541c94a2b099dca70,False
Scinax_rostratus,318467078_575574685.jpg,94e00ac05353ea8f57e11e7d9ec3b2d21ee5365d14b81c643b5373f7e257e75e,False
Scinax_rostratus,318468359_575576931.jpg,210120ff98100a9d4654516f517530b8b8bc0276b002a3cb19b358d7a36ddcbd,False
Scinax_rostratus,322881099_584178218.jpg,41cd863a8795e42e5c787267ca049984aa2da6e86188da6f8c2f8eca2d580441,False
Scinax_rostratus,325753825_589853059.jpg,7a87ffa3728b9e0ffe29ea9bc5b7cf1305606d1fa96cec3f26dba33650f841ff,False
Scinax_rostratus,326864233_592064353.jpg,9f84d38d449a1bbd482b2fec57b394753b9307c8c26304400907a3ae8c239633,False
Scinax_rostratus,328281692_594835457.jpg,cde5e16cc8d3302b897ae641dcc88efc0973f5fce2a8c237ef1c5f4d6ac44a59,False
Scinax_rostratus,330054323_598411829.jpg,a36f3a93f61ea5398517ec6ba577a52fcf3c443327565ab1f1ad320de47fed1e,False
Scinax_rostratus,332203439_602829634.jpg,66de2642ff4a0dc8aa2861b139ac73c9f4bdc5d63c2dd8a3895bfdc7df1ed431,False
Scinax_rostratus,333015562_604497002.jpg,a05cc7c53fe48665b256e2790ee04b5735310e5804a9a38827ab9b008f620ad1,False
Scinax_rostratus,333299933_606179151.jpg,6cd640014dfbfb18979962e0073c40c3a377dc0d52426caab244a19f013976cd,False
Scinax_rostratus,333461850_605402079.jpg,1947f1a8216f35358fcf953459a93cd26ac321d998a679fba1a62ab3d9e0ef34,False
Scinax_rostratus,336977094_612475322.jpg,0d692ac6532e367933c91f9085d0097b5ab5f4ad563488462219a04e73052a74,False
Scinax_rostratus,339456680_617524142.jpg,7070b0d30ffae680ad6fc315b6f80e54b3f9593221aad24539e70646070ced97,False
Scinax_rostratus,340944944_620553933.jpg,82310f563651a97fd26b40e76152cd1f51d3d1ae18040234d8bc95989a50b364,False
Scinax_rostratus,341392094_630995180.jpg,df0c88ce120237ad43559e4d6eebdc9c0da77a2807b484fcfefc7fd9c51dd943,False
Scinax_rostratus,341398662_631083125.jpg,91db4c8fa8c7e49772e7fb24a5df2d8e07c54a2a48499a9d7c9895463e0fc519,False
Scinax_rostratus,343185262_625087410.jpg,bf9beda4f0d80e182e8d97e9235492afe600e8f402a3079d75b3d4f70c369d29,False
Scinax_rostratus,350165035_638864656.jpg,b019e6a11a7e6e8d3a15f6c8d24c75220136b083b0533af033b42d5d91294b07,False
Scinax_rostratus,350689670_639894905.jpg,2c4cfb53022545de2c0dfb8cfab73bae8ca5d6ce50cfa34dea02482424d9ba30,False
Scinax_rostratus,358701085_654380212.jpg,d1f24071bf11d1ddba0879569f45e833c1fb3684e163cab8e7ccec0386259bc1,False
Scinax_rostratus,36063608_56958359.jpg,61f02a427b0653ee574b530d5ae52f7ded7cb8ea7f79b68174cd32cbe2a3a8c6,False
Scinax_rostratus,362042548_660760579.jpg,9ee858e3c181e133ebb96a2cd99f54e2f9bff07ca54ebba3238ce69e81c45d3c,False
Scinax_rostratus,368364787_672792532.jpg,7056fd6f3d4bc8c8b7fd6714e0a9fc4d0902c82bf2291047e757290004d63321,False
Scinax_rostratus,37020013_58616459.jpg,3113100cbd55f5c3ae3e9145e7dd88504f7408ff3b209f6fac5ccd43933d83ee,False
Scinax_rostratus,37266952_59049672.jpg,ed40e26d275706ab8558492013a6c262982ae6b702329b18e6a07fad18718584,False
Scinax_rostratus,375142893_685766260.jpg,7437add03770e82d96eded98d45ec30c54a9626ab9c524b35e5d2968caa7139e,False
Scinax_rostratus,37860244_60101599.jpg,a0dc5860f803a553ea4258aa78e33e42fe5efa4f9f89eba244185aee7fd2b6ae,False
Scinax_rostratus,381865375_698773055.jpg,55ca5f7d91d051c26339e92a8c3713f826b76c9245c98a2fb3d91652aaf12690,False
Scinax_rostratus,38590436_61352129.jpg,bb47bdcc0ee7cc999075e71f6874d66a10cebcf75b99aaf9520804f0701d4ada,False
Scinax_rostratus,386718994_708077567.jpg,eba595c6294cc835f2549c970e2b5ad3c664f4ef49bde35e4d3a2f659202e476,False
Scinax_rostratus,387291388_709179291.jpg,655dc8ae25ebea423bf87429aa14f5ea1ee6c8e3f47784927dea55fab2623a16,False
Scinax_rostratus,389619203_713698863.jpg,c8333cd393908df7ba3b2aa9716068912ab47c66e678808d3031e2e8828954e0,False
Scinax_rostratus,390781958_715974292.jpg,d36dc8934bb1c6ac5b4c3ba7357ef72d0ff77d3d4d2e1ab51fb38ce369453a78,False
Scinax_rostratus,39424380_62541293.jpg,172437a8c23ad8901a7fe3c20cb6ca62238fcc7c3b15b756f3e54187458d1e29,False
Scinax_rostratus,39478037_62639876.jpg,6ade2d9676646c4a07a7527e464ce52076bf208c1ba928e0770d1da9cd6ad755,False
Scinax_rostratus,39537046_62736290.jpg,1c78195d180882a2fcf63be8107e8e7945dae0cce3f7a70609b3658a621fe070,False
Scinax_rostratus,39977196_63481960.jpg,a6cb7dd22cddca988059b0280c172b45f267d3ccc3b0951b6aa39df99c5bb693,False
Scinax_rostratus,41771017_66274465.jpg,70608bf64906f5299a53f29156994ec901a3f1ce570ab5bea58556be265eacdc,False
Scinax_rostratus,43628637_69210674.jpg,47fd1f691eda6236a01ab71ebb23e7995211813c453e6761ef9242c7ef7475a3,False
Scinax_rostratus,53124451_84479616.jpg,f3d5ce40067ab42a312c5b00e5d3619338708b5cbb696af77852aad6e88d90ad,False
Scinax_rostratus,53124475_84479848.jpg,8537d5f0d1e5420ab9c7e6b63efe7de9c5761e630c398007c3a42235b6995507,False
Scinax_rostratus,53292071_84752352.jpg,bb623e3ae8e6a9341bf704ddecdc78f91884cbb17ecb46c5ff0283f408c8024c,False
Scinax_rostratus,70004552_113715544.jpg,1287e5faf486c6e844a58a97c77cf0de73ddf9c5667edf3e610a8e0b31840b00,False
Scinax_rostratus,78412495_128322898.jpg,5b5c1bd3222261cf200de6d2277ee2bac5e0df0887090c9cff5f7644c773f2f5,False
Scinax_rostratus,80448302_131854799.jpg,33a4a1dfd1f8f282f583cb0d580c15b904a76e5034730d1056105729134b28d8,False
Scinax_rostratus,93085435_154223542.jpg,e045e321066743aa11a11832c529cf8b820e0869879a21e33df2fd2f2721bbfc,False
Scinax_rostratus,95055185_157758912.jpg,af5661dea9dd4f1fc6230284d68fba4c195c38735c502696e964934fd55e555f,False
Craugastor_metriosistus,271820735_488972285.jpg,2730656824682f3c75f6fac1dc2eeec54e57ea242aef92eaf19cccc8fbf0219c,False
Craugastor_metriosistus,271820741_488972372.jpg,8b58dcf1e8905c3f42821b14a046e4dcd407bbe0556bd42cd4920435083670b6,False
Craugastor_metriosistus,271820742_488972396.jpg,45b364cbafd5acfc10b77739399177b9f00fc326a3b3ec842eddb364f9c30ba6,False
Craugastor_metriosistus,271820743_488972411.jpg,9e53ad55b1ee67d18ad44d5be2ab42cd8e53c696ac671e0077a58ddad89c736d,False
Craugastor_metriosistus,271820747_488972452.jpg,9b8fe833d6d0a45208d27649eb7740d32ac3ad211d4746b808e01a2940f9b1f9,False
Craugastor_metriosistus,274604596_493634137.jpg,7580830a101c85db3d6361bedab95961726643c11149ad94c883a618a6de0e20,False
Craugastor_metriosistus,276009336_495771618.jpg,f9fb9a0b677d9db762e2e30fbcb618561cb281023418d81c73c06f3e97fa82f3,False
Craugastor_metriosistus,281128300_504979603.jpg,4d8f0478066fbba2674ca4211b1393d16cac8738fff91e0f8309c14840c2accc,False
Craugastor_metriosistus,281250336_505210581.jpg,9defea7298d46abe49e48a556ed020a20b4d248c2ed62284db3248f767a9881d,False
Craugastor_metriosistus,288724385_519257778.jpg,a786bec92631e151bda9bd420edab427296f0d288c87c62b7864026540b27bdc,False
Craugastor_metriosistus,293893104_528945355.jpg,74aa6dcb91ff73861333edba56e6bca9bc4173f83421137061208a2757806f94,False
Craugastor_metriosistus,294491842_530053156.jpg,b98f88104499fb19a95ebe1440a3f3aaec149e9ee52512f3d5fe433a32f09ba4,False
Craugastor_metriosistus,298319469_537341023.jpg,4df2cf94b8a05287ea00fdf63cbc720fb5641c5b600b2d8df3c7208e4aa6a61e,False
Craugastor_metriosistus,302758791_545642057.jpg,69d6da0a32b9e748131fd75dde0b7dd6b88055147545a226befabbf0619127e3,False
Craugastor_metriosistus,309872681_559220756.jpg,57e2c3218c079dedee66beb91adb4affb96129148dedb032469766e5463c0e7b,False
Craugastor_metriosistus,317407555_573547556.jpg,50cca68c4d0f6b74df7a84658aa97da7b4f560c6a44489698fd028bba41b783f,False
Craugastor_metriosistus,317432021_573595837.jpg,83571f748216a89e768707ff9edc7e48e61aae78452ef2856b44a1f9c080c0da,False
Craugastor_metriosistus,317914157_574518836.jpg,19dfbac1185f791227a5e3a45d389da1c86c95065c3eadbd8f4bcaf6d4581812,False
Craugastor_metriosistus,318466281_575573402.jpg,b2e5b18384006e4c566f573ccf2b758a2767941c7adaea50ca487ad88cbd17f0,False
Craugastor_metriosistus,318468991_575578107.jpg,928fc36f320186a24d1775fb4c41458c716afb9ad6f2bf9eaec1136b74c53f19,False
Craugastor_metriosistus,323823094_586000136.jpg,51dac4871b4d934f354f006b3636f071efefa2765be2bb34539b52c30a16b880,False
Craugastor_metriosistus,324844014_588047863.jpg,3cbfca2256aafc6cecd83075c00b24f0b7cd64038b8627a784441ec03fba45aa,False
Craugastor_metriosistus,327524388_593383198.jpg,4d590d2a7f6389c65b4eaeb04cfcf3f999ea16ad65b3e0a1587709e91f3b0849,False
Craugastor_metriosistus,329262318_596803040.jpg,a05599aa5fda3bfa40678887c6b93506836a542ccc80f2bcbdae834d0b668ee0,False
Craugastor_metriosistus,333787226_606011094.jpg,45f1e21807ba5045451ccb5c83da38ae0da5d0f1252bb32b9bcd109b601448e9,False
Craugastor_metriosistus,334781112_608033550.jpg,467ed60735dd184d8ff437224ebdc64ba1d1a2a147b1b52b50be46ab1768b58c,False
Craugastor_metriosistus,335327894_609147470.jpg,70b7d448dc35436907fe7cb3a6ef342f2dc9a7dce11ec2ea53a961d5b008cdf9,False
Craugastor_metriosistus,335424201_609341636.jpg,e312a40aaa46c80e1b7b91b36912a0100183ed9418d75930b63dcd4a075b39f8,False
Craugastor_metriosistus,336305494_611111607.jpg,793c7b47e983ea03de501e397fd3116591b1f024a0901debfcc03c53eb4c7abb,False
Craugastor_metriosistus,336501537_611504990.jpg,0e0d34ba9576724e2df2b60d7eefdd3b6f340d0e013923f8c5caf8cc7fec3835,False
Craugastor_metriosistus,336509962_611520224.jpg,f88f6fd69a457733a7c20e70786de61ce9c64ea3ea6e277cd09a410ef8f8f876,False
Craugastor_metriosistus,337152557_612833433.jpg,cb3564f8a078509dc838bdd64ebf7b15dcf7dfb41128ae09071c9613dbe9238d,False
Craugastor_metriosistus,337670574_613897656.jpg,38fd0074e93c13406e4ffad1d865495aec12e422a259b3ec4abe7f82a3f473e1,False
Craugastor_metriosistus,338006893_614586134.jpg,53fb5a093647015250c89fe0cb933bb9db44a657098d5003c55dae303b26cab7,False
Craugastor_metriosistus,338124173_614825720.jpg,3697e25f43bf5e75b7a4e55c48524d677860a93686b972c55fd66d40ee30a60f,False
Craugastor_metriosistus,338800324_616198000.jpg,df7dde1fe91f653f45d56154f38be96d15ae640d25887679134e4f2df466a8f2,False
Craugastor_metriosistus,338889303_616372163.jpg,5405c396062939d5c671bd0d78f83a4a64d3b96aedd3d84b64d6c8645bdc4d52,False
Craugastor_metriosistus,339050470_616690361.jpg,bb3a2490fa2a1ce0108358cfe6f6918edb7cba37b0f8fbc0b666b08099ae7b6d,False
Craugastor_metriosistus,339158374_616915380.jpg,962406fd143c02353afb43d4caba4e63ed99b4d24198b293af71b6421296d41c,False
Craugastor_metriosistus,339182754_616959884.jpg,2706a8fdebfa97ae2db5477eeee767dae1e5ef1ea3528f6e910b8d7578bc1ce5,False
Craugastor_metriosistus,339334381_617276683.jpg,b61acc04825243e299e9cdd654dc405e73afc76e21c0274f3afa41ccde17c7f6,False
Craugastor_metriosistus,340027598_618686880.jpg,757919351a0bf04135e69310586bf0178cf7bdad43d07795c7a34cfba947da1b,False
Craugastor_metriosistus,340529066_619710765.jpg,d0140ec08fa114bc05aef661d2745836a3680653fe61872c26fb3cb090807722,False
Craugastor_metriosistus,341165330_621007392.jpg,d4c116d74f705e98ca23ff3ce44113945166a62db9f44a5cf266133bcd07f5af,False
Craugastor_metriosistus,341255047_621191230.jpg,3b8c3e3db953314aeb043459cf78836ba68cca799d29699a64f9ababe69b380c,False
Craugastor_metriosistus,341388497_631044674.jpg,11cb33acefbfff12aaf8bf9c175125aad8ca2877afa0c30f63fb8e44bcc4b1b7,False
Craugastor_metriosistus,341398641_631104287.jpg,a3361d920223934666958cc78f59eb7a1247977151b2d6fac49fd6ec9d11c1ee,False
Craugastor_metriosistus,341454672_621605997.jpg,e3c72c86a4c42aac7e8a87e11e142c0d9c4429bf51a9f86467ba9fe48408eeb4,False
Craugastor_metriosistus,341614966_624358681.jpg,aec8bd8cc1b99b57c01927c9a4331b44414b86de33e39f5eb29642053e7bd49a,False
Craugastor_metriosistus,341966840_622642706.jpg,bbd4374d5b524e83a0ad3dfcc0804f64d6c7bd17de9210a80ff57438649829b7,False
Craugastor_metriosistus,343564824_625864802.jpg,8149d5da9196847872442965f526deeb98ec7d321ac1076ff054a5c500bc0c04,False
Craugastor_metriosistus,343643327_626023655.jpg,50ced0a8016e7ca56a71d591c6b155461f993c6cab70e2d221f362250de361f9,False
Craugastor_metriosistus,344786893_628255935.jpg,56ce923279ad71dfc0d93df889778d042c4e55f46d83bfe0333cd95d9c915377,False
Craugastor_metriosistus,345099969_628866718.jpg,132245e4a0b5e49268a7493f5d6fa129d107313c8bb1ae928ffb19d101a92aef,False
Craugastor_metriosistus,345204321_629071098.jpg,85eee90be0e80cd85c4529be3879596db332449f6f2c0a1165c95f469ed5bbbb,False
Craugastor_metriosistus,346514335_631658883.jpg,11b4a74abf9f0c48ffeed35c636a589630ac8cfcda4a737b2a6ed0dff3455e74,False
Craugastor_metriosistus,346705696_632028491.jpg,d6eb447175f406bc1209b182821002d964ae090029e3b8487600eefd3e590aff,False
Craugastor_metriosistus,347607506_633822272.jpg,3f7c9b0364d313391b5708135a72361cfaf33ec59f1c1e2998176ab27ec505b4,False
Craugastor_metriosistus,347611201_633832745.jpg,ba2bac17c4ff82272c020cc6307e1ee59783d1f53f8993e5758f42cdebad9507,False
Craugastor_metriosistus,347846167_634300695.jpg,bf90bb51e6daacfd6099927a292dd7ceb7eace2c261b13dc40edd3b8059fb4e3,False
Craugastor_metriosistus,347909870_634424793.jpg,71c1330e41c67dcdd162a3e7a94e8cafbd1331d7a370e44a042a8c3fd044b25e,False
Craugastor_metriosistus,348405042_635406643.jpg,b6b3784b30ab5c1b684ed3e33e6bfa25b72af32f60fe07a07eca4d4e8682d9ef,False
Craugastor_metriosistus,348596744_635301701.jpg,acefb779c1eaef62aeb2f70ec6c4907f8b04b96f19217f7a45ee0c93f84f207a,False
Craugastor_metriosistus,348596771_635301898.jpg,d48d22b1f46c54355e336c3c9d4ce00b3d5ca3f84ddf3803afc5f74d93291c27,False
Craugastor_metriosistus,349669107_637899373.jpg,4e5afcc9e5dbd82b772015bb095289737f8b799bd25aacf62fd8f165fafd53e4,False
Craugastor_metriosistus,349957724_638460810.jpg,8be10b1630d2e80ad0dc840a5f338abd9a65ce56901ced7d3e133371374801a7,False
Craugastor_metriosistus,350521765_639567583.jpg,fdb4c58ee3f5e8856acc2ccb450fb2abd2e09f6f87801b5cd767c06838c7c560,False
Craugastor_metriosistus,356680334_650469153.jpg,9f25acc086bc42276c9591b68caf661f68670af202131b92b2d8252396593ac7,False
Craugastor_metriosistus,359231335_655402752.jpg,2297a454cdaacf3698d60192cceca273111e05f6695ae9187d5a1bef325f0092,False
Craugastor_metriosistus,359372220_655675820.jpg,bbf3b03ec0db00901f48a0f2a8f373f90edd23b24787a666fb85d075bebaea19,False
Craugastor_metriosistus,360984678_658752349.jpg,33cf0e9abeef299b30afb4b04640d8d049293bd2f1adb0b957af2a7ed5e1fa70,False
Craugastor_metriosistus,362038151_660752092.jpg,ac4da54762d3a193392afbfc3551185c02335fba64eba3e4c89a77ebb74bc18d,False
Craugastor_metriosistus,362788795_662711007.jpg,ff65da0e665896521097c65310a19fd8c1c44832cfd07d747c38f2f4d9bb626a,False
Craugastor_metriosistus,363189303_662943380.jpg,a66c3fba171c566136820adc4f72f8ebf8fc33a3b289271c07eff1b3f2b507f4,False
Craugastor_metriosistus,365402755_667138568.jpg,a4dafa23c484e36d49db67cd349a17f7a4118ab1159e508445f014306d257de5,False
Craugastor_metriosistus,366017025_668308090.jpg,de75ef99eebea64814a906097db7a4b0cc301157204e796c5c065578e16c53c0,False
Craugastor_metriosistus,366139058_668536482.jpg,ca222e12f89f4aa7f9cd066e939be9810d60bd5379c2c32d14e619f799bed723,False
Craugastor_metriosistus,366526464_669279752.jpg,9a6e65316005f841a20fde059467713cc14c47c0ec8d3fc467423a0bd171a742,False
Craugastor_metriosistus,366896480_669975056.jpg,49754213aa306c827d2336f64646618956dcec3f578054a20c2f1d2bd168ca8d,False
Craugastor_metriosistus,367429746_671003401.jpg,6f992dc5dedaac19b83966af490d259ff1dd8748c1fd00cac45c8d3e5ea5c6da,False
Craugastor_metriosistus,378912976_693050398.jpg,027cf003bab986d11f5ebcc0ca474b12a8fdd675701ec8dd7fbeff80222ef8ba,False
Craugastor_metriosistus,388882341_712286989.jpg,65df98f9c7e712b7578ff5a8638757e917b23834a9bca208d226eb9220e7ea39,False
Craugastor_metriosistus,392151740_718629881.jpg,9f4dba4ec325d0e89db9436d6756bbad5d0ce433ea33c977fd95e052f732b58b,False
Craugastor_metriosistus,398434297_730899829.jpg,aae5873581a620593b7b1cd07953e61a5a25c8755127d384e719050c8a57ad7e,False
Craugastor_metriosistus,399441112_732837291.jpg,da1b44e0b0011fff90cba40598351fe6ab6bf8f2e860a218d16280cbeb07a1de,False
