observation_id,unknown_file_labialis,unknown_file_status,known_files_molitor,known_files_count
372634674,col_obs_372634674_photo_680943033.jpg,EN_DISCO,col_obs_372634674_photo_680943033.jpg,1
372650690,col_obs_372650690_photo_680971980.jpg,EN_DISCO,col_obs_372650690_photo_680971980.jpg,1
373025436,col_obs_373025436_photo_681683401.jpg,BORRADO_POR_USUARIO,col_obs_373025436_photo_681683401.jpg,1
373092737,col_obs_373092737_photo_681812424.jpg,EN_DISCO,col_obs_373092737_photo_681812424.jpg;col_obs_373092737_photo_681812477.jpg;col_obs_373092737_photo_681812530.jpg,3
373092737,col_obs_373092737_photo_681812477.jpg,BORRADO_POR_USUARIO,col_obs_373092737_photo_681812424.jpg;col_obs_373092737_photo_681812477.jpg;col_obs_373092737_photo_681812530.jpg,3
373092737,col_obs_373092737_photo_681812530.jpg,EN_DISCO,col_obs_373092737_photo_681812424.jpg;col_obs_373092737_photo_681812477.jpg;col_obs_373092737_photo_681812530.jpg,3
373094275,col_obs_373094275_photo_681815521.jpg,BORRADO_POR_USUARIO,col_obs_373094275_photo_681815521.jpg,1
373457992,col_obs_373457992_photo_682516129.jpg,EN_DISCO,col_obs_373457992_photo_682516129.jpg;col_obs_373457992_photo_682516144.jpg;col_obs_373457992_photo_682516168.jpg;col_obs_373457992_photo_682516195.jpg;col_obs_373457992_photo_682516228.jpg;col_obs_373457992_photo_682516262.jpg,6
373457992,col_obs_373457992_photo_682516144.jpg,EN_DISCO,col_obs_373457992_photo_682516129.jpg;col_obs_373457992_photo_682516144.jpg;col_obs_373457992_photo_682516168.jpg;col_obs_373457992_photo_682516195.jpg;col_obs_373457992_photo_682516228.jpg;col_obs_373457992_photo_682516262.jpg,6
373457992,col_obs_373457992_photo_682516168.jpg,BORRADO_POR_USUARIO,col_obs_373457992_photo_682516129.jpg;col_obs_373457992_photo_682516144.jpg;col_obs_373457992_photo_682516168.jpg;col_obs_373457992_photo_682516195.jpg;col_obs_373457992_photo_682516228.jpg;col_obs_373457992_photo_682516262.jpg,6
373457992,col_obs_373457992_photo_682516195.jpg,EN_DISCO,col_obs_373457992_photo_682516129.jpg;col_obs_373457992_photo_682516144.jpg;col_obs_373457992_photo_682516168.jpg;col_obs_373457992_photo_682516195.jpg;col_obs_373457992_photo_682516228.jpg;col_obs_373457992_photo_682516262.jpg,6
373457992,col_obs_373457992_photo_682516228.jpg,EN_DISCO,col_obs_373457992_photo_682516129.jpg;col_obs_373457992_photo_682516144.jpg;col_obs_373457992_photo_682516168.jpg;col_obs_373457992_photo_682516195.jpg;col_obs_373457992_photo_682516228.jpg;col_obs_373457992_photo_682516262.jpg,6
373457992,col_obs_373457992_photo_682516262.jpg,EN_DISCO,col_obs_373457992_photo_682516129.jpg;col_obs_373457992_photo_682516144.jpg;col_obs_373457992_photo_682516168.jpg;col_obs_373457992_photo_682516195.jpg;col_obs_373457992_photo_682516228.jpg;col_obs_373457992_photo_682516262.jpg,6
374130656,col_obs_374130656_photo_683802225.jpg,BORRADO_POR_USUARIO,col_obs_374130656_photo_683802225.jpg,1
376737739,col_obs_376737739_photo_688857231.jpg,EN_DISCO,col_obs_376737739_photo_688857231.jpg,1
378247279,col_obs_378247279_photo_691770162.jpg,EN_DISCO,col_obs_378247279_photo_691770162.jpg;col_obs_378247279_photo_693167418.jpg,2
378247279,col_obs_378247279_photo_693167418.jpg,EN_DISCO,col_obs_378247279_photo_691770162.jpg;col_obs_378247279_photo_693167418.jpg,2
378585244,col_obs_378585244_photo_705829359.jpg,EN_DISCO,col_obs_378585244_photo_705829359.jpg,1
383929385,col_obs_383929385_photo_702740737.jpg,BORRADO_POR_USUARIO,col_obs_383929385_photo_702740737.jpg;col_obs_383929385_photo_702740800.jpg,2
383929385,col_obs_383929385_photo_702740800.jpg,EN_DISCO,col_obs_383929385_photo_702740737.jpg;col_obs_383929385_photo_702740800.jpg,2
383931685,col_obs_383931685_photo_702745227.jpg,EN_DISCO,col_obs_383931685_photo_702745227.jpg,1
383968627,col_obs_383968627_photo_702813953.jpg,EN_DISCO,col_obs_383968627_photo_702813953.jpg,1
383968818,col_obs_383968818_photo_702814428.jpg,EN_DISCO,col_obs_383968818_photo_702814428.jpg,1
385803911,col_obs_385803911_photo_706327013.jpg,EN_DISCO,col_obs_385803911_photo_706327013.jpg,1
386560760,col_obs_386560760_photo_707787787.jpg,EN_DISCO,col_obs_386560760_photo_707787787.jpg,1
386619505,col_obs_386619505_photo_707895722.jpg,EN_DISCO,col_obs_386619505_photo_707895722.jpg;col_obs_386619505_photo_707895764.jpg,2
386619505,col_obs_386619505_photo_707895764.jpg,EN_DISCO,col_obs_386619505_photo_707895722.jpg;col_obs_386619505_photo_707895764.jpg,2
386619505,col_obs_386619505_photo_707895813.jpg,EN_DISCO,col_obs_386619505_photo_707895722.jpg;col_obs_386619505_photo_707895764.jpg,2
386932510,col_obs_386932510_photo_708491555.jpg,EN_DISCO,col_obs_386932510_photo_708491555.jpg,1
387093046,col_obs_387093046_photo_708797758.jpg,EN_DISCO,col_obs_387093046_photo_708797758.jpg,1
388207524,col_obs_388207524_photo_710967797.jpg,EN_DISCO,col_obs_388207524_photo_710967797.jpg,1
388285149,col_obs_388285149_photo_711117204.jpg,EN_DISCO,col_obs_388285149_photo_711117204.jpg,1
389794299,col_obs_389794299_photo_714034734.jpg,EN_DISCO,col_obs_389794299_photo_714034734.jpg,1
390050591,col_obs_390050591_photo_714541951.jpg,EN_DISCO,col_obs_390050591_photo_714541951.jpg,1
391132715,col_obs_391132715_photo_716655386.jpg,EN_DISCO,col_obs_391132715_photo_716655386.jpg,1
394767990,col_obs_394767990_photo_723754405.jpg,EN_DISCO,col_obs_394767990_photo_723754405.jpg,1
394769787,col_obs_394769787_photo_723758430.jpg,EN_DISCO,col_obs_394769787_photo_723758430.jpg,1
394769787,col_obs_394769787_photo_723758484.jpg,EN_DISCO,col_obs_394769787_photo_723758430.jpg,1
394769787,col_obs_394769787_photo_723758535.jpg,EN_DISCO,col_obs_394769787_photo_723758430.jpg,1
394769787,col_obs_394769787_photo_723758571.jpg,EN_DISCO,col_obs_394769787_photo_723758430.jpg,1
394769787,col_obs_394769787_photo_723758613.jpg,EN_DISCO,col_obs_394769787_photo_723758430.jpg,1
394769787,col_obs_394769787_photo_723758658.jpg,EN_DISCO,col_obs_394769787_photo_723758430.jpg,1
395383936,col_obs_395383936_photo_724973807.jpg,EN_DISCO,col_obs_395383936_photo_724973807.jpg;col_obs_395383936_photo_724973851.jpg;col_obs_395383936_photo_724973937.jpg,3
395383936,col_obs_395383936_photo_724973851.jpg,EN_DISCO,col_obs_395383936_photo_724973807.jpg;col_obs_395383936_photo_724973851.jpg;col_obs_395383936_photo_724973937.jpg,3
395383936,col_obs_395383936_photo_724973901.jpg,EN_DISCO,col_obs_395383936_photo_724973807.jpg;col_obs_395383936_photo_724973851.jpg;col_obs_395383936_photo_724973937.jpg,3
395383936,col_obs_395383936_photo_724973937.jpg,EN_DISCO,col_obs_395383936_photo_724973807.jpg;col_obs_395383936_photo_724973851.jpg;col_obs_395383936_photo_724973937.jpg,3
395384588,col_obs_395384588_photo_724975242.jpg,EN_DISCO,col_obs_395384588_photo_724975242.jpg;col_obs_395384588_photo_724975270.jpg;col_obs_395384588_photo_724975307.jpg,3
395384588,col_obs_395384588_photo_724975270.jpg,EN_DISCO,col_obs_395384588_photo_724975242.jpg;col_obs_395384588_photo_724975270.jpg;col_obs_395384588_photo_724975307.jpg,3
395384588,col_obs_395384588_photo_724975307.jpg,EN_DISCO,col_obs_395384588_photo_724975242.jpg;col_obs_395384588_photo_724975270.jpg;col_obs_395384588_photo_724975307.jpg,3
396010025,col_obs_396010025_photo_726189220.jpg,EN_DISCO,col_obs_396010025_photo_726189220.jpg,1
396010056,col_obs_396010056_photo_726189256.jpg,EN_DISCO,col_obs_396010056_photo_726189256.jpg,1
396451584,col_obs_396451584_photo_727182284.jpg,EN_DISCO,col_obs_396451584_photo_727182284.jpg;col_obs_396451584_photo_727182320.jpg,2
396451584,col_obs_396451584_photo_727182320.jpg,EN_DISCO,col_obs_396451584_photo_727182284.jpg;col_obs_396451584_photo_727182320.jpg,2
398344076,col_obs_398344076_photo_730727185.jpg,EN_DISCO,col_obs_398344076_photo_730727185.jpg,1
398756459,col_obs_398756459_photo_731523344.jpg,EN_DISCO,col_obs_398756459_photo_731523344.jpg,1
399325213,col_obs_399325213_photo_732623148.jpg,EN_DISCO,col_obs_399325213_photo_732623148.jpg,1
