especie,archivo,observation_id,estado,en_unknown_embeddings_npz,recomendacion
Dendropsophus_labialis,col_obs_373025436_photo_681683401.jpg,373025436,contaminado_por_bug,SI,EXCLUIR_DEFINITIVAMENTE_DE_PRIMARY
Dendropsophus_labialis,col_obs_373092737_photo_681812477.jpg,373092737,contaminado_por_bug,SI,EXCLUIR_DEFINITIVAMENTE_DE_PRIMARY
Dendropsophus_labialis,col_obs_373094275_photo_681815521.jpg,373094275,contaminado_por_bug,SI,EXCLUIR_DEFINITIVAMENTE_DE_PRIMARY
Dendropsophus_labialis,col_obs_373457992_photo_682516168.jpg,373457992,contaminado_por_bug,SI,EXCLUIR_DEFINITIVAMENTE_DE_PRIMARY
Dendropsophus_labialis,col_obs_374130656_photo_683802225.jpg,374130656,contaminado_por_bug,SI,EXCLUIR_DEFINITIVAMENTE_DE_PRIMARY
Dendropsophus_labialis,col_obs_380176757_photo_695506372.jpg,380176757,limpieza_calidad_normal,SI,EXCLUIR_DEFINITIVAMENTE_DE_PRIMARY
Dendropsophus_labialis,col_obs_380176757_photo_695506421.jpg,380176757,limpieza_calidad_normal,SI,EXCLUIR_DEFINITIVAMENTE_DE_PRIMARY
Dendropsophus_labialis,col_obs_380176757_photo_695506479.jpg,380176757,limpieza_calidad_normal,SI,EXCLUIR_DEFINITIVAMENTE_DE_PRIMARY
Dendropsophus_labialis,col_obs_380176757_photo_695506524.jpg,380176757,limpieza_calidad_normal,SI,EXCLUIR_DEFINITIVAMENTE_DE_PRIMARY
Dendropsophus_labialis,col_obs_383929385_photo_702740737.jpg,383929385,contaminado_por_bug,SI,EXCLUIR_DEFINITIVAMENTE_DE_PRIMARY
Rhinella_marina,col_obs_341976681_photo_622663880.jpg,341976681,limpieza_calidad_normal,SI,EXCLUIR_DEFINITIVAMENTE_DE_PRIMARY
Rhinella_marina,col_obs_343134399_photo_624986285.jpg,343134399,limpieza_calidad_normal,SI,EXCLUIR_DEFINITIVAMENTE_DE_PRIMARY
Rhinella_marina,col_obs_344057562_photo_626841800.jpg,344057562,limpieza_calidad_normal,SI,EXCLUIR_DEFINITIVAMENTE_DE_PRIMARY
Rhinella_marina,col_obs_345750782_photo_630135770.jpg,345750782,limpieza_calidad_normal,SI,EXCLUIR_DEFINITIVAMENTE_DE_PRIMARY
Rhinella_marina,col_obs_345750782_photo_630135788.jpg,345750782,limpieza_calidad_normal,SI,EXCLUIR_DEFINITIVAMENTE_DE_PRIMARY
Rhinella_marina,col_obs_346526020_photo_679418536.jpg,346526020,limpieza_calidad_normal,SI,EXCLUIR_DEFINITIVAMENTE_DE_PRIMARY
Rhinella_marina,col_obs_346526020_photo_679418597.jpg,346526020,limpieza_calidad_normal,SI,EXCLUIR_DEFINITIVAMENTE_DE_PRIMARY
Rhinella_marina,col_obs_347969150_photo_634544326.jpg,347969150,limpieza_calidad_normal,SI,EXCLUIR_DEFINITIVAMENTE_DE_PRIMARY
Rhinella_marina,col_obs_348052086_photo_634711381.jpg,348052086,limpieza_calidad_normal,SI,EXCLUIR_DEFINITIVAMENTE_DE_PRIMARY
Rhinella_marina,col_obs_353627520_photo_645191700.jpg,353627520,limpieza_calidad_normal,SI,EXCLUIR_DEFINITIVAMENTE_DE_PRIMARY
Rhinella_marina,col_obs_353627520_photo_645192024.jpg,353627520,limpieza_calidad_normal,SI,EXCLUIR_DEFINITIVAMENTE_DE_PRIMARY
Rhinella_marina,col_obs_353627520_photo_645192371.jpg,353627520,limpieza_calidad_normal,SI,EXCLUIR_DEFINITIVAMENTE_DE_PRIMARY
Rhinella_marina,col_obs_360973558_photo_658732172.jpg,360973558,limpieza_calidad_normal,SI,EXCLUIR_DEFINITIVAMENTE_DE_PRIMARY
Rhinella_marina,col_obs_363103603_photo_662774811.jpg,363103603,limpieza_calidad_normal,SI,EXCLUIR_DEFINITIVAMENTE_DE_PRIMARY
Rhinella_marina,col_obs_382751066_photo_700469976.jpg,382751066,limpieza_calidad_normal,SI,EXCLUIR_DEFINITIVAMENTE_DE_PRIMARY
Rhinella_marina,col_obs_385119722_photo_705037059.jpg,385119722,limpieza_calidad_normal,SI,EXCLUIR_DEFINITIVAMENTE_DE_PRIMARY
Rhinella_marina,col_obs_385119722_photo_705037394.jpg,385119722,limpieza_calidad_normal,SI,EXCLUIR_DEFINITIVAMENTE_DE_PRIMARY
Rhinella_marina,col_obs_385119922_photo_705037604.jpg,385119922,limpieza_calidad_normal,SI,EXCLUIR_DEFINITIVAMENTE_DE_PRIMARY
Rhinella_marina,col_obs_385119922_photo_705037929.jpg,385119922,limpieza_calidad_normal,SI,EXCLUIR_DEFINITIVAMENTE_DE_PRIMARY
Rhinella_marina,col_obs_385119922_photo_705038290.jpg,385119922,limpieza_calidad_normal,SI,EXCLUIR_DEFINITIVAMENTE_DE_PRIMARY
Rhinella_marina,col_obs_385750002_photo_706219251.jpg,385750002,limpieza_calidad_normal,SI,EXCLUIR_DEFINITIVAMENTE_DE_PRIMARY
Rhinella_marina,col_obs_385750002_photo_706219325.jpg,385750002,limpieza_calidad_normal,SI,EXCLUIR_DEFINITIVAMENTE_DE_PRIMARY
Rhinella_marina,col_obs_385750002_photo_706219392.jpg,385750002,limpieza_calidad_normal,SI,EXCLUIR_DEFINITIVAMENTE_DE_PRIMARY
Rhinella_marina,col_obs_385750002_photo_706219475.jpg,385750002,limpieza_calidad_normal,SI,EXCLUIR_DEFINITIVAMENTE_DE_PRIMARY
Rhinella_marina,col_obs_391427074_photo_717226036.jpg,391427074,limpieza_calidad_normal,SI,EXCLUIR_DEFINITIVAMENTE_DE_PRIMARY
